ImagenFantasma,ASM,512,4896,4896
ImagenFantasma,ASM,512,4114,4114
ImagenFantasma,ASM,512,6188,6188
ImagenFantasma,ASM,512,6018,6018
ImagenFantasma,ASM,512,4556,4556
ImagenFantasma,ASM,512,4046,4046
ImagenFantasma,ASM,512,4012,4012
ImagenFantasma,ASM,512,4012,4012
ImagenFantasma,ASM,512,3978,3978
ImagenFantasma,ASM,512,4046,4046
ImagenFantasma,ASM,512,3978,3978
ImagenFantasma,ASM,512,4046,4046
ImagenFantasma,ASM,512,4012,4012
ImagenFantasma,ASM,512,4012,4012
ImagenFantasma,ASM,512,4012,4012
ImagenFantasma,ASM,512,4046,4046
ImagenFantasma,ASM,512,4012,4012
ImagenFantasma,ASM,512,4012,4012
ImagenFantasma,ASM,512,3978,3978
ImagenFantasma,ASM,512,4046,4046
ImagenFantasma,ASM,512,3978,3978
ImagenFantasma,ASM,512,4046,4046
ImagenFantasma,ASM,512,4012,4012
ImagenFantasma,ASM,512,4012,4012
ImagenFantasma,ASM,512,4012,4012
ImagenFantasma,ASM,512,4012,4012
ImagenFantasma,ASM,512,3978,3978
ImagenFantasma,ASM,512,4046,4046
ImagenFantasma,ASM,512,3978,3978
ImagenFantasma,ASM,512,4012,4012
ImagenFantasma,ASM,512,3978,3978
ImagenFantasma,ASM,512,4012,4012
ImagenFantasma,ASM,512,4012,4012
ImagenFantasma,ASM,512,4012,4012
ImagenFantasma,ASM,512,4012,4012
ImagenFantasma,ASM,512,4046,4046
ImagenFantasma,ASM,512,3978,3978
ImagenFantasma,ASM,512,4046,4046
ImagenFantasma,ASM,512,3978,3978
ImagenFantasma,ASM,512,4046,4046
ImagenFantasma,ASM,512,4012,4012
ImagenFantasma,ASM,512,4046,4046
ImagenFantasma,ASM,512,3978,3978
ImagenFantasma,ASM,512,4012,4012
ImagenFantasma,ASM,512,4012,4012
ImagenFantasma,ASM,512,4012,4012
ImagenFantasma,ASM,512,3978,3978
ImagenFantasma,ASM,512,4012,4012
ImagenFantasma,ASM,512,3978,3978
ImagenFantasma,ASM,512,4012,4012
ImagenFantasma,ASM,512,4012,4012
ImagenFantasma,ASM,512,4012,4012
ImagenFantasma,ASM,512,4012,4012
ImagenFantasma,ASM,512,4012,4012
ImagenFantasma,ASM,512,3978,3978
ImagenFantasma,ASM,512,4012,4012
ImagenFantasma,ASM,512,4012,4012
ImagenFantasma,ASM,512,4012,4012
ImagenFantasma,ASM,512,4012,4012
ImagenFantasma,ASM,512,3978,3978
ImagenFantasma,ASM,512,4012,4012
ImagenFantasma,ASM,512,4012,4012
ImagenFantasma,ASM,512,4012,4012
ImagenFantasma,ASM,512,4012,4012
ImagenFantasma,ASM,512,4012,4012
ImagenFantasma,ASM,512,4012,4012
ImagenFantasma,ASM,512,4012,4012
ImagenFantasma,ASM,512,4012,4012
ImagenFantasma,ASM,512,4012,4012
ImagenFantasma,ASM,512,4012,4012
ImagenFantasma,ASM,512,4012,4012
ImagenFantasma,ASM,512,4012,4012
ImagenFantasma,ASM,512,14076,14076
ImagenFantasma,ASM,512,6358,6358
ImagenFantasma,ASM,512,4046,4046
ImagenFantasma,ASM,512,6426,6426
ImagenFantasma,ASM,512,3978,3978
ImagenFantasma,ASM,512,3978,3978
ImagenFantasma,ASM,512,3978,3978
ImagenFantasma,ASM,512,4012,4012
ImagenFantasma,ASM,512,4012,4012
ImagenFantasma,ASM,512,4012,4012
ImagenFantasma,ASM,512,4046,4046
ImagenFantasma,ASM,512,4012,4012
ImagenFantasma,ASM,512,4964,4964
ImagenFantasma,ASM,512,5032,5032
ImagenFantasma,ASM,512,3978,3978
ImagenFantasma,ASM,512,3978,3978
ImagenFantasma,ASM,512,3978,3978
ImagenFantasma,ASM,512,3978,3978
ImagenFantasma,ASM,512,4012,4012
ImagenFantasma,ASM,512,3978,3978
ImagenFantasma,ASM,512,3978,3978
ImagenFantasma,ASM,512,3978,3978
ImagenFantasma,ASM,512,4012,4012
ImagenFantasma,ASM,512,3978,3978
ImagenFantasma,ASM,512,4012,4012
ImagenFantasma,ASM,512,4012,4012
ImagenFantasma,ASM,512,3978,3978
ImagenFantasma,ASM,512,3978,3978
ImagenFantasma,ASM,512,4012,4012
ImagenFantasma,ASM,512,3978,3978
ImagenFantasma,ASM,512,3978,3978
ImagenFantasma,ASM,512,3978,3978
ImagenFantasma,ASM,512,4012,4012
ImagenFantasma,ASM,512,3978,3978
ImagenFantasma,ASM,512,3978,3978
ImagenFantasma,ASM,512,4012,4012
ImagenFantasma,ASM,512,3978,3978
ImagenFantasma,ASM,512,3978,3978
ImagenFantasma,ASM,512,4012,4012
ImagenFantasma,ASM,512,3978,3978
ImagenFantasma,ASM,512,3978,3978
ImagenFantasma,ASM,512,3978,3978
ImagenFantasma,ASM,512,4012,4012
ImagenFantasma,ASM,512,3978,3978
ImagenFantasma,ASM,512,3978,3978
ImagenFantasma,ASM,512,3978,3978
ImagenFantasma,ASM,512,3978,3978
ImagenFantasma,ASM,512,3978,3978
ImagenFantasma,ASM,512,4012,4012
ImagenFantasma,ASM,512,3978,3978
ImagenFantasma,ASM,512,3978,3978
ImagenFantasma,ASM,512,3978,3978
ImagenFantasma,ASM,512,4012,4012
ImagenFantasma,ASM,512,4046,4046
ImagenFantasma,ASM,512,4012,4012
ImagenFantasma,ASM,512,3978,3978
ImagenFantasma,ASM,512,3978,3978
ImagenFantasma,ASM,512,3978,3978
ImagenFantasma,ASM,512,3978,3978
ImagenFantasma,ASM,512,3978,3978
ImagenFantasma,ASM,512,3978,3978
ImagenFantasma,ASM,512,3978,3978
ImagenFantasma,ASM,512,3978,3978
ImagenFantasma,ASM,512,3978,3978
ImagenFantasma,ASM,512,3978,3978
ImagenFantasma,ASM,512,4012,4012
ImagenFantasma,ASM,512,4012,4012
ImagenFantasma,ASM,512,3978,3978
ImagenFantasma,ASM,512,3978,3978
ImagenFantasma,ASM,512,3978,3978
ImagenFantasma,ASM,512,3978,3978
ImagenFantasma,ASM,512,3978,3978
ImagenFantasma,ASM,512,3978,3978
ImagenFantasma,ASM,512,3978,3978
ImagenFantasma,ASM,512,3978,3978
ImagenFantasma,ASM,512,3978,3978
ImagenFantasma,ASM,512,3978,3978
ImagenFantasma,ASM,512,4012,4012
ImagenFantasma,ASM,512,3978,3978
ImagenFantasma,ASM,512,4012,4012
ImagenFantasma,ASM,512,4012,4012
ImagenFantasma,ASM,512,4012,4012
ImagenFantasma,ASM,512,4012,4012
ImagenFantasma,ASM,512,4012,4012
ImagenFantasma,ASM,512,4012,4012
ImagenFantasma,ASM,512,4012,4012
ImagenFantasma,ASM,512,4012,4012
ImagenFantasma,ASM,512,4012,4012
ImagenFantasma,ASM,512,3978,3978
ImagenFantasma,ASM,512,4012,4012
ImagenFantasma,ASM,512,4012,4012
ImagenFantasma,ASM,512,4012,4012
ImagenFantasma,ASM,512,3978,3978
ImagenFantasma,ASM,512,3978,3978
ImagenFantasma,ASM,512,3978,3978
ImagenFantasma,ASM,512,3978,3978
ImagenFantasma,ASM,512,3978,3978
ImagenFantasma,ASM,512,3978,3978
ImagenFantasma,ASM,512,3978,3978
ImagenFantasma,ASM,512,3978,3978
ImagenFantasma,ASM,512,3978,3978
ImagenFantasma,ASM,512,3978,3978
ImagenFantasma,ASM,512,3978,3978
ImagenFantasma,ASM,512,3978,3978
ImagenFantasma,ASM,512,3978,3978
ImagenFantasma,ASM,512,3978,3978
ImagenFantasma,ASM,512,3978,3978
ImagenFantasma,ASM,512,3978,3978
ImagenFantasma,ASM,512,3978,3978
ImagenFantasma,ASM,512,3978,3978
ImagenFantasma,ASM,512,3978,3978
ImagenFantasma,ASM,512,3978,3978
ImagenFantasma,ASM,512,3978,3978
ImagenFantasma,ASM,512,4012,4012
ImagenFantasma,ASM,512,3978,3978
ImagenFantasma,ASM,512,4012,4012
ImagenFantasma,ASM,512,3978,3978
ImagenFantasma,ASM,512,3978,3978
ImagenFantasma,ASM,512,3978,3978
ImagenFantasma,ASM,512,4012,4012
ImagenFantasma,ASM,512,3978,3978
ImagenFantasma,ASM,512,4012,4012
ImagenFantasma,ASM,512,3978,3978
ImagenFantasma,ASM,512,4012,4012
ImagenFantasma,ASM,512,3978,3978
ImagenFantasma,ASM,512,4012,4012
ImagenFantasma,ASM,512,4012,4012
ImagenFantasma,ASM,512,4012,4012
ImagenFantasma,ASM,512,4012,4012
ImagenFantasma,ASM,512,4012,4012
ImagenFantasma,ASM,512,4012,4012
ImagenFantasma,ASM,512,4012,4012
ImagenFantasma,ASM,512,4012,4012
ImagenFantasma,ASM,512,4012,4012
ImagenFantasma,ASM,512,4012,4012
ImagenFantasma,ASM,512,4012,4012
ImagenFantasma,ASM,512,4012,4012
ImagenFantasma,ASM,512,3978,3978
ImagenFantasma,ASM,512,3978,3978
ImagenFantasma,ASM,512,3978,3978
ImagenFantasma,ASM,512,3978,3978
ImagenFantasma,ASM,512,3978,3978
ImagenFantasma,ASM,512,3978,3978
ImagenFantasma,ASM,512,3978,3978
ImagenFantasma,ASM,512,3978,3978
ImagenFantasma,ASM,512,3978,3978
ImagenFantasma,ASM,512,4012,4012
ImagenFantasma,ASM,512,4012,4012
ImagenFantasma,ASM,512,4012,4012
ImagenFantasma,ASM,512,3978,3978
ImagenFantasma,ASM,512,3978,3978
ImagenFantasma,ASM,512,3978,3978
ImagenFantasma,ASM,512,3978,3978
ImagenFantasma,ASM,512,3978,3978
ImagenFantasma,ASM,512,3978,3978
ImagenFantasma,ASM,512,3978,3978
ImagenFantasma,ASM,512,3978,3978
ImagenFantasma,ASM,512,4012,4012
ImagenFantasma,ASM,512,3978,3978
ImagenFantasma,ASM,512,3978,3978
ImagenFantasma,ASM,512,5032,5032
ImagenFantasma,ASM,512,3978,3978
ImagenFantasma,ASM,512,4046,4046
ImagenFantasma,ASM,512,3978,3978
ImagenFantasma,ASM,512,4012,4012
ImagenFantasma,ASM,512,3978,3978
ImagenFantasma,ASM,512,4012,4012
ImagenFantasma,ASM,512,4012,4012
ImagenFantasma,ASM,512,3978,3978
ImagenFantasma,ASM,512,3978,3978
ImagenFantasma,ASM,512,3978,3978
ImagenFantasma,ASM,512,3978,3978
ImagenFantasma,ASM,512,4012,4012
ImagenFantasma,ASM,512,3978,3978
ImagenFantasma,ASM,512,3978,3978
ImagenFantasma,ASM,512,4012,4012
ImagenFantasma,ASM,512,3944,3944
ImagenFantasma,ASM,512,4012,4012
ImagenFantasma,ASM,512,4012,4012
ImagenFantasma,ASM,512,4012,4012
ImagenFantasma,ASM,512,4012,4012
ImagenFantasma,ASM,512,3978,3978
ImagenFantasma,ASM,512,3978,3978
ImagenFantasma,ASM,512,3978,3978
ImagenFantasma,ASM,512,4012,4012
ImagenFantasma,ASM,512,3978,3978
ImagenFantasma,ASM,512,3978,3978
ImagenFantasma,ASM,512,4012,4012
ImagenFantasma,ASM,512,3978,3978
ImagenFantasma,ASM,512,4012,4012
ImagenFantasma,ASM,512,3978,3978
ImagenFantasma,ASM,512,3978,3978
ImagenFantasma,ASM,512,4012,4012
ImagenFantasma,ASM,512,3978,3978
ImagenFantasma,ASM,512,3978,3978
ImagenFantasma,ASM,512,4012,4012
ImagenFantasma,ASM,512,3978,3978
ImagenFantasma,ASM,512,3978,3978
ImagenFantasma,ASM,512,3978,3978
ImagenFantasma,ASM,512,4012,4012
ImagenFantasma,ASM,512,3978,3978
ImagenFantasma,ASM,512,4012,4012
ImagenFantasma,ASM,512,3978,3978
ImagenFantasma,ASM,512,3978,3978
ImagenFantasma,ASM,512,3978,3978
ImagenFantasma,ASM,512,3978,3978
ImagenFantasma,ASM,512,3978,3978
ImagenFantasma,ASM,512,3978,3978
ImagenFantasma,ASM,512,3978,3978
ImagenFantasma,ASM,512,4012,4012
ImagenFantasma,ASM,512,3978,3978
ImagenFantasma,ASM,512,4012,4012
ImagenFantasma,ASM,512,3978,3978
ImagenFantasma,ASM,512,3978,3978
ImagenFantasma,ASM,512,3978,3978
ImagenFantasma,ASM,512,3978,3978
ImagenFantasma,ASM,512,3978,3978
ImagenFantasma,ASM,512,4012,4012
ImagenFantasma,ASM,512,3978,3978
ImagenFantasma,ASM,512,4012,4012
ImagenFantasma,ASM,512,3978,3978
ImagenFantasma,ASM,512,4012,4012
ImagenFantasma,ASM,512,3978,3978
ImagenFantasma,ASM,512,3978,3978
ImagenFantasma,ASM,512,4012,4012
ImagenFantasma,ASM,512,4012,4012
ImagenFantasma,ASM,512,3978,3978
ImagenFantasma,ASM,512,4012,4012
ImagenFantasma,ASM,2048,16864,16864
ImagenFantasma,ASM,2048,16252,16252
ImagenFantasma,ASM,2048,16252,16252
ImagenFantasma,ASM,2048,16252,16252
ImagenFantasma,ASM,2048,16218,16218
ImagenFantasma,ASM,2048,16218,16218
ImagenFantasma,ASM,2048,16252,16252
ImagenFantasma,ASM,2048,16218,16218
ImagenFantasma,ASM,2048,16184,16184
ImagenFantasma,ASM,2048,16218,16218
ImagenFantasma,ASM,2048,16218,16218
ImagenFantasma,ASM,2048,16218,16218
ImagenFantasma,ASM,2048,16184,16184
ImagenFantasma,ASM,2048,16218,16218
ImagenFantasma,ASM,2048,16218,16218
ImagenFantasma,ASM,2048,16184,16184
ImagenFantasma,ASM,2048,18088,18088
ImagenFantasma,ASM,2048,16218,16218
ImagenFantasma,ASM,2048,16252,16252
ImagenFantasma,ASM,2048,16218,16218
ImagenFantasma,ASM,2048,16218,16218
ImagenFantasma,ASM,2048,16184,16184
ImagenFantasma,ASM,2048,16184,16184
ImagenFantasma,ASM,2048,16218,16218
ImagenFantasma,ASM,2048,16252,16252
ImagenFantasma,ASM,2048,16184,16184
ImagenFantasma,ASM,2048,16252,16252
ImagenFantasma,ASM,2048,16184,16184
ImagenFantasma,ASM,2048,16218,16218
ImagenFantasma,ASM,2048,16184,16184
ImagenFantasma,ASM,2048,16218,16218
ImagenFantasma,ASM,2048,16184,16184
ImagenFantasma,ASM,2048,16184,16184
ImagenFantasma,ASM,2048,31824,31824
ImagenFantasma,ASM,2048,24514,24514
ImagenFantasma,ASM,2048,25092,25092
ImagenFantasma,ASM,2048,24684,24684
ImagenFantasma,ASM,2048,24820,24820
ImagenFantasma,ASM,2048,23426,23426
ImagenFantasma,ASM,2048,23188,23188
ImagenFantasma,ASM,2048,23188,23188
ImagenFantasma,ASM,2048,24718,24718
ImagenFantasma,ASM,2048,26520,26520
ImagenFantasma,ASM,2048,31450,31450
ImagenFantasma,ASM,2048,24820,24820
ImagenFantasma,ASM,2048,25058,25058
ImagenFantasma,ASM,2048,23188,23188
ImagenFantasma,ASM,2048,23188,23188
ImagenFantasma,ASM,2048,23188,23188
ImagenFantasma,ASM,2048,23154,23154
ImagenFantasma,ASM,2048,23188,23188
ImagenFantasma,ASM,2048,23154,23154
ImagenFantasma,ASM,2048,23222,23222
ImagenFantasma,ASM,2048,23154,23154
ImagenFantasma,ASM,2048,23188,23188
ImagenFantasma,ASM,2048,23154,23154
ImagenFantasma,ASM,2048,23222,23222
ImagenFantasma,ASM,2048,23188,23188
ImagenFantasma,ASM,2048,23222,23222
ImagenFantasma,ASM,2048,23154,23154
ImagenFantasma,ASM,2048,23222,23222
ImagenFantasma,ASM,2048,23154,23154
ImagenFantasma,ASM,2048,23222,23222
ImagenFantasma,ASM,2048,23188,23188
ImagenFantasma,ASM,2048,24004,24004
ImagenFantasma,ASM,2048,23154,23154
ImagenFantasma,ASM,2048,23222,23222
ImagenFantasma,ASM,2048,23154,23154
ImagenFantasma,ASM,2048,23154,23154
ImagenFantasma,ASM,2048,23154,23154
ImagenFantasma,ASM,2048,23154,23154
ImagenFantasma,ASM,2048,23154,23154
ImagenFantasma,ASM,2048,23154,23154
ImagenFantasma,ASM,2048,23188,23188
ImagenFantasma,ASM,2048,23154,23154
ImagenFantasma,ASM,2048,23154,23154
ImagenFantasma,ASM,2048,23154,23154
ImagenFantasma,ASM,2048,23154,23154
ImagenFantasma,ASM,2048,23154,23154
ImagenFantasma,ASM,2048,23154,23154
ImagenFantasma,ASM,2048,23154,23154
ImagenFantasma,ASM,2048,23188,23188
ImagenFantasma,ASM,2048,23154,23154
ImagenFantasma,ASM,2048,23154,23154
ImagenFantasma,ASM,2048,25636,25636
ImagenFantasma,ASM,2048,23188,23188
ImagenFantasma,ASM,2048,23188,23188
ImagenFantasma,ASM,2048,16286,16286
ImagenFantasma,ASM,2048,16184,16184
ImagenFantasma,ASM,2048,16218,16218
ImagenFantasma,ASM,2048,16218,16218
ImagenFantasma,ASM,2048,16218,16218
ImagenFantasma,ASM,2048,16184,16184
ImagenFantasma,ASM,2048,16184,16184
ImagenFantasma,ASM,2048,16184,16184
ImagenFantasma,ASM,2048,16218,16218
ImagenFantasma,ASM,2048,16218,16218
ImagenFantasma,ASM,2048,16218,16218
ImagenFantasma,ASM,2048,16184,16184
ImagenFantasma,ASM,2048,16218,16218
ImagenFantasma,ASM,2048,16184,16184
ImagenFantasma,ASM,2048,16184,16184
ImagenFantasma,ASM,2048,16218,16218
ImagenFantasma,ASM,2048,16252,16252
ImagenFantasma,ASM,2048,16252,16252
ImagenFantasma,ASM,2048,16184,16184
ImagenFantasma,ASM,2048,24378,24378
ImagenFantasma,ASM,2048,23188,23188
ImagenFantasma,ASM,2048,23222,23222
ImagenFantasma,ASM,2048,23188,23188
ImagenFantasma,ASM,2048,23188,23188
ImagenFantasma,ASM,2048,23154,23154
ImagenFantasma,ASM,2048,35700,35700
ImagenFantasma,ASM,2048,16150,16150
ImagenFantasma,ASM,2048,16252,16252
ImagenFantasma,ASM,2048,16218,16218
ImagenFantasma,ASM,2048,16218,16218
ImagenFantasma,ASM,2048,16184,16184
ImagenFantasma,ASM,2048,16218,16218
ImagenFantasma,ASM,2048,16184,16184
ImagenFantasma,ASM,2048,16592,16592
ImagenFantasma,ASM,2048,16218,16218
ImagenFantasma,ASM,2048,16592,16592
ImagenFantasma,ASM,2048,16728,16728
ImagenFantasma,ASM,2048,25160,25160
ImagenFantasma,ASM,2048,16320,16320
ImagenFantasma,ASM,2048,16218,16218
ImagenFantasma,ASM,2048,16184,16184
ImagenFantasma,ASM,2048,16184,16184
ImagenFantasma,ASM,2048,16184,16184
ImagenFantasma,ASM,2048,16150,16150
ImagenFantasma,ASM,2048,16218,16218
ImagenFantasma,ASM,2048,16218,16218
ImagenFantasma,ASM,2048,16184,16184
ImagenFantasma,ASM,2048,16252,16252
ImagenFantasma,ASM,2048,16184,16184
ImagenFantasma,ASM,2048,16184,16184
ImagenFantasma,ASM,2048,16218,16218
ImagenFantasma,ASM,2048,16218,16218
ImagenFantasma,ASM,2048,16184,16184
ImagenFantasma,ASM,2048,16184,16184
ImagenFantasma,ASM,2048,16218,16218
ImagenFantasma,ASM,2048,16218,16218
ImagenFantasma,ASM,2048,16184,16184
ImagenFantasma,ASM,2048,25670,25670
ImagenFantasma,ASM,2048,16218,16218
ImagenFantasma,ASM,2048,16184,16184
ImagenFantasma,ASM,2048,16252,16252
ImagenFantasma,ASM,2048,16218,16218
ImagenFantasma,ASM,2048,16150,16150
ImagenFantasma,ASM,2048,16184,16184
ImagenFantasma,ASM,2048,16184,16184
ImagenFantasma,ASM,2048,16184,16184
ImagenFantasma,ASM,2048,16218,16218
ImagenFantasma,ASM,2048,16184,16184
ImagenFantasma,ASM,2048,16184,16184
ImagenFantasma,ASM,2048,27812,27812
ImagenFantasma,ASM,2048,23528,23528
ImagenFantasma,ASM,2048,23494,23494
ImagenFantasma,ASM,2048,23426,23426
ImagenFantasma,ASM,2048,23528,23528
ImagenFantasma,ASM,2048,23460,23460
ImagenFantasma,ASM,2048,23324,23324
ImagenFantasma,ASM,2048,23494,23494
ImagenFantasma,ASM,2048,23188,23188
ImagenFantasma,ASM,2048,23154,23154
ImagenFantasma,ASM,2048,23222,23222
ImagenFantasma,ASM,2048,23188,23188
ImagenFantasma,ASM,2048,23256,23256
ImagenFantasma,ASM,2048,23188,23188
ImagenFantasma,ASM,2048,23222,23222
ImagenFantasma,ASM,2048,23154,23154
ImagenFantasma,ASM,2048,23222,23222
ImagenFantasma,ASM,2048,23154,23154
ImagenFantasma,ASM,2048,23222,23222
ImagenFantasma,ASM,2048,23154,23154
ImagenFantasma,ASM,2048,23222,23222
ImagenFantasma,ASM,2048,23154,23154
ImagenFantasma,ASM,2048,23222,23222
ImagenFantasma,ASM,2048,23154,23154
ImagenFantasma,ASM,2048,23256,23256
ImagenFantasma,ASM,2048,23188,23188
ImagenFantasma,ASM,2048,23256,23256
ImagenFantasma,ASM,2048,23154,23154
ImagenFantasma,ASM,2048,23222,23222
ImagenFantasma,ASM,2048,23188,23188
ImagenFantasma,ASM,2048,23188,23188
ImagenFantasma,ASM,2048,23188,23188
ImagenFantasma,ASM,2048,23222,23222
ImagenFantasma,ASM,2048,23222,23222
ImagenFantasma,ASM,2048,23460,23460
ImagenFantasma,ASM,2048,23188,23188
ImagenFantasma,ASM,2048,23222,23222
ImagenFantasma,ASM,2048,23154,23154
ImagenFantasma,ASM,2048,23222,23222
ImagenFantasma,ASM,2048,23154,23154
ImagenFantasma,ASM,2048,23222,23222
ImagenFantasma,ASM,2048,23154,23154
ImagenFantasma,ASM,2048,23188,23188
ImagenFantasma,ASM,2048,23154,23154
ImagenFantasma,ASM,2048,23222,23222
ImagenFantasma,ASM,2048,23154,23154
ImagenFantasma,ASM,2048,23222,23222
ImagenFantasma,ASM,2048,23154,23154
ImagenFantasma,ASM,2048,23222,23222
ImagenFantasma,ASM,2048,23154,23154
ImagenFantasma,ASM,2048,23222,23222
ImagenFantasma,ASM,2048,23154,23154
ImagenFantasma,ASM,2048,24650,24650
ImagenFantasma,ASM,2048,23154,23154
ImagenFantasma,ASM,2048,23256,23256
ImagenFantasma,ASM,2048,23154,23154
ImagenFantasma,ASM,2048,23324,23324
ImagenFantasma,ASM,2048,23222,23222
ImagenFantasma,ASM,2048,24548,24548
ImagenFantasma,ASM,2048,23154,23154
ImagenFantasma,ASM,2048,25296,25296
ImagenFantasma,ASM,2048,23188,23188
ImagenFantasma,ASM,2048,23222,23222
ImagenFantasma,ASM,2048,23188,23188
ImagenFantasma,ASM,2048,23222,23222
ImagenFantasma,ASM,2048,23154,23154
ImagenFantasma,ASM,2048,23188,23188
ImagenFantasma,ASM,2048,23188,23188
ImagenFantasma,ASM,2048,23188,23188
ImagenFantasma,ASM,2048,23154,23154
ImagenFantasma,ASM,2048,23188,23188
ImagenFantasma,ASM,2048,23188,23188
ImagenFantasma,ASM,2048,23222,23222
ImagenFantasma,ASM,2048,23154,23154
ImagenFantasma,ASM,2048,23188,23188
ImagenFantasma,ASM,2048,23188,23188
ImagenFantasma,ASM,2048,23222,23222
ImagenFantasma,ASM,2048,23154,23154
ImagenFantasma,ASM,2048,23188,23188
ImagenFantasma,ASM,2048,23154,23154
ImagenFantasma,ASM,2048,23222,23222
ImagenFantasma,ASM,2048,23154,23154
ImagenFantasma,ASM,2048,23188,23188
ImagenFantasma,ASM,2048,23188,23188
ImagenFantasma,ASM,2048,23222,23222
ImagenFantasma,ASM,2048,23154,23154
ImagenFantasma,ASM,2048,23222,23222
ImagenFantasma,ASM,2048,23154,23154
ImagenFantasma,ASM,2048,23188,23188
ImagenFantasma,ASM,2048,23188,23188
ImagenFantasma,ASM,2048,23188,23188
ImagenFantasma,ASM,2048,32436,32436
ImagenFantasma,ASM,2048,23188,23188
ImagenFantasma,ASM,2048,23188,23188
ImagenFantasma,ASM,2048,23188,23188
ImagenFantasma,ASM,2048,24684,24684
ImagenFantasma,ASM,2048,23426,23426
ImagenFantasma,ASM,2048,23426,23426
ImagenFantasma,ASM,2048,23494,23494
ImagenFantasma,ASM,2048,23528,23528
ImagenFantasma,ASM,2048,23528,23528
ImagenFantasma,ASM,2048,23358,23358
ImagenFantasma,ASM,2048,23460,23460
ImagenFantasma,ASM,2048,23222,23222
ImagenFantasma,ASM,2048,23256,23256
ImagenFantasma,ASM,2048,23222,23222
ImagenFantasma,ASM,2048,23188,23188
ImagenFantasma,ASM,2048,23154,23154
ImagenFantasma,ASM,2048,23222,23222
ImagenFantasma,ASM,2048,23188,23188
ImagenFantasma,ASM,2048,23222,23222
ImagenFantasma,ASM,2048,23154,23154
ImagenFantasma,ASM,2048,23256,23256
ImagenFantasma,ASM,2048,23154,23154
ImagenFantasma,ASM,2048,23256,23256
ImagenFantasma,ASM,2048,23154,23154
ImagenFantasma,ASM,2048,23222,23222
ImagenFantasma,ASM,2048,23188,23188
ImagenFantasma,ASM,2048,23256,23256
ImagenFantasma,ASM,2048,23154,23154
ImagenFantasma,ASM,2048,23222,23222
ImagenFantasma,ASM,2048,23154,23154
ImagenFantasma,ASM,2048,23188,23188
ImagenFantasma,ASM,2048,23188,23188
ImagenFantasma,ASM,2048,23188,23188
ImagenFantasma,ASM,2048,25466,25466
ImagenFantasma,ASM,2048,23222,23222
ImagenFantasma,ASM,2048,23188,23188
ImagenFantasma,ASM,2048,23222,23222
ImagenFantasma,ASM,2048,23188,23188
ImagenFantasma,ASM,2048,23222,23222
ImagenFantasma,ASM,2048,23154,23154
ImagenFantasma,ASM,2048,23188,23188
ImagenFantasma,ASM,2048,23188,23188
ImagenFantasma,ASM,2048,24038,24038
ImagenFantasma,ASM,2048,23188,23188
ImagenFantasma,ASM,2048,23222,23222
ImagenFantasma,ASM,2048,23154,23154
ImagenFantasma,ASM,2048,23222,23222
ImagenFantasma,ASM,2048,23154,23154
ImagenFantasma,ASM,2048,23188,23188
ImagenFantasma,ASM,2048,23188,23188
ImagenFantasma,ASM,2048,23188,23188
ImagenFantasma,ASM,2048,23154,23154
ImagenFantasma,ASM,8192,93058,93058
ImagenFantasma,ASM,8192,92548,92548
ImagenFantasma,ASM,8192,92446,92446
ImagenFantasma,ASM,8192,92378,92378
ImagenFantasma,ASM,8192,92548,92548
ImagenFantasma,ASM,8192,92378,92378
ImagenFantasma,ASM,8192,93024,93024
ImagenFantasma,ASM,8192,92344,92344
ImagenFantasma,ASM,8192,92446,92446
ImagenFantasma,ASM,8192,101864,101864
ImagenFantasma,ASM,8192,92718,92718
ImagenFantasma,ASM,8192,100470,100470
ImagenFantasma,ASM,8192,93092,93092
ImagenFantasma,ASM,8192,92378,92378
ImagenFantasma,ASM,8192,102578,102578
ImagenFantasma,ASM,8192,92616,92616
ImagenFantasma,ASM,8192,92514,92514
ImagenFantasma,ASM,8192,92344,92344
ImagenFantasma,ASM,8192,92514,92514
ImagenFantasma,ASM,8192,99178,99178
ImagenFantasma,ASM,8192,92514,92514
ImagenFantasma,ASM,8192,92446,92446
ImagenFantasma,ASM,8192,103700,103700
ImagenFantasma,ASM,8192,92344,92344
ImagenFantasma,ASM,8192,92548,92548
ImagenFantasma,ASM,8192,92786,92786
ImagenFantasma,ASM,8192,92582,92582
ImagenFantasma,ASM,8192,92310,92310
ImagenFantasma,ASM,8192,92888,92888
ImagenFantasma,ASM,8192,92412,92412
ImagenFantasma,ASM,8192,92480,92480
ImagenFantasma,ASM,8192,92684,92684
ImagenFantasma,ASM,8192,92582,92582
ImagenFantasma,ASM,8192,114274,114274
ImagenFantasma,ASM,8192,93058,93058
ImagenFantasma,ASM,8192,92922,92922
ImagenFantasma,ASM,8192,92548,92548
ImagenFantasma,ASM,8192,93024,93024
ImagenFantasma,ASM,8192,121142,121142
ImagenFantasma,ASM,8192,93262,93262
ImagenFantasma,ASM,8192,92990,92990
ImagenFantasma,ASM,8192,92752,92752
ImagenFantasma,ASM,8192,92752,92752
ImagenFantasma,ASM,8192,92786,92786
ImagenFantasma,ASM,8192,92718,92718
ImagenFantasma,ASM,8192,92684,92684
ImagenFantasma,ASM,8192,92718,92718
ImagenFantasma,ASM,8192,93432,93432
ImagenFantasma,ASM,8192,92820,92820
ImagenFantasma,ASM,8192,92752,92752
ImagenFantasma,ASM,8192,92786,92786
ImagenFantasma,ASM,8192,92718,92718
ImagenFantasma,ASM,8192,93194,93194
ImagenFantasma,ASM,8192,92888,92888
ImagenFantasma,ASM,8192,92752,92752
ImagenFantasma,ASM,8192,92684,92684
ImagenFantasma,ASM,8192,92718,92718
ImagenFantasma,ASM,8192,92684,92684
ImagenFantasma,ASM,8192,92684,92684
ImagenFantasma,ASM,8192,92684,92684
ImagenFantasma,ASM,8192,92718,92718
ImagenFantasma,ASM,8192,92718,92718
ImagenFantasma,ASM,8192,92718,92718
ImagenFantasma,ASM,8192,97342,97342
ImagenFantasma,ASM,8192,95268,95268
ImagenFantasma,ASM,8192,95914,95914
ImagenFantasma,ASM,8192,110398,110398
ImagenFantasma,ASM,8192,92956,92956
ImagenFantasma,ASM,8192,93092,93092
ImagenFantasma,ASM,8192,92956,92956
ImagenFantasma,ASM,8192,93092,93092
ImagenFantasma,ASM,8192,93568,93568
ImagenFantasma,ASM,8192,93738,93738
ImagenFantasma,ASM,8192,93568,93568
ImagenFantasma,ASM,8192,94180,94180
ImagenFantasma,ASM,8192,93568,93568
ImagenFantasma,ASM,8192,93738,93738
ImagenFantasma,ASM,8192,93534,93534
ImagenFantasma,ASM,8192,94078,94078
ImagenFantasma,ASM,8192,93942,93942
ImagenFantasma,ASM,8192,93704,93704
ImagenFantasma,ASM,8192,65246,65246
ImagenFantasma,ASM,8192,96118,96118
ImagenFantasma,ASM,8192,93058,93058
ImagenFantasma,ASM,8192,92990,92990
ImagenFantasma,ASM,8192,93024,93024
ImagenFantasma,ASM,8192,93024,93024
ImagenFantasma,ASM,8192,93058,93058
ImagenFantasma,ASM,8192,93024,93024
ImagenFantasma,ASM,8192,92922,92922
ImagenFantasma,ASM,8192,93024,93024
ImagenFantasma,ASM,8192,93058,93058
ImagenFantasma,ASM,8192,93024,93024
ImagenFantasma,ASM,8192,93602,93602
ImagenFantasma,ASM,8192,93670,93670
ImagenFantasma,ASM,8192,93636,93636
ImagenFantasma,ASM,8192,93738,93738
ImagenFantasma,ASM,8192,103326,103326
ImagenFantasma,ASM,8192,328032,328032
ImagenFantasma,ASM,8192,93602,93602
ImagenFantasma,ASM,8192,93976,93976
ImagenFantasma,ASM,8192,93534,93534
ImagenFantasma,ASM,8192,94248,94248
ImagenFantasma,ASM,8192,93942,93942
ImagenFantasma,ASM,8192,98634,98634
ImagenFantasma,ASM,8192,94044,94044
ImagenFantasma,ASM,8192,94384,94384
ImagenFantasma,ASM,8192,93976,93976
ImagenFantasma,ASM,8192,119238,119238
ImagenFantasma,ASM,8192,93840,93840
ImagenFantasma,ASM,8192,95710,95710
ImagenFantasma,ASM,8192,93942,93942
ImagenFantasma,ASM,8192,93942,93942
ImagenFantasma,ASM,8192,93296,93296
ImagenFantasma,ASM,8192,93330,93330
ImagenFantasma,ASM,8192,93228,93228
ImagenFantasma,ASM,8192,93262,93262
ImagenFantasma,ASM,8192,101320,101320
ImagenFantasma,ASM,8192,93500,93500
ImagenFantasma,ASM,8192,93262,93262
ImagenFantasma,ASM,8192,103428,103428
ImagenFantasma,ASM,8192,93160,93160
ImagenFantasma,ASM,8192,93058,93058
ImagenFantasma,ASM,8192,102510,102510
ImagenFantasma,ASM,8192,95914,95914
ImagenFantasma,ASM,8192,93330,93330
ImagenFantasma,ASM,8192,92990,92990
ImagenFantasma,ASM,8192,92922,92922
ImagenFantasma,ASM,8192,92888,92888
ImagenFantasma,ASM,8192,93330,93330
ImagenFantasma,ASM,8192,93092,93092
ImagenFantasma,ASM,8192,97852,97852
ImagenFantasma,ASM,8192,93738,93738
ImagenFantasma,ASM,8192,93602,93602
ImagenFantasma,ASM,8192,93568,93568
ImagenFantasma,ASM,8192,93602,93602
ImagenFantasma,ASM,8192,95778,95778
ImagenFantasma,ASM,8192,93500,93500
ImagenFantasma,ASM,8192,93636,93636
ImagenFantasma,ASM,8192,93534,93534
ImagenFantasma,ASM,8192,93772,93772
ImagenFantasma,ASM,8192,93738,93738
ImagenFantasma,ASM,8192,93024,93024
ImagenFantasma,ASM,8192,92922,92922
ImagenFantasma,ASM,8192,92956,92956
ImagenFantasma,ASM,8192,92888,92888
ImagenFantasma,ASM,8192,93058,93058
ImagenFantasma,ASM,8192,101082,101082
ImagenFantasma,ASM,8192,93160,93160
ImagenFantasma,ASM,8192,92922,92922
ImagenFantasma,ASM,8192,93092,93092
ImagenFantasma,ASM,8192,92922,92922
ImagenFantasma,ASM,8192,93126,93126
ImagenFantasma,ASM,8192,93092,93092
ImagenFantasma,ASM,8192,93092,93092
ImagenFantasma,ASM,8192,93126,93126
ImagenFantasma,ASM,8192,93058,93058
ImagenFantasma,ASM,8192,93500,93500
ImagenFantasma,ASM,8192,93194,93194
ImagenFantasma,ASM,8192,94962,94962
ImagenFantasma,ASM,8192,93262,93262
ImagenFantasma,ASM,8192,93024,93024
ImagenFantasma,ASM,8192,93024,93024
ImagenFantasma,ASM,8192,93058,93058
ImagenFantasma,ASM,8192,93058,93058
ImagenFantasma,ASM,8192,93092,93092
ImagenFantasma,ASM,8192,93602,93602
ImagenFantasma,ASM,8192,65008,65008
ImagenFantasma,ASM,8192,65042,65042
ImagenFantasma,ASM,8192,64770,64770
ImagenFantasma,ASM,8192,64702,64702
ImagenFantasma,ASM,8192,64838,64838
ImagenFantasma,ASM,8192,64872,64872
ImagenFantasma,ASM,8192,64702,64702
ImagenFantasma,ASM,8192,64804,64804
ImagenFantasma,ASM,8192,64770,64770
ImagenFantasma,ASM,8192,64770,64770
ImagenFantasma,ASM,8192,64736,64736
ImagenFantasma,ASM,8192,83742,83742
ImagenFantasma,ASM,8192,92990,92990
ImagenFantasma,ASM,8192,93058,93058
ImagenFantasma,ASM,8192,92922,92922
ImagenFantasma,ASM,8192,108596,108596
ImagenFantasma,ASM,8192,108120,108120
ImagenFantasma,ASM,8192,93126,93126
ImagenFantasma,ASM,8192,102340,102340
ImagenFantasma,ASM,8192,64838,64838
ImagenFantasma,ASM,8192,64872,64872
ImagenFantasma,ASM,8192,64906,64906
ImagenFantasma,ASM,8192,105026,105026
ImagenFantasma,ASM,8192,93364,93364
ImagenFantasma,ASM,8192,92922,92922
ImagenFantasma,ASM,8192,93160,93160
ImagenFantasma,ASM,8192,97818,97818
ImagenFantasma,ASM,8192,93160,93160
ImagenFantasma,ASM,8192,93092,93092
ImagenFantasma,ASM,8192,93024,93024
ImagenFantasma,ASM,8192,93092,93092
ImagenFantasma,ASM,8192,93568,93568
ImagenFantasma,ASM,8192,93058,93058
ImagenFantasma,ASM,8192,93908,93908
ImagenFantasma,ASM,8192,93568,93568
ImagenFantasma,ASM,8192,93500,93500
ImagenFantasma,ASM,8192,93500,93500
ImagenFantasma,ASM,8192,93534,93534
ImagenFantasma,ASM,8192,93636,93636
ImagenFantasma,ASM,8192,89726,89726
ImagenFantasma,ASM,8192,65144,65144
ImagenFantasma,ASM,8192,65144,65144
ImagenFantasma,ASM,8192,65178,65178
ImagenFantasma,ASM,8192,64736,64736
ImagenFantasma,ASM,8192,64770,64770
ImagenFantasma,ASM,8192,91766,91766
ImagenFantasma,ASM,8192,93330,93330
ImagenFantasma,ASM,8192,93126,93126
ImagenFantasma,ASM,8192,92990,92990
ImagenFantasma,ASM,8192,93092,93092
ImagenFantasma,ASM,8192,92990,92990
ImagenFantasma,ASM,8192,106454,106454
ImagenFantasma,ASM,8192,102748,102748
ImagenFantasma,ASM,8192,65042,65042
ImagenFantasma,ASM,8192,65008,65008
ImagenFantasma,ASM,8192,64906,64906
ImagenFantasma,ASM,8192,93500,93500
ImagenFantasma,ASM,8192,93092,93092
ImagenFantasma,ASM,8192,93092,93092
ImagenFantasma,ASM,8192,64804,64804
ImagenFantasma,ASM,8192,64702,64702
ImagenFantasma,ASM,8192,64872,64872
ImagenFantasma,ASM,8192,64804,64804
ImagenFantasma,ASM,8192,64736,64736
ImagenFantasma,ASM,8192,64804,64804
ImagenFantasma,ASM,8192,93092,93092
ImagenFantasma,ASM,8192,92922,92922
ImagenFantasma,ASM,8192,65382,65382
ImagenFantasma,ASM,8192,64736,64736
ImagenFantasma,ASM,8192,64872,64872
ImagenFantasma,ASM,8192,64770,64770
ImagenFantasma,ASM,8192,64906,64906
ImagenFantasma,ASM,8192,64702,64702
ImagenFantasma,ASM,8192,64770,64770
ImagenFantasma,ASM,8192,64702,64702
ImagenFantasma,ASM,8192,64804,64804
ImagenFantasma,ASM,8192,64770,64770
ImagenFantasma,ASM,8192,64838,64838
ImagenFantasma,ASM,8192,64804,64804
ImagenFantasma,ASM,8192,64804,64804
ImagenFantasma,ASM,8192,64770,64770
ImagenFantasma,ASM,8192,64838,64838
ImagenFantasma,ASM,8192,104006,104006
ImagenFantasma,ASM,8192,65144,65144
ImagenFantasma,ASM,8192,105094,105094
ImagenFantasma,ASM,8192,64906,64906
ImagenFantasma,ASM,8192,64702,64702
ImagenFantasma,ASM,8192,93500,93500
ImagenFantasma,ASM,8192,93058,93058
ImagenFantasma,ASM,8192,93058,93058
ImagenFantasma,ASM,8192,64770,64770
ImagenFantasma,ASM,8192,64804,64804
ImagenFantasma,ASM,8192,64702,64702
ImagenFantasma,ASM,8192,64804,64804
ImagenFantasma,ASM,8192,64702,64702
ImagenFantasma,ASM,8192,64804,64804
ImagenFantasma,ASM,8192,92922,92922
ImagenFantasma,ASM,8192,93058,93058
ImagenFantasma,ASM,8192,69734,69734
ImagenFantasma,ASM,8192,64974,64974
ImagenFantasma,ASM,8192,64702,64702
ImagenFantasma,ASM,8192,93432,93432
ImagenFantasma,ASM,8192,92956,92956
ImagenFantasma,ASM,8192,64804,64804
ImagenFantasma,ASM,8192,64770,64770
ImagenFantasma,ASM,8192,64838,64838
ImagenFantasma,ASM,8192,64702,64702
ImagenFantasma,ASM,8192,64974,64974
ImagenFantasma,ASM,8192,64770,64770
ImagenFantasma,ASM,8192,64838,64838
ImagenFantasma,ASM,8192,64770,64770
ImagenFantasma,ASM,8192,64838,64838
ImagenFantasma,ASM,8192,64668,64668
ImagenFantasma,ASM,8192,65552,65552
ImagenFantasma,ASM,8192,65178,65178
ImagenFantasma,ASM,8192,64940,64940
ImagenFantasma,ASM,8192,64702,64702
ImagenFantasma,ASM,8192,64770,64770
ImagenFantasma,ASM,8192,93534,93534
ImagenFantasma,ASM,8192,93058,93058
ImagenFantasma,ASM,8192,100504,100504
ImagenFantasma,ASM,8192,93194,93194
ImagenFantasma,ASM,8192,92922,92922
ImagenFantasma,ASM,8192,93126,93126
ImagenFantasma,ASM,8192,92956,92956
ImagenFantasma,ASM,8192,93058,93058
ImagenFantasma,ASM,8192,93500,93500
ImagenFantasma,ASM,8192,93670,93670
ImagenFantasma,ASM,8192,93602,93602
ImagenFantasma,ASM,8192,93738,93738
ImagenFantasma,ASM,8192,93534,93534
ImagenFantasma,ASM,8192,65688,65688
ImagenFantasma,ASM,8192,65620,65620
ImagenFantasma,ASM,32768,375360,375360
ImagenFantasma,ASM,32768,375088,375088
ImagenFantasma,ASM,32768,384030,384030
ImagenFantasma,ASM,32768,370600,370600
ImagenFantasma,ASM,32768,387974,387974
ImagenFantasma,ASM,32768,370634,370634
ImagenFantasma,ASM,32768,371110,371110
ImagenFantasma,ASM,32768,373184,373184
ImagenFantasma,ASM,32768,518466,518466
ImagenFantasma,ASM,32768,370702,370702
ImagenFantasma,ASM,32768,370668,370668
ImagenFantasma,ASM,32768,370226,370226
ImagenFantasma,ASM,32768,370668,370668
ImagenFantasma,ASM,32768,371042,371042
ImagenFantasma,ASM,32768,370362,370362
ImagenFantasma,ASM,32768,373184,373184
ImagenFantasma,ASM,32768,370634,370634
ImagenFantasma,ASM,32768,370226,370226
ImagenFantasma,ASM,32768,258604,258604
ImagenFantasma,ASM,32768,258400,258400
ImagenFantasma,ASM,32768,263806,263806
ImagenFantasma,ASM,32768,258638,258638
ImagenFantasma,ASM,32768,383214,383214
ImagenFantasma,ASM,32768,370566,370566
ImagenFantasma,ASM,32768,370736,370736
ImagenFantasma,ASM,32768,370430,370430
ImagenFantasma,ASM,32768,371212,371212
ImagenFantasma,ASM,32768,370430,370430
ImagenFantasma,ASM,32768,370804,370804
ImagenFantasma,ASM,32768,399806,399806
ImagenFantasma,ASM,32768,370430,370430
ImagenFantasma,ASM,32768,370872,370872
ImagenFantasma,ASM,32768,370600,370600
ImagenFantasma,ASM,32768,373864,373864
ImagenFantasma,ASM,32768,370940,370940
ImagenFantasma,ASM,32768,623730,623730
ImagenFantasma,ASM,32768,419866,419866
ImagenFantasma,ASM,32768,385934,385934
ImagenFantasma,ASM,32768,373150,373150
ImagenFantasma,ASM,32768,370362,370362
ImagenFantasma,ASM,32768,371144,371144
ImagenFantasma,ASM,32768,370396,370396
ImagenFantasma,ASM,32768,258570,258570
ImagenFantasma,ASM,32768,431460,431460
ImagenFantasma,ASM,32768,258434,258434
ImagenFantasma,ASM,32768,258978,258978
ImagenFantasma,ASM,32768,258094,258094
ImagenFantasma,ASM,32768,259148,259148
ImagenFantasma,ASM,32768,257992,257992
ImagenFantasma,ASM,32768,277202,277202
ImagenFantasma,ASM,32768,258366,258366
ImagenFantasma,ASM,32768,429998,429998
ImagenFantasma,ASM,32768,258434,258434
ImagenFantasma,ASM,32768,258332,258332
ImagenFantasma,ASM,32768,296684,296684
ImagenFantasma,ASM,32768,258808,258808
ImagenFantasma,ASM,32768,258332,258332
ImagenFantasma,ASM,32768,407388,407388
ImagenFantasma,ASM,32768,400486,400486
ImagenFantasma,ASM,32768,259046,259046
ImagenFantasma,ASM,32768,258128,258128
ImagenFantasma,ASM,32768,258298,258298
ImagenFantasma,ASM,32768,374000,374000
ImagenFantasma,ASM,32768,374272,374272
ImagenFantasma,ASM,32768,258570,258570
ImagenFantasma,ASM,32768,371382,371382
ImagenFantasma,ASM,32768,370974,370974
ImagenFantasma,ASM,32768,389946,389946
ImagenFantasma,ASM,32768,371212,371212
ImagenFantasma,ASM,32768,259012,259012
ImagenFantasma,ASM,32768,258604,258604
ImagenFantasma,ASM,32768,258740,258740
ImagenFantasma,ASM,32768,258910,258910
ImagenFantasma,ASM,32768,258570,258570
ImagenFantasma,ASM,32768,258672,258672
ImagenFantasma,ASM,32768,259080,259080
ImagenFantasma,ASM,32768,275876,275876
ImagenFantasma,ASM,32768,258808,258808
ImagenFantasma,ASM,32768,258740,258740
ImagenFantasma,ASM,32768,258876,258876
ImagenFantasma,ASM,32768,258910,258910
ImagenFantasma,ASM,32768,370974,370974
ImagenFantasma,ASM,32768,258604,258604
ImagenFantasma,ASM,32768,371076,371076
ImagenFantasma,ASM,32768,258774,258774
ImagenFantasma,ASM,32768,374782,374782
ImagenFantasma,ASM,32768,374884,374884
ImagenFantasma,ASM,32768,371484,371484
ImagenFantasma,ASM,32768,371076,371076
ImagenFantasma,ASM,32768,381276,381276
ImagenFantasma,ASM,32768,405518,405518
ImagenFantasma,ASM,32768,373422,373422
ImagenFantasma,ASM,32768,371450,371450
ImagenFantasma,ASM,32768,370736,370736
ImagenFantasma,ASM,32768,371144,371144
ImagenFantasma,ASM,32768,373184,373184
ImagenFantasma,ASM,32768,370940,370940
ImagenFantasma,ASM,32768,371042,371042
ImagenFantasma,ASM,32768,371314,371314
ImagenFantasma,ASM,32768,371552,371552
ImagenFantasma,ASM,32768,370566,370566
ImagenFantasma,ASM,32768,392156,392156
ImagenFantasma,ASM,32768,380392,380392
ImagenFantasma,ASM,32768,370906,370906
ImagenFantasma,ASM,32768,284716,284716
ImagenFantasma,ASM,32768,258978,258978
ImagenFantasma,ASM,32768,372096,372096
ImagenFantasma,ASM,32768,258264,258264
ImagenFantasma,ASM,32768,373354,373354
ImagenFantasma,ASM,32768,258128,258128
ImagenFantasma,ASM,32768,258944,258944
ImagenFantasma,ASM,32768,258468,258468
ImagenFantasma,ASM,32768,258570,258570
ImagenFantasma,ASM,32768,258094,258094
ImagenFantasma,ASM,32768,258332,258332
ImagenFantasma,ASM,32768,258434,258434
ImagenFantasma,ASM,32768,258264,258264
ImagenFantasma,ASM,32768,266084,266084
ImagenFantasma,ASM,32768,258468,258468
ImagenFantasma,ASM,32768,258468,258468
ImagenFantasma,ASM,32768,258230,258230
ImagenFantasma,ASM,32768,376142,376142
ImagenFantasma,ASM,32768,258502,258502
ImagenFantasma,ASM,32768,258774,258774
ImagenFantasma,ASM,32768,258298,258298
ImagenFantasma,ASM,32768,259046,259046
ImagenFantasma,ASM,32768,258230,258230
ImagenFantasma,ASM,32768,258264,258264
ImagenFantasma,ASM,32768,258264,258264
ImagenFantasma,ASM,32768,258910,258910
ImagenFantasma,ASM,32768,258434,258434
ImagenFantasma,ASM,32768,259080,259080
ImagenFantasma,ASM,32768,258196,258196
ImagenFantasma,ASM,32768,258978,258978
ImagenFantasma,ASM,32768,257958,257958
ImagenFantasma,ASM,32768,258298,258298
ImagenFantasma,ASM,32768,258332,258332
ImagenFantasma,ASM,32768,280398,280398
ImagenFantasma,ASM,32768,391000,391000
ImagenFantasma,ASM,32768,258808,258808
ImagenFantasma,ASM,32768,258128,258128
ImagenFantasma,ASM,32768,258740,258740
ImagenFantasma,ASM,32768,258332,258332
ImagenFantasma,ASM,32768,258162,258162
ImagenFantasma,ASM,32768,258400,258400
ImagenFantasma,ASM,32768,258740,258740
ImagenFantasma,ASM,32768,258060,258060
ImagenFantasma,ASM,32768,258128,258128
ImagenFantasma,ASM,32768,258502,258502
ImagenFantasma,ASM,32768,258842,258842
ImagenFantasma,ASM,32768,258298,258298
ImagenFantasma,ASM,32768,258162,258162
ImagenFantasma,ASM,32768,258298,258298
ImagenFantasma,ASM,32768,258740,258740
ImagenFantasma,ASM,32768,258400,258400
ImagenFantasma,ASM,32768,258366,258366
ImagenFantasma,ASM,32768,258604,258604
ImagenFantasma,ASM,32768,371314,371314
ImagenFantasma,ASM,32768,258196,258196
ImagenFantasma,ASM,32768,258502,258502
ImagenFantasma,ASM,32768,258740,258740
ImagenFantasma,ASM,32768,258264,258264
ImagenFantasma,ASM,32768,370668,370668
ImagenFantasma,ASM,32768,370634,370634
ImagenFantasma,ASM,32768,258332,258332
ImagenFantasma,ASM,32768,371008,371008
ImagenFantasma,ASM,32768,375768,375768
ImagenFantasma,ASM,32768,258332,258332
ImagenFantasma,ASM,32768,258128,258128
ImagenFantasma,ASM,32768,258706,258706
ImagenFantasma,ASM,32768,258774,258774
ImagenFantasma,ASM,32768,258706,258706
ImagenFantasma,ASM,32768,258332,258332
ImagenFantasma,ASM,32768,258910,258910
ImagenFantasma,ASM,32768,258128,258128
ImagenFantasma,ASM,32768,258842,258842
ImagenFantasma,ASM,32768,372844,372844
ImagenFantasma,ASM,32768,258570,258570
ImagenFantasma,ASM,32768,258196,258196
ImagenFantasma,ASM,32768,258162,258162
ImagenFantasma,ASM,32768,258706,258706
ImagenFantasma,ASM,32768,258332,258332
ImagenFantasma,ASM,32768,258196,258196
ImagenFantasma,ASM,32768,258876,258876
ImagenFantasma,ASM,32768,371110,371110
ImagenFantasma,ASM,32768,373320,373320
ImagenFantasma,ASM,32768,370634,370634
ImagenFantasma,ASM,32768,370328,370328
ImagenFantasma,ASM,32768,372810,372810
ImagenFantasma,ASM,32768,330548,330548
ImagenFantasma,ASM,32768,258468,258468
ImagenFantasma,ASM,32768,258468,258468
ImagenFantasma,ASM,32768,258128,258128
ImagenFantasma,ASM,32768,258842,258842
ImagenFantasma,ASM,32768,258366,258366
ImagenFantasma,ASM,32768,258162,258162
ImagenFantasma,ASM,32768,258162,258162
ImagenFantasma,ASM,32768,370838,370838
ImagenFantasma,ASM,32768,258230,258230
ImagenFantasma,ASM,32768,258264,258264
ImagenFantasma,ASM,32768,374034,374034
ImagenFantasma,ASM,32768,258366,258366
ImagenFantasma,ASM,32768,258196,258196
ImagenFantasma,ASM,32768,258978,258978
ImagenFantasma,ASM,32768,258706,258706
ImagenFantasma,ASM,32768,258400,258400
ImagenFantasma,ASM,32768,258060,258060
ImagenFantasma,ASM,32768,258298,258298
ImagenFantasma,ASM,32768,258672,258672
ImagenFantasma,ASM,32768,424014,424014
ImagenFantasma,ASM,32768,258434,258434
ImagenFantasma,ASM,32768,376958,376958
ImagenFantasma,ASM,32768,371212,371212
ImagenFantasma,ASM,32768,258468,258468
ImagenFantasma,ASM,32768,258366,258366
ImagenFantasma,ASM,32768,258298,258298
ImagenFantasma,ASM,32768,371076,371076
ImagenFantasma,ASM,32768,370464,370464
ImagenFantasma,ASM,32768,258468,258468
ImagenFantasma,ASM,32768,258196,258196
ImagenFantasma,ASM,32768,258774,258774
ImagenFantasma,ASM,32768,258672,258672
ImagenFantasma,ASM,32768,258128,258128
ImagenFantasma,ASM,32768,258706,258706
ImagenFantasma,ASM,32768,258842,258842
ImagenFantasma,ASM,32768,258570,258570
ImagenFantasma,ASM,32768,258706,258706
ImagenFantasma,ASM,32768,258774,258774
ImagenFantasma,ASM,32768,258740,258740
ImagenFantasma,ASM,32768,258774,258774
ImagenFantasma,ASM,32768,258808,258808
ImagenFantasma,ASM,32768,258570,258570
ImagenFantasma,ASM,32768,258570,258570
ImagenFantasma,ASM,32768,258740,258740
ImagenFantasma,ASM,32768,258638,258638
ImagenFantasma,ASM,32768,370702,370702
ImagenFantasma,ASM,32768,371348,371348
ImagenFantasma,ASM,32768,370464,370464
ImagenFantasma,ASM,32768,370362,370362
ImagenFantasma,ASM,32768,370464,370464
ImagenFantasma,ASM,32768,370566,370566
ImagenFantasma,ASM,32768,370702,370702
ImagenFantasma,ASM,32768,370702,370702
ImagenFantasma,ASM,32768,370430,370430
ImagenFantasma,ASM,32768,258298,258298
ImagenFantasma,ASM,32768,259148,259148
ImagenFantasma,ASM,32768,258298,258298
ImagenFantasma,ASM,32768,258332,258332
ImagenFantasma,ASM,32768,258264,258264
ImagenFantasma,ASM,32768,258808,258808
ImagenFantasma,ASM,32768,325414,325414
ImagenFantasma,ASM,32768,370736,370736
ImagenFantasma,ASM,32768,370702,370702
ImagenFantasma,ASM,32768,401676,401676
ImagenFantasma,ASM,32768,258468,258468
ImagenFantasma,ASM,32768,258230,258230
ImagenFantasma,ASM,32768,258332,258332
ImagenFantasma,ASM,32768,259182,259182
ImagenFantasma,ASM,32768,258536,258536
ImagenFantasma,ASM,32768,258434,258434
ImagenFantasma,ASM,32768,371076,371076
ImagenFantasma,ASM,32768,371212,371212
ImagenFantasma,ASM,32768,258060,258060
ImagenFantasma,ASM,32768,371008,371008
ImagenFantasma,ASM,32768,258672,258672
ImagenFantasma,ASM,32768,259114,259114
ImagenFantasma,ASM,32768,258298,258298
ImagenFantasma,ASM,32768,258264,258264
ImagenFantasma,ASM,32768,258128,258128
ImagenFantasma,ASM,32768,259012,259012
ImagenFantasma,ASM,32768,258400,258400
ImagenFantasma,ASM,32768,258264,258264
ImagenFantasma,ASM,32768,258196,258196
ImagenFantasma,ASM,32768,376244,376244
ImagenFantasma,ASM,32768,278630,278630
ImagenFantasma,ASM,32768,258468,258468
ImagenFantasma,ASM,32768,258026,258026
ImagenFantasma,ASM,32768,258978,258978
ImagenFantasma,ASM,32768,258060,258060
ImagenFantasma,ASM,32768,258264,258264
ImagenFantasma,ASM,32768,258060,258060
ImagenFantasma,ASM,32768,258876,258876
ImagenFantasma,ASM,32768,258366,258366
ImagenFantasma,ASM,32768,258196,258196
ImagenFantasma,ASM,32768,258060,258060
ImagenFantasma,ASM,32768,258876,258876
ImagenFantasma,ASM,32768,258230,258230
ImagenFantasma,ASM,32768,258264,258264
ImagenFantasma,ASM,32768,258128,258128
ImagenFantasma,ASM,32768,258570,258570
ImagenFantasma,ASM,32768,258332,258332
ImagenFantasma,ASM,32768,387736,387736
ImagenFantasma,ASM,32768,373252,373252
ImagenFantasma,ASM,32768,371144,371144
ImagenFantasma,ASM,32768,371110,371110
ImagenFantasma,ASM,32768,370668,370668
ImagenFantasma,ASM,32768,373252,373252
ImagenFantasma,ASM,32768,259046,259046
ImagenFantasma,ASM,32768,391850,391850
ImagenFantasma,ASM,32768,371382,371382
ImagenFantasma,ASM,120000,958222,958222
ImagenFantasma,ASM,120000,1288396,1288396
ImagenFantasma,ASM,120000,961520,961520
ImagenFantasma,ASM,120000,1499842,1499842
ImagenFantasma,ASM,120000,1637236,1637236
ImagenFantasma,ASM,120000,1394000,1394000
ImagenFantasma,ASM,120000,1378122,1378122
ImagenFantasma,ASM,120000,1373430,1373430
ImagenFantasma,ASM,120000,1391552,1391552
ImagenFantasma,ASM,120000,1502766,1502766
ImagenFantasma,ASM,120000,956964,956964
ImagenFantasma,ASM,120000,957202,957202
ImagenFantasma,ASM,120000,1121932,1121932
ImagenFantasma,ASM,120000,956794,956794
ImagenFantasma,ASM,120000,975256,975256
ImagenFantasma,ASM,120000,964002,964002
ImagenFantasma,ASM,120000,959582,959582
ImagenFantasma,ASM,120000,1376626,1376626
ImagenFantasma,ASM,120000,1373430,1373430
ImagenFantasma,ASM,120000,1376354,1376354
ImagenFantasma,ASM,120000,956148,956148
ImagenFantasma,ASM,120000,955944,955944
ImagenFantasma,ASM,120000,956216,956216
ImagenFantasma,ASM,120000,956318,956318
ImagenFantasma,ASM,120000,969646,969646
ImagenFantasma,ASM,120000,958664,958664
ImagenFantasma,ASM,120000,956522,956522
ImagenFantasma,ASM,120000,969646,969646
ImagenFantasma,ASM,120000,956522,956522
ImagenFantasma,ASM,120000,956114,956114
ImagenFantasma,ASM,120000,956896,956896
ImagenFantasma,ASM,120000,956318,956318
ImagenFantasma,ASM,120000,1069708,1069708
ImagenFantasma,ASM,120000,956828,956828
ImagenFantasma,ASM,120000,956624,956624
ImagenFantasma,ASM,120000,970598,970598
ImagenFantasma,ASM,120000,1069980,1069980
ImagenFantasma,ASM,120000,955910,955910
ImagenFantasma,ASM,120000,956420,956420
ImagenFantasma,ASM,120000,956284,956284
ImagenFantasma,ASM,120000,1071374,1071374
ImagenFantasma,ASM,120000,1070116,1070116
ImagenFantasma,ASM,120000,956998,956998
ImagenFantasma,ASM,120000,956658,956658
ImagenFantasma,ASM,120000,1188640,1188640
ImagenFantasma,ASM,120000,1073040,1073040
ImagenFantasma,ASM,120000,972128,972128
ImagenFantasma,ASM,120000,955774,955774
ImagenFantasma,ASM,120000,956114,956114
ImagenFantasma,ASM,120000,1163582,1163582
ImagenFantasma,ASM,120000,957644,957644
ImagenFantasma,ASM,120000,956726,956726
ImagenFantasma,ASM,120000,1195236,1195236
ImagenFantasma,ASM,120000,1099390,1099390
ImagenFantasma,ASM,120000,1348032,1348032
ImagenFantasma,ASM,120000,955944,955944
ImagenFantasma,ASM,120000,965226,965226
ImagenFantasma,ASM,120000,969238,969238
ImagenFantasma,ASM,120000,956216,956216
ImagenFantasma,ASM,120000,1041794,1041794
ImagenFantasma,ASM,120000,955876,955876
ImagenFantasma,ASM,120000,1372648,1372648
ImagenFantasma,ASM,120000,979030,979030
ImagenFantasma,ASM,120000,956726,956726
ImagenFantasma,ASM,120000,956454,956454
ImagenFantasma,ASM,120000,955774,955774
ImagenFantasma,ASM,120000,956624,956624
ImagenFantasma,ASM,120000,972400,972400
ImagenFantasma,ASM,120000,1341878,1341878
ImagenFantasma,ASM,120000,1077528,1077528
ImagenFantasma,ASM,120000,956148,956148
ImagenFantasma,ASM,120000,1322498,1322498
ImagenFantasma,ASM,120000,956250,956250
ImagenFantasma,ASM,120000,1125264,1125264
ImagenFantasma,ASM,120000,956216,956216
ImagenFantasma,ASM,120000,956692,956692
ImagenFantasma,ASM,120000,956794,956794
ImagenFantasma,ASM,120000,956930,956930
ImagenFantasma,ASM,120000,989468,989468
ImagenFantasma,ASM,120000,955434,955434
ImagenFantasma,ASM,120000,956522,956522
ImagenFantasma,ASM,120000,1010480,1010480
ImagenFantasma,ASM,120000,955910,955910
ImagenFantasma,ASM,120000,956488,956488
ImagenFantasma,ASM,120000,957882,957882
ImagenFantasma,ASM,120000,955672,955672
ImagenFantasma,ASM,120000,1050702,1050702
ImagenFantasma,ASM,120000,956692,956692
ImagenFantasma,ASM,120000,1049512,1049512
ImagenFantasma,ASM,120000,1376592,1376592
ImagenFantasma,ASM,120000,1065832,1065832
ImagenFantasma,ASM,120000,956658,956658
ImagenFantasma,ASM,120000,957236,957236
ImagenFantasma,ASM,120000,960024,960024
ImagenFantasma,ASM,120000,956318,956318
ImagenFantasma,ASM,120000,956862,956862
ImagenFantasma,ASM,120000,1074638,1074638
ImagenFantasma,ASM,120000,956182,956182
ImagenFantasma,ASM,120000,956590,956590
ImagenFantasma,ASM,120000,972094,972094
ImagenFantasma,ASM,120000,1498924,1498924
ImagenFantasma,ASM,120000,981036,981036
ImagenFantasma,ASM,120000,960466,960466
ImagenFantasma,ASM,120000,957746,957746
ImagenFantasma,ASM,120000,1426198,1426198
ImagenFantasma,ASM,120000,1381692,1381692
ImagenFantasma,ASM,120000,1382270,1382270
ImagenFantasma,ASM,120000,962404,962404
ImagenFantasma,ASM,120000,1381182,1381182
ImagenFantasma,ASM,120000,1075318,1075318
ImagenFantasma,ASM,120000,962574,962574
ImagenFantasma,ASM,120000,964138,964138
ImagenFantasma,ASM,120000,1119620,1119620
ImagenFantasma,ASM,120000,962608,962608
ImagenFantasma,ASM,120000,962710,962710
ImagenFantasma,ASM,120000,1243822,1243822
ImagenFantasma,ASM,120000,962982,962982
ImagenFantasma,ASM,120000,1152532,1152532
ImagenFantasma,ASM,120000,962370,962370
ImagenFantasma,ASM,120000,962336,962336
ImagenFantasma,ASM,120000,1101056,1101056
ImagenFantasma,ASM,120000,1397570,1397570
ImagenFantasma,ASM,120000,1398420,1398420
ImagenFantasma,ASM,120000,1392708,1392708
ImagenFantasma,ASM,120000,1384174,1384174
ImagenFantasma,ASM,120000,1297134,1297134
ImagenFantasma,ASM,120000,1391314,1391314
ImagenFantasma,ASM,120000,964342,964342
ImagenFantasma,ASM,120000,981920,981920
ImagenFantasma,ASM,120000,1381420,1381420
ImagenFantasma,ASM,120000,1394612,1394612
ImagenFantasma,ASM,120000,1381624,1381624
ImagenFantasma,ASM,120000,1347454,1347454
ImagenFantasma,ASM,120000,1382168,1382168
ImagenFantasma,ASM,120000,1571140,1571140
ImagenFantasma,ASM,120000,1382848,1382848
ImagenFantasma,ASM,120000,1390260,1390260
ImagenFantasma,ASM,120000,1531428,1531428
ImagenFantasma,ASM,120000,963016,963016
ImagenFantasma,ASM,120000,962472,962472
ImagenFantasma,ASM,120000,1248650,1248650
ImagenFantasma,ASM,120000,962778,962778
ImagenFantasma,ASM,120000,1381488,1381488
ImagenFantasma,ASM,120000,1383086,1383086
ImagenFantasma,ASM,120000,1397196,1397196
ImagenFantasma,ASM,120000,1383460,1383460
ImagenFantasma,ASM,120000,1411986,1411986
ImagenFantasma,ASM,120000,1381862,1381862
ImagenFantasma,ASM,120000,1434086,1434086
ImagenFantasma,ASM,120000,1381250,1381250
ImagenFantasma,ASM,120000,1381896,1381896
ImagenFantasma,ASM,120000,1374382,1374382
ImagenFantasma,ASM,120000,1412700,1412700
ImagenFantasma,ASM,120000,1378292,1378292
ImagenFantasma,ASM,120000,1388832,1388832
ImagenFantasma,ASM,120000,1375198,1375198
ImagenFantasma,ASM,120000,1371730,1371730
ImagenFantasma,ASM,120000,956182,956182
ImagenFantasma,ASM,120000,1372410,1372410
ImagenFantasma,ASM,120000,1072122,1072122
ImagenFantasma,ASM,120000,957100,957100
ImagenFantasma,ASM,120000,974950,974950
ImagenFantasma,ASM,120000,955706,955706
ImagenFantasma,ASM,120000,1497190,1497190
ImagenFantasma,ASM,120000,1372886,1372886
ImagenFantasma,ASM,120000,1376286,1376286
ImagenFantasma,ASM,120000,1389444,1389444
ImagenFantasma,ASM,120000,956658,956658
ImagenFantasma,ASM,120000,956556,956556
ImagenFantasma,ASM,120000,956148,956148
ImagenFantasma,ASM,120000,1420826,1420826
ImagenFantasma,ASM,120000,1052572,1052572
ImagenFantasma,ASM,120000,956386,956386
ImagenFantasma,ASM,120000,956352,956352
ImagenFantasma,ASM,120000,956692,956692
ImagenFantasma,ASM,120000,956250,956250
ImagenFantasma,ASM,120000,1383460,1383460
ImagenFantasma,ASM,120000,956318,956318
ImagenFantasma,ASM,120000,966246,966246
ImagenFantasma,ASM,120000,956318,956318
ImagenFantasma,ASM,120000,957032,957032
ImagenFantasma,ASM,120000,956726,956726
ImagenFantasma,ASM,120000,956488,956488
ImagenFantasma,ASM,120000,955876,955876
ImagenFantasma,ASM,120000,988686,988686
ImagenFantasma,ASM,120000,1429088,1429088
ImagenFantasma,ASM,120000,970394,970394
ImagenFantasma,ASM,120000,955944,955944
ImagenFantasma,ASM,120000,956624,956624
ImagenFantasma,ASM,120000,956114,956114
ImagenFantasma,ASM,120000,956250,956250
ImagenFantasma,ASM,120000,956148,956148
ImagenFantasma,ASM,120000,1136280,1136280
ImagenFantasma,ASM,120000,956046,956046
ImagenFantasma,ASM,120000,956556,956556
ImagenFantasma,ASM,120000,955808,955808
ImagenFantasma,ASM,120000,956998,956998
ImagenFantasma,ASM,120000,974236,974236
ImagenFantasma,ASM,120000,956114,956114
ImagenFantasma,ASM,120000,1086572,1086572
ImagenFantasma,ASM,120000,1539724,1539724
ImagenFantasma,ASM,120000,966960,966960
ImagenFantasma,ASM,120000,955944,955944
ImagenFantasma,ASM,120000,955944,955944
ImagenFantasma,ASM,120000,956488,956488
ImagenFantasma,ASM,120000,956726,956726
ImagenFantasma,ASM,120000,1291660,1291660
ImagenFantasma,ASM,120000,956862,956862
ImagenFantasma,ASM,120000,956250,956250
ImagenFantasma,ASM,120000,955876,955876
ImagenFantasma,ASM,120000,957032,957032
ImagenFantasma,ASM,120000,1384752,1384752
ImagenFantasma,ASM,120000,1106564,1106564
ImagenFantasma,ASM,120000,956386,956386
ImagenFantasma,ASM,120000,956828,956828
ImagenFantasma,ASM,120000,956352,956352
ImagenFantasma,ASM,120000,956896,956896
ImagenFantasma,ASM,120000,1159536,1159536
ImagenFantasma,ASM,120000,1373872,1373872
ImagenFantasma,ASM,120000,970598,970598
ImagenFantasma,ASM,120000,1380808,1380808
ImagenFantasma,ASM,120000,956930,956930
ImagenFantasma,ASM,120000,956556,956556
ImagenFantasma,ASM,120000,956420,956420
ImagenFantasma,ASM,120000,964274,964274
ImagenFantasma,ASM,120000,956046,956046
ImagenFantasma,ASM,120000,955604,955604
ImagenFantasma,ASM,120000,956590,956590
ImagenFantasma,ASM,120000,956624,956624
ImagenFantasma,ASM,120000,956556,956556
ImagenFantasma,ASM,120000,956522,956522
ImagenFantasma,ASM,120000,956182,956182
ImagenFantasma,ASM,120000,956556,956556
ImagenFantasma,ASM,120000,956658,956658
ImagenFantasma,ASM,120000,955842,955842
ImagenFantasma,ASM,120000,956080,956080
ImagenFantasma,ASM,120000,956862,956862
ImagenFantasma,ASM,120000,956454,956454
ImagenFantasma,ASM,120000,955944,955944
ImagenFantasma,ASM,120000,966620,966620
ImagenFantasma,ASM,120000,956896,956896
ImagenFantasma,ASM,120000,1072020,1072020
ImagenFantasma,ASM,120000,956522,956522
ImagenFantasma,ASM,120000,956284,956284
ImagenFantasma,ASM,120000,958018,958018
ImagenFantasma,ASM,120000,1125604,1125604
ImagenFantasma,ASM,120000,956352,956352
ImagenFantasma,ASM,120000,978180,978180
ImagenFantasma,ASM,120000,958154,958154
ImagenFantasma,ASM,120000,963492,963492
ImagenFantasma,ASM,120000,956080,956080
ImagenFantasma,ASM,120000,1373328,1373328
ImagenFantasma,ASM,120000,959990,959990
ImagenFantasma,ASM,120000,956896,956896
ImagenFantasma,ASM,120000,970088,970088
ImagenFantasma,ASM,120000,1352962,1352962
ImagenFantasma,ASM,120000,958086,958086
ImagenFantasma,ASM,120000,956590,956590
ImagenFantasma,ASM,120000,956522,956522
ImagenFantasma,ASM,120000,973624,973624
ImagenFantasma,ASM,120000,1066784,1066784
ImagenFantasma,ASM,120000,956284,956284
ImagenFantasma,ASM,120000,957270,957270
ImagenFantasma,ASM,120000,956216,956216
ImagenFantasma,ASM,120000,956284,956284
ImagenFantasma,ASM,120000,956794,956794
ImagenFantasma,ASM,120000,1394000,1394000
ImagenFantasma,ASM,120000,1337152,1337152
ImagenFantasma,ASM,120000,1283466,1283466
ImagenFantasma,ASM,120000,955706,955706
ImagenFantasma,ASM,120000,955978,955978
ImagenFantasma,ASM,120000,956352,956352
ImagenFantasma,ASM,120000,956624,956624
ImagenFantasma,ASM,120000,1269118,1269118
ImagenFantasma,ASM,120000,956216,956216
ImagenFantasma,ASM,120000,955638,955638
ImagenFantasma,ASM,120000,956930,956930
ImagenFantasma,ASM,120000,1052436,1052436
ImagenFantasma,ASM,120000,956250,956250
ImagenFantasma,ASM,120000,956148,956148
ImagenFantasma,ASM,120000,970326,970326
ImagenFantasma,ASM,120000,957168,957168
ImagenFantasma,ASM,120000,956556,956556
ImagenFantasma,ASM,120000,963492,963492
ImagenFantasma,ASM,120000,959990,959990
ImagenFantasma,ASM,120000,956352,956352
ImagenFantasma,ASM,120000,956760,956760
ImagenFantasma,ASM,120000,964376,964376
ImagenFantasma,ASM,120000,956862,956862
ImagenFantasma,ASM,120000,985966,985966
ImagenFantasma,ASM,120000,956522,956522
ImagenFantasma,ASM,120000,956964,956964
ImagenFantasma,ASM,120000,957032,957032
ImagenFantasma,ASM,120000,1098676,1098676
ImagenFantasma,ASM,120000,970156,970156
ImagenFantasma,ASM,120000,980084,980084
ImagenFantasma,ASM,120000,958426,958426
ImagenFantasma,ASM,120000,1077868,1077868
ImagenFantasma,ASM,120000,1372580,1372580
ImagenFantasma,ASM,120000,969136,969136
ImagenFantasma,ASM,131072,1498924,1498924
ImagenFantasma,ASM,131072,1617346,1617346
ImagenFantasma,ASM,131072,1522826,1522826
ImagenFantasma,ASM,131072,1043120,1043120
ImagenFantasma,ASM,131072,1042338,1042338
ImagenFantasma,ASM,131072,1042712,1042712
ImagenFantasma,ASM,131072,1042100,1042100
ImagenFantasma,ASM,131072,1526226,1526226
ImagenFantasma,ASM,131072,1522146,1522146
ImagenFantasma,ASM,131072,1499196,1499196
ImagenFantasma,ASM,131072,1042644,1042644
ImagenFantasma,ASM,131072,1053116,1053116
ImagenFantasma,ASM,131072,1041692,1041692
ImagenFantasma,ASM,131072,1044174,1044174
ImagenFantasma,ASM,131072,1042236,1042236
ImagenFantasma,ASM,131072,1499230,1499230
ImagenFantasma,ASM,131072,1042440,1042440
ImagenFantasma,ASM,131072,1427626,1427626
ImagenFantasma,ASM,131072,1041862,1041862
ImagenFantasma,ASM,131072,1042576,1042576
ImagenFantasma,ASM,131072,1042338,1042338
ImagenFantasma,ASM,131072,1055156,1055156
ImagenFantasma,ASM,131072,1072190,1072190
ImagenFantasma,ASM,131072,1043290,1043290
ImagenFantasma,ASM,131072,1041454,1041454
ImagenFantasma,ASM,131072,1445680,1445680
ImagenFantasma,ASM,131072,1042100,1042100
ImagenFantasma,ASM,131072,1239776,1239776
ImagenFantasma,ASM,131072,1057604,1057604
ImagenFantasma,ASM,131072,1294516,1294516
ImagenFantasma,ASM,131072,1052232,1052232
ImagenFantasma,ASM,131072,1042984,1042984
ImagenFantasma,ASM,131072,1041624,1041624
ImagenFantasma,ASM,131072,1043222,1043222
ImagenFantasma,ASM,131072,1146208,1146208
ImagenFantasma,ASM,131072,1042950,1042950
ImagenFantasma,ASM,131072,1043664,1043664
ImagenFantasma,ASM,131072,1058148,1058148
ImagenFantasma,ASM,131072,1041794,1041794
ImagenFantasma,ASM,131072,1062772,1062772
ImagenFantasma,ASM,131072,1041590,1041590
ImagenFantasma,ASM,131072,1521670,1521670
ImagenFantasma,ASM,131072,1405050,1405050
ImagenFantasma,ASM,131072,1066920,1066920
ImagenFantasma,ASM,131072,1055870,1055870
ImagenFantasma,ASM,131072,1081234,1081234
ImagenFantasma,ASM,131072,1056074,1056074
ImagenFantasma,ASM,131072,1056856,1056856
ImagenFantasma,ASM,131072,1352758,1352758
ImagenFantasma,ASM,131072,1060732,1060732
ImagenFantasma,ASM,131072,1055088,1055088
ImagenFantasma,ASM,131072,1059440,1059440
ImagenFantasma,ASM,131072,1056142,1056142
ImagenFantasma,ASM,131072,1059916,1059916
ImagenFantasma,ASM,131072,1088102,1088102
ImagenFantasma,ASM,131072,1056788,1056788
ImagenFantasma,ASM,131072,1056176,1056176
ImagenFantasma,ASM,131072,1056754,1056754
ImagenFantasma,ASM,131072,1057128,1057128
ImagenFantasma,ASM,131072,1043358,1043358
ImagenFantasma,ASM,131072,1041964,1041964
ImagenFantasma,ASM,131072,1060460,1060460
ImagenFantasma,ASM,131072,1042508,1042508
ImagenFantasma,ASM,131072,1044718,1044718
ImagenFantasma,ASM,131072,1042372,1042372
ImagenFantasma,ASM,131072,1042610,1042610
ImagenFantasma,ASM,131072,1042100,1042100
ImagenFantasma,ASM,131072,1043868,1043868
ImagenFantasma,ASM,131072,1041998,1041998
ImagenFantasma,ASM,131072,1233316,1233316
ImagenFantasma,ASM,131072,1042236,1042236
ImagenFantasma,ASM,131072,1500658,1500658
ImagenFantasma,ASM,131072,1041726,1041726
ImagenFantasma,ASM,131072,1044412,1044412
ImagenFantasma,ASM,131072,1042134,1042134
ImagenFantasma,ASM,131072,1042542,1042542
ImagenFantasma,ASM,131072,1151750,1151750
ImagenFantasma,ASM,131072,1048390,1048390
ImagenFantasma,ASM,131072,1042984,1042984
ImagenFantasma,ASM,131072,1107618,1107618
ImagenFantasma,ASM,131072,1041896,1041896
ImagenFantasma,ASM,131072,1055836,1055836
ImagenFantasma,ASM,131072,1285064,1285064
ImagenFantasma,ASM,131072,1055156,1055156
ImagenFantasma,ASM,131072,1041318,1041318
ImagenFantasma,ASM,131072,1043494,1043494
ImagenFantasma,ASM,131072,1042032,1042032
ImagenFantasma,ASM,131072,1043426,1043426
ImagenFantasma,ASM,131072,1041692,1041692
ImagenFantasma,ASM,131072,1042814,1042814
ImagenFantasma,ASM,131072,1066104,1066104
ImagenFantasma,ASM,131072,1080962,1080962
ImagenFantasma,ASM,131072,1102280,1102280
ImagenFantasma,ASM,131072,1106530,1106530
ImagenFantasma,ASM,131072,1530714,1530714
ImagenFantasma,ASM,131072,1042100,1042100
ImagenFantasma,ASM,131072,1041896,1041896
ImagenFantasma,ASM,131072,1049444,1049444
ImagenFantasma,ASM,131072,1042610,1042610
ImagenFantasma,ASM,131072,1440206,1440206
ImagenFantasma,ASM,131072,1044242,1044242
ImagenFantasma,ASM,131072,1042542,1042542
ImagenFantasma,ASM,131072,1042814,1042814
ImagenFantasma,ASM,131072,1137606,1137606
ImagenFantasma,ASM,131072,1042712,1042712
ImagenFantasma,ASM,131072,1049512,1049512
ImagenFantasma,ASM,131072,1497190,1497190
ImagenFantasma,ASM,131072,1052708,1052708
ImagenFantasma,ASM,131072,1668414,1668414
ImagenFantasma,ASM,131072,1061718,1061718
ImagenFantasma,ASM,131072,1042678,1042678
ImagenFantasma,ASM,131072,1043596,1043596
ImagenFantasma,ASM,131072,1041624,1041624
ImagenFantasma,ASM,131072,1044106,1044106
ImagenFantasma,ASM,131072,1304954,1304954
ImagenFantasma,ASM,131072,1043154,1043154
ImagenFantasma,ASM,131072,1058182,1058182
ImagenFantasma,ASM,131072,1044276,1044276
ImagenFantasma,ASM,131072,1042032,1042032
ImagenFantasma,ASM,131072,1042338,1042338
ImagenFantasma,ASM,131072,1042202,1042202
ImagenFantasma,ASM,131072,1049716,1049716
ImagenFantasma,ASM,131072,1042338,1042338
ImagenFantasma,ASM,131072,1044582,1044582
ImagenFantasma,ASM,131072,1042610,1042610
ImagenFantasma,ASM,131072,1043052,1043052
ImagenFantasma,ASM,131072,1041658,1041658
ImagenFantasma,ASM,131072,1044072,1044072
ImagenFantasma,ASM,131072,1056890,1056890
ImagenFantasma,ASM,131072,1042814,1042814
ImagenFantasma,ASM,131072,1041726,1041726
ImagenFantasma,ASM,131072,1042746,1042746
ImagenFantasma,ASM,131072,1043528,1043528
ImagenFantasma,ASM,131072,1498550,1498550
ImagenFantasma,ASM,131072,1172082,1172082
ImagenFantasma,ASM,131072,1238178,1238178
ImagenFantasma,ASM,131072,1497054,1497054
ImagenFantasma,ASM,131072,1417800,1417800
ImagenFantasma,ASM,131072,1042576,1042576
ImagenFantasma,ASM,131072,1441396,1441396
ImagenFantasma,ASM,131072,1498516,1498516
ImagenFantasma,ASM,131072,1514564,1514564
ImagenFantasma,ASM,131072,1044140,1044140
ImagenFantasma,ASM,131072,1042984,1042984
ImagenFantasma,ASM,131072,1044072,1044072
ImagenFantasma,ASM,131072,1043222,1043222
ImagenFantasma,ASM,131072,1042304,1042304
ImagenFantasma,ASM,131072,1567162,1567162
ImagenFantasma,ASM,131072,1512116,1512116
ImagenFantasma,ASM,131072,1520786,1520786
ImagenFantasma,ASM,131072,1578518,1578518
ImagenFantasma,ASM,131072,1518678,1518678
ImagenFantasma,ASM,131072,1517386,1517386
ImagenFantasma,ASM,131072,1059270,1059270
ImagenFantasma,ASM,131072,1057672,1057672
ImagenFantasma,ASM,131072,1057162,1057162
ImagenFantasma,ASM,131072,1096568,1096568
ImagenFantasma,ASM,131072,1058760,1058760
ImagenFantasma,ASM,131072,1536732,1536732
ImagenFantasma,ASM,131072,1055734,1055734
ImagenFantasma,ASM,131072,1087184,1087184
ImagenFantasma,ASM,131072,1335180,1335180
ImagenFantasma,ASM,131072,1067940,1067940
ImagenFantasma,ASM,131072,1057094,1057094
ImagenFantasma,ASM,131072,1056108,1056108
ImagenFantasma,ASM,131072,1069912,1069912
ImagenFantasma,ASM,131072,1071068,1071068
ImagenFantasma,ASM,131072,1045024,1045024
ImagenFantasma,ASM,131072,1041624,1041624
ImagenFantasma,ASM,131072,1500250,1500250
ImagenFantasma,ASM,131072,1042678,1042678
ImagenFantasma,ASM,131072,1048424,1048424
ImagenFantasma,ASM,131072,1042270,1042270
ImagenFantasma,ASM,131072,1059100,1059100
ImagenFantasma,ASM,131072,1042814,1042814
ImagenFantasma,ASM,131072,1043290,1043290
ImagenFantasma,ASM,131072,1759160,1759160
ImagenFantasma,ASM,131072,1043698,1043698
ImagenFantasma,ASM,131072,1041318,1041318
ImagenFantasma,ASM,131072,1261094,1261094
ImagenFantasma,ASM,131072,1042066,1042066
ImagenFantasma,ASM,131072,1054850,1054850
ImagenFantasma,ASM,131072,1042406,1042406
ImagenFantasma,ASM,131072,1514190,1514190
ImagenFantasma,ASM,131072,1042508,1042508
ImagenFantasma,ASM,131072,1043086,1043086
ImagenFantasma,ASM,131072,1069674,1069674
ImagenFantasma,ASM,131072,1042984,1042984
ImagenFantasma,ASM,131072,1078412,1078412
ImagenFantasma,ASM,131072,1043392,1043392
ImagenFantasma,ASM,131072,1064574,1064574
ImagenFantasma,ASM,131072,1044820,1044820
ImagenFantasma,ASM,131072,1042304,1042304
ImagenFantasma,ASM,131072,1043562,1043562
ImagenFantasma,ASM,131072,1051076,1051076
ImagenFantasma,ASM,131072,1391348,1391348
ImagenFantasma,ASM,131072,1045024,1045024
ImagenFantasma,ASM,131072,1042202,1042202
ImagenFantasma,ASM,131072,1043188,1043188
ImagenFantasma,ASM,131072,1064098,1064098
ImagenFantasma,ASM,131072,1042338,1042338
ImagenFantasma,ASM,131072,1058352,1058352
ImagenFantasma,ASM,131072,1042780,1042780
ImagenFantasma,ASM,131072,1505180,1505180
ImagenFantasma,ASM,131072,1042100,1042100
ImagenFantasma,ASM,131072,1044514,1044514
ImagenFantasma,ASM,131072,1497054,1497054
ImagenFantasma,ASM,131072,1043188,1043188
ImagenFantasma,ASM,131072,1041794,1041794
ImagenFantasma,ASM,131072,1042746,1042746
ImagenFantasma,ASM,131072,1250690,1250690
ImagenFantasma,ASM,131072,1149234,1149234
ImagenFantasma,ASM,131072,1041352,1041352
ImagenFantasma,ASM,131072,1464890,1464890
ImagenFantasma,ASM,131072,1042270,1042270
ImagenFantasma,ASM,131072,1042984,1042984
ImagenFantasma,ASM,131072,1041522,1041522
ImagenFantasma,ASM,131072,1073278,1073278
ImagenFantasma,ASM,131072,1497258,1497258
ImagenFantasma,ASM,131072,1043392,1043392
ImagenFantasma,ASM,131072,1042236,1042236
ImagenFantasma,ASM,131072,1043732,1043732
ImagenFantasma,ASM,131072,1041386,1041386
ImagenFantasma,ASM,131072,1050600,1050600
ImagenFantasma,ASM,131072,1525648,1525648
ImagenFantasma,ASM,131072,1044650,1044650
ImagenFantasma,ASM,131072,1129514,1129514
ImagenFantasma,ASM,131072,1373702,1373702
ImagenFantasma,ASM,131072,1041998,1041998
ImagenFantasma,ASM,131072,1095854,1095854
ImagenFantasma,ASM,131072,1670726,1670726
ImagenFantasma,ASM,131072,1043052,1043052
ImagenFantasma,ASM,131072,1042474,1042474
ImagenFantasma,ASM,131072,1050362,1050362
ImagenFantasma,ASM,131072,1042066,1042066
ImagenFantasma,ASM,131072,1065356,1065356
ImagenFantasma,ASM,131072,1041624,1041624
ImagenFantasma,ASM,131072,1042780,1042780
ImagenFantasma,ASM,131072,1041250,1041250
ImagenFantasma,ASM,131072,1042474,1042474
ImagenFantasma,ASM,131072,1209448,1209448
ImagenFantasma,ASM,131072,1042542,1042542
ImagenFantasma,ASM,131072,1512830,1512830
ImagenFantasma,ASM,131072,1042984,1042984
ImagenFantasma,ASM,131072,1042236,1042236
ImagenFantasma,ASM,131072,1042100,1042100
ImagenFantasma,ASM,131072,1041930,1041930
ImagenFantasma,ASM,131072,1530782,1530782
ImagenFantasma,ASM,131072,1350412,1350412
ImagenFantasma,ASM,131072,1057196,1057196
ImagenFantasma,ASM,131072,1042270,1042270
ImagenFantasma,ASM,131072,1063928,1063928
ImagenFantasma,ASM,131072,1549448,1549448
ImagenFantasma,ASM,131072,1045568,1045568
ImagenFantasma,ASM,131072,1086742,1086742
ImagenFantasma,ASM,131072,1043494,1043494
ImagenFantasma,ASM,131072,1041998,1041998
ImagenFantasma,ASM,131072,1044208,1044208
ImagenFantasma,ASM,131072,1041318,1041318
ImagenFantasma,ASM,131072,1042916,1042916
ImagenFantasma,ASM,131072,1291592,1291592
ImagenFantasma,ASM,131072,1042610,1042610
ImagenFantasma,ASM,131072,1041182,1041182
ImagenFantasma,ASM,131072,1420214,1420214
ImagenFantasma,ASM,131072,1042440,1042440
ImagenFantasma,ASM,131072,1043154,1043154
ImagenFantasma,ASM,131072,1043868,1043868
ImagenFantasma,ASM,131072,1042134,1042134
ImagenFantasma,ASM,131072,1041658,1041658
ImagenFantasma,ASM,131072,1145732,1145732
ImagenFantasma,ASM,131072,1041862,1041862
ImagenFantasma,ASM,131072,1042848,1042848
ImagenFantasma,ASM,131072,1041794,1041794
ImagenFantasma,ASM,131072,1042882,1042882
ImagenFantasma,ASM,131072,1041794,1041794
ImagenFantasma,ASM,131072,1042508,1042508
ImagenFantasma,ASM,131072,1060528,1060528
ImagenFantasma,ASM,131072,1043188,1043188
ImagenFantasma,ASM,131072,1054612,1054612
ImagenFantasma,ASM,131072,1043154,1043154
ImagenFantasma,ASM,131072,1042134,1042134
ImagenFantasma,ASM,131072,1042950,1042950
ImagenFantasma,ASM,131072,1042474,1042474
ImagenFantasma,ASM,131072,1041828,1041828
ImagenFantasma,ASM,131072,1042032,1042032
ImagenFantasma,ASM,131072,1053218,1053218
ImagenFantasma,ASM,131072,1557098,1557098
ImagenFantasma,ASM,131072,1043358,1043358
ImagenFantasma,ASM,131072,1042440,1042440
ImagenFantasma,ASM,131072,1043528,1043528
ImagenFantasma,ASM,131072,1041114,1041114
ImagenFantasma,ASM,131072,1081744,1081744
ImagenFantasma,ASM,131072,1042032,1042032
ImagenFantasma,ASM,131072,1106224,1106224
ImagenFantasma,ASM,131072,1041998,1041998
ImagenFantasma,ASM,131072,1043222,1043222
ImagenFantasma,ASM,131072,1517488,1517488
ImagenFantasma,ASM,131072,1064744,1064744
ImagenFantasma,ASM,131072,1055564,1055564
ImagenFantasma,ASM,131072,1056652,1056652
ImagenFantasma,ASM,480000,5829504,5829504
ImagenFantasma,ASM,480000,4041342,4041342
ImagenFantasma,ASM,480000,3912516,3912516
ImagenFantasma,ASM,480000,3891810,3891810
ImagenFantasma,ASM,480000,3915066,3915066
ImagenFantasma,ASM,480000,4438768,4438768
ImagenFantasma,ASM,480000,3877700,3877700
ImagenFantasma,ASM,480000,3911564,3911564
ImagenFantasma,ASM,480000,4009790,4009790
ImagenFantasma,ASM,480000,4019072,4019072
ImagenFantasma,ASM,480000,3903574,3903574
ImagenFantasma,ASM,480000,5760688,5760688
ImagenFantasma,ASM,480000,3991940,3991940
ImagenFantasma,ASM,480000,4421870,4421870
ImagenFantasma,ASM,480000,3912040,3912040
ImagenFantasma,ASM,480000,4530160,4530160
ImagenFantasma,ASM,480000,3874980,3874980
ImagenFantasma,ASM,480000,4089316,4089316
ImagenFantasma,ASM,480000,3992960,3992960
ImagenFantasma,ASM,480000,4355876,4355876
ImagenFantasma,ASM,480000,3858082,3858082
ImagenFantasma,ASM,480000,3923702,3923702
ImagenFantasma,ASM,480000,3871104,3871104
ImagenFantasma,ASM,480000,3875796,3875796
ImagenFantasma,ASM,480000,3876952,3876952
ImagenFantasma,ASM,480000,4015604,4015604
ImagenFantasma,ASM,480000,3862910,3862910
ImagenFantasma,ASM,480000,4090812,4090812
ImagenFantasma,ASM,480000,3879706,3879706
ImagenFantasma,ASM,480000,3871376,3871376
ImagenFantasma,ASM,480000,4037296,4037296
ImagenFantasma,ASM,480000,3885044,3885044
ImagenFantasma,ASM,480000,3884670,3884670
ImagenFantasma,ASM,480000,6015280,6015280
ImagenFantasma,ASM,480000,3863964,3863964
ImagenFantasma,ASM,480000,3877054,3877054
ImagenFantasma,ASM,480000,3863896,3863896
ImagenFantasma,ASM,480000,3871308,3871308
ImagenFantasma,ASM,480000,5324638,5324638
ImagenFantasma,ASM,480000,6061486,6061486
ImagenFantasma,ASM,480000,3860054,3860054
ImagenFantasma,ASM,480000,3900310,3900310
ImagenFantasma,ASM,480000,3903506,3903506
ImagenFantasma,ASM,480000,3878992,3878992
ImagenFantasma,ASM,480000,3897794,3897794
ImagenFantasma,ASM,480000,4355808,4355808
ImagenFantasma,ASM,480000,4160920,4160920
ImagenFantasma,ASM,480000,4512446,4512446
ImagenFantasma,ASM,480000,3863998,3863998
ImagenFantasma,ASM,480000,3868486,3868486
ImagenFantasma,ASM,480000,3872906,3872906
ImagenFantasma,ASM,480000,3863522,3863522
ImagenFantasma,ASM,480000,4583608,4583608
ImagenFantasma,ASM,480000,3864644,3864644
ImagenFantasma,ASM,480000,4230688,4230688
ImagenFantasma,ASM,480000,3992518,3992518
ImagenFantasma,ASM,480000,3865324,3865324
ImagenFantasma,ASM,480000,3877904,3877904
ImagenFantasma,ASM,480000,3873960,3873960
ImagenFantasma,ASM,480000,3867500,3867500
ImagenFantasma,ASM,480000,3871988,3871988
ImagenFantasma,ASM,480000,3992348,3992348
ImagenFantasma,ASM,480000,4269720,4269720
ImagenFantasma,ASM,480000,3994490,3994490
ImagenFantasma,ASM,480000,3985004,3985004
ImagenFantasma,ASM,480000,3868554,3868554
ImagenFantasma,ASM,480000,3876000,3876000
ImagenFantasma,ASM,480000,3862842,3862842
ImagenFantasma,ASM,480000,3874640,3874640
ImagenFantasma,ASM,480000,5006024,5006024
ImagenFantasma,ASM,480000,3931250,3931250
ImagenFantasma,ASM,480000,3979870,3979870
ImagenFantasma,ASM,480000,3979666,3979666
ImagenFantasma,ASM,480000,5996750,5996750
ImagenFantasma,ASM,480000,4603124,4603124
ImagenFantasma,ASM,480000,4004112,4004112
ImagenFantasma,ASM,480000,5575456,5575456
ImagenFantasma,ASM,480000,3873722,3873722
ImagenFantasma,ASM,480000,4144396,4144396
ImagenFantasma,ASM,480000,5562026,5562026
ImagenFantasma,ASM,480000,5585758,5585758
ImagenFantasma,ASM,480000,4466920,4466920
ImagenFantasma,ASM,480000,3867228,3867228
ImagenFantasma,ASM,480000,4092546,4092546
ImagenFantasma,ASM,480000,3883888,3883888
ImagenFantasma,ASM,480000,5559306,5559306
ImagenFantasma,ASM,480000,3921696,3921696
ImagenFantasma,ASM,480000,5752392,5752392
ImagenFantasma,ASM,480000,4232388,4232388
ImagenFantasma,ASM,480000,4370802,4370802
ImagenFantasma,ASM,480000,3922036,3922036
ImagenFantasma,ASM,480000,5602486,5602486
ImagenFantasma,ASM,480000,3885860,3885860
ImagenFantasma,ASM,480000,3895550,3895550
ImagenFantasma,ASM,480000,3907178,3907178
ImagenFantasma,ASM,480000,4025600,4025600
ImagenFantasma,ASM,480000,3874300,3874300
ImagenFantasma,ASM,480000,4695502,4695502
ImagenFantasma,ASM,480000,3908912,3908912
ImagenFantasma,ASM,480000,4309874,4309874
ImagenFantasma,ASM,480000,4224534,4224534
ImagenFantasma,ASM,480000,5447480,5447480
ImagenFantasma,ASM,480000,3949814,3949814
ImagenFantasma,ASM,480000,4027810,4027810
ImagenFantasma,ASM,480000,3879502,3879502
ImagenFantasma,ASM,480000,3871138,3871138
ImagenFantasma,ASM,480000,3873450,3873450
ImagenFantasma,ASM,480000,3947740,3947740
ImagenFantasma,ASM,480000,3864202,3864202
ImagenFantasma,ASM,480000,4945300,4945300
ImagenFantasma,ASM,480000,3917548,3917548
ImagenFantasma,ASM,480000,3925946,3925946
ImagenFantasma,ASM,480000,3995782,3995782
ImagenFantasma,ASM,480000,4230144,4230144
ImagenFantasma,ASM,480000,3875966,3875966
ImagenFantasma,ASM,480000,5598372,5598372
ImagenFantasma,ASM,480000,5597318,5597318
ImagenFantasma,ASM,480000,3934208,3934208
ImagenFantasma,ASM,480000,4357610,4357610
ImagenFantasma,ASM,480000,4048788,4048788
ImagenFantasma,ASM,480000,4693020,4693020
ImagenFantasma,ASM,480000,3904390,3904390
ImagenFantasma,ASM,480000,4292738,4292738
ImagenFantasma,ASM,480000,3890654,3890654
ImagenFantasma,ASM,480000,3917038,3917038
ImagenFantasma,ASM,480000,4042090,4042090
ImagenFantasma,ASM,480000,5891146,5891146
ImagenFantasma,ASM,480000,3876272,3876272
ImagenFantasma,ASM,480000,4345676,4345676
ImagenFantasma,ASM,480000,3873858,3873858
ImagenFantasma,ASM,480000,4647188,4647188
ImagenFantasma,ASM,480000,3877666,3877666
ImagenFantasma,ASM,480000,4373896,4373896
ImagenFantasma,ASM,480000,3872396,3872396
ImagenFantasma,ASM,480000,4103494,4103494
ImagenFantasma,ASM,480000,3880556,3880556
ImagenFantasma,ASM,480000,4003670,4003670
ImagenFantasma,ASM,480000,3890450,3890450
ImagenFantasma,ASM,480000,3888274,3888274
ImagenFantasma,ASM,480000,4075546,4075546
ImagenFantasma,ASM,480000,3877394,3877394
ImagenFantasma,ASM,480000,4028116,4028116
ImagenFantasma,ASM,480000,3882120,3882120
ImagenFantasma,ASM,480000,3871342,3871342
ImagenFantasma,ASM,480000,3879332,3879332
ImagenFantasma,ASM,480000,3891606,3891606
ImagenFantasma,ASM,480000,3882358,3882358
ImagenFantasma,ASM,480000,3877768,3877768
ImagenFantasma,ASM,480000,3865834,3865834
ImagenFantasma,ASM,480000,3877224,3877224
ImagenFantasma,ASM,480000,3963686,3963686
ImagenFantasma,ASM,480000,3871478,3871478
ImagenFantasma,ASM,480000,3930774,3930774
ImagenFantasma,ASM,480000,3870662,3870662
ImagenFantasma,ASM,480000,5246846,5246846
ImagenFantasma,ASM,480000,3862128,3862128
ImagenFantasma,ASM,480000,5488076,5488076
ImagenFantasma,ASM,480000,3923158,3923158
ImagenFantasma,ASM,480000,3931964,3931964
ImagenFantasma,ASM,480000,3865562,3865562
ImagenFantasma,ASM,480000,3877088,3877088
ImagenFantasma,ASM,480000,3863862,3863862
ImagenFantasma,ASM,480000,3961918,3961918
ImagenFantasma,ASM,480000,3886914,3886914
ImagenFantasma,ASM,480000,3881440,3881440
ImagenFantasma,ASM,480000,3867602,3867602
ImagenFantasma,ASM,480000,3870016,3870016
ImagenFantasma,ASM,480000,3879740,3879740
ImagenFantasma,ASM,480000,4166292,4166292
ImagenFantasma,ASM,480000,5736718,5736718
ImagenFantasma,ASM,480000,5598746,5598746
ImagenFantasma,ASM,480000,5713802,5713802
ImagenFantasma,ASM,480000,5580114,5580114
ImagenFantasma,ASM,480000,4119984,4119984
ImagenFantasma,ASM,480000,4200836,4200836
ImagenFantasma,ASM,480000,3943422,3943422
ImagenFantasma,ASM,480000,5889378,5889378
ImagenFantasma,ASM,480000,4945674,4945674
ImagenFantasma,ASM,480000,6076752,6076752
ImagenFantasma,ASM,480000,3872294,3872294
ImagenFantasma,ASM,480000,3880896,3880896
ImagenFantasma,ASM,480000,3869608,3869608
ImagenFantasma,ASM,480000,3899936,3899936
ImagenFantasma,ASM,480000,3876408,3876408
ImagenFantasma,ASM,480000,3903336,3903336
ImagenFantasma,ASM,480000,4318136,4318136
ImagenFantasma,ASM,480000,3926626,3926626
ImagenFantasma,ASM,480000,3873586,3873586
ImagenFantasma,ASM,480000,3875524,3875524
ImagenFantasma,ASM,480000,3875932,3875932
ImagenFantasma,ASM,480000,6267866,6267866
ImagenFantasma,ASM,480000,3874402,3874402
ImagenFantasma,ASM,480000,4015604,4015604
ImagenFantasma,ASM,480000,5550500,5550500
ImagenFantasma,ASM,480000,5556178,5556178
ImagenFantasma,ASM,480000,4851664,4851664
ImagenFantasma,ASM,480000,5010784,5010784
ImagenFantasma,ASM,480000,4002752,4002752
ImagenFantasma,ASM,480000,4783902,4783902
ImagenFantasma,ASM,480000,3905376,3905376
ImagenFantasma,ASM,480000,3886268,3886268
ImagenFantasma,ASM,480000,3907654,3907654
ImagenFantasma,ASM,480000,5555192,5555192
ImagenFantasma,ASM,480000,3989356,3989356
ImagenFantasma,ASM,480000,3883344,3883344
ImagenFantasma,ASM,480000,3867262,3867262
ImagenFantasma,ASM,480000,5699046,5699046
ImagenFantasma,ASM,480000,3870798,3870798
ImagenFantasma,ASM,480000,3861278,3861278
ImagenFantasma,ASM,480000,3878788,3878788
ImagenFantasma,ASM,480000,5551316,5551316
ImagenFantasma,ASM,480000,3870832,3870832
ImagenFantasma,ASM,480000,3872192,3872192
ImagenFantasma,ASM,480000,3870186,3870186
ImagenFantasma,ASM,480000,6186640,6186640
ImagenFantasma,ASM,480000,3871036,3871036
ImagenFantasma,ASM,480000,3865120,3865120
ImagenFantasma,ASM,480000,3881406,3881406
ImagenFantasma,ASM,480000,3996292,3996292
ImagenFantasma,ASM,480000,3883072,3883072
ImagenFantasma,ASM,480000,3865120,3865120
ImagenFantasma,ASM,480000,3872566,3872566
ImagenFantasma,ASM,480000,3927578,3927578
ImagenFantasma,ASM,480000,3876340,3876340
ImagenFantasma,ASM,480000,3881338,3881338
ImagenFantasma,ASM,480000,3881644,3881644
ImagenFantasma,ASM,480000,3860768,3860768
ImagenFantasma,ASM,480000,5431364,5431364
ImagenFantasma,ASM,480000,3877768,3877768
ImagenFantasma,ASM,480000,5579638,5579638
ImagenFantasma,ASM,480000,6284424,6284424
ImagenFantasma,ASM,480000,3865902,3865902
ImagenFantasma,ASM,480000,3912040,3912040
ImagenFantasma,ASM,480000,3885656,3885656
ImagenFantasma,ASM,480000,4226404,4226404
ImagenFantasma,ASM,480000,3865664,3865664
ImagenFantasma,ASM,480000,5600480,5600480
ImagenFantasma,ASM,480000,3866276,3866276
ImagenFantasma,ASM,480000,6304586,6304586
ImagenFantasma,ASM,480000,3891266,3891266
ImagenFantasma,ASM,480000,4543216,4543216
ImagenFantasma,ASM,480000,5905290,5905290
ImagenFantasma,ASM,480000,6087904,6087904
ImagenFantasma,ASM,480000,3875796,3875796
ImagenFantasma,ASM,480000,3860360,3860360
ImagenFantasma,ASM,480000,3881406,3881406
ImagenFantasma,ASM,480000,3930298,3930298
ImagenFantasma,ASM,480000,3881134,3881134
ImagenFantasma,ASM,480000,3887016,3887016
ImagenFantasma,ASM,480000,3873586,3873586
ImagenFantasma,ASM,480000,3873926,3873926
ImagenFantasma,ASM,480000,3865936,3865936
ImagenFantasma,ASM,480000,3875388,3875388
ImagenFantasma,ASM,480000,3871546,3871546
ImagenFantasma,ASM,480000,3985208,3985208
ImagenFantasma,ASM,480000,4564194,4564194
ImagenFantasma,ASM,480000,3930026,3930026
ImagenFantasma,ASM,480000,4114170,4114170
ImagenFantasma,ASM,480000,4325888,4325888
ImagenFantasma,ASM,480000,4258092,4258092
ImagenFantasma,ASM,480000,3869710,3869710
ImagenFantasma,ASM,480000,3986160,3986160
ImagenFantasma,ASM,480000,4595270,4595270
ImagenFantasma,ASM,480000,3985990,3985990
ImagenFantasma,ASM,480000,4922180,4922180
ImagenFantasma,ASM,480000,4456516,4456516
ImagenFantasma,ASM,480000,3868588,3868588
ImagenFantasma,ASM,480000,3934446,3934446
ImagenFantasma,ASM,480000,4453762,4453762
ImagenFantasma,ASM,480000,5582358,5582358
ImagenFantasma,ASM,480000,6252464,6252464
ImagenFantasma,ASM,480000,3880624,3880624
ImagenFantasma,ASM,480000,5550704,5550704
ImagenFantasma,ASM,480000,4992662,4992662
ImagenFantasma,ASM,480000,5554648,5554648
ImagenFantasma,ASM,480000,5147600,5147600
ImagenFantasma,ASM,480000,5178608,5178608
ImagenFantasma,ASM,480000,4827218,4827218
ImagenFantasma,ASM,480000,4359208,4359208
ImagenFantasma,ASM,480000,3894428,3894428
ImagenFantasma,ASM,480000,4996878,4996878
ImagenFantasma,ASM,480000,4275738,4275738
ImagenFantasma,ASM,480000,3874130,3874130
ImagenFantasma,ASM,480000,3903812,3903812
ImagenFantasma,ASM,480000,3864916,3864916
ImagenFantasma,ASM,480000,3885350,3885350
ImagenFantasma,ASM,480000,4464642,4464642
ImagenFantasma,ASM,480000,4292908,4292908
ImagenFantasma,ASM,480000,5414194,5414194
ImagenFantasma,ASM,480000,4251938,4251938
ImagenFantasma,ASM,480000,4209166,4209166
ImagenFantasma,ASM,480000,4099346,4099346
ImagenFantasma,ASM,480000,3876510,3876510
ImagenFantasma,ASM,480000,4357508,4357508
ImagenFantasma,ASM,480000,5570696,5570696
ImagenFantasma,ASM,480000,5573552,5573552
ImagenFantasma,ASM,480000,5555872,5555872
ImagenFantasma,ASM,480000,3908810,3908810
ImagenFantasma,ASM,480000,3865596,3865596
ImagenFantasma,ASM,480000,4736268,4736268
ImagenFantasma,ASM,1920000,18867348,18867348
ImagenFantasma,ASM,1920000,16772438,16772438
ImagenFantasma,ASM,1920000,18463666,18463666
ImagenFantasma,ASM,1920000,16760572,16760572
ImagenFantasma,ASM,1920000,16985550,16985550
ImagenFantasma,ASM,1920000,15827680,15827680
ImagenFantasma,ASM,1920000,15775456,15775456
ImagenFantasma,ASM,1920000,18003306,18003306
ImagenFantasma,ASM,1920000,15786812,15786812
ImagenFantasma,ASM,1920000,15792694,15792694
ImagenFantasma,ASM,1920000,15829176,15829176
ImagenFantasma,ASM,1920000,15888540,15888540
ImagenFantasma,ASM,1920000,15839580,15839580
ImagenFantasma,ASM,1920000,20770600,20770600
ImagenFantasma,ASM,1920000,16899496,16899496
ImagenFantasma,ASM,1920000,15990200,15990200
ImagenFantasma,ASM,1920000,17926806,17926806
ImagenFantasma,ASM,1920000,16026104,16026104
ImagenFantasma,ASM,1920000,15849610,15849610
ImagenFantasma,ASM,1920000,16445562,16445562
ImagenFantasma,ASM,1920000,16602064,16602064
ImagenFantasma,ASM,1920000,15810340,15810340
ImagenFantasma,ASM,1920000,16374366,16374366
ImagenFantasma,ASM,1920000,15900406,15900406
ImagenFantasma,ASM,1920000,15886500,15886500
ImagenFantasma,ASM,1920000,15798134,15798134
ImagenFantasma,ASM,1920000,15894694,15894694
ImagenFantasma,ASM,1920000,16010872,16010872
ImagenFantasma,ASM,1920000,15711434,15711434
ImagenFantasma,ASM,1920000,15771104,15771104
ImagenFantasma,ASM,1920000,16177404,16177404
ImagenFantasma,ASM,1920000,15807858,15807858
ImagenFantasma,ASM,1920000,17094860,17094860
ImagenFantasma,ASM,1920000,18553562,18553562
ImagenFantasma,ASM,1920000,22245792,22245792
ImagenFantasma,ASM,1920000,15772566,15772566
ImagenFantasma,ASM,1920000,19076006,19076006
ImagenFantasma,ASM,1920000,15756552,15756552
ImagenFantasma,ASM,1920000,17509184,17509184
ImagenFantasma,ASM,1920000,19390914,19390914
ImagenFantasma,ASM,1920000,15771410,15771410
ImagenFantasma,ASM,1920000,15759136,15759136
ImagenFantasma,ASM,1920000,16630080,16630080
ImagenFantasma,ASM,1920000,15767738,15767738
ImagenFantasma,ASM,1920000,15744108,15744108
ImagenFantasma,ASM,1920000,15723776,15723776
ImagenFantasma,ASM,1920000,20731670,20731670
ImagenFantasma,ASM,1920000,16022636,16022636
ImagenFantasma,ASM,1920000,15904418,15904418
ImagenFantasma,ASM,1920000,15887146,15887146
ImagenFantasma,ASM,1920000,16348798,16348798
ImagenFantasma,ASM,1920000,15965584,15965584
ImagenFantasma,ASM,1920000,15746488,15746488
ImagenFantasma,ASM,1920000,15772940,15772940
ImagenFantasma,ASM,1920000,18055802,18055802
ImagenFantasma,ASM,1920000,15805240,15805240
ImagenFantasma,ASM,1920000,16228234,16228234
ImagenFantasma,ASM,1920000,16063504,16063504
ImagenFantasma,ASM,1920000,15841654,15841654
ImagenFantasma,ASM,1920000,15911014,15911014
ImagenFantasma,ASM,1920000,15787866,15787866
ImagenFantasma,ASM,1920000,15803676,15803676
ImagenFantasma,ASM,1920000,16749896,16749896
ImagenFantasma,ASM,1920000,15782936,15782936
ImagenFantasma,ASM,1920000,15875926,15875926
ImagenFantasma,ASM,1920000,18495286,18495286
ImagenFantasma,ASM,1920000,15917338,15917338
ImagenFantasma,ASM,1920000,15807620,15807620
ImagenFantasma,ASM,1920000,15790824,15790824
ImagenFantasma,ASM,1920000,15747304,15747304
ImagenFantasma,ASM,1920000,16788350,16788350
ImagenFantasma,ASM,1920000,15807484,15807484
ImagenFantasma,ASM,1920000,15808198,15808198
ImagenFantasma,ASM,1920000,15749956,15749956
ImagenFantasma,ASM,1920000,15819792,15819792
ImagenFantasma,ASM,1920000,22933272,22933272
ImagenFantasma,ASM,1920000,21594420,21594420
ImagenFantasma,ASM,1920000,15922064,15922064
ImagenFantasma,ASM,1920000,19466054,19466054
ImagenFantasma,ASM,1920000,15748120,15748120
ImagenFantasma,ASM,1920000,16421932,16421932
ImagenFantasma,ASM,1920000,16094954,16094954
ImagenFantasma,ASM,1920000,20006722,20006722
ImagenFantasma,ASM,1920000,15867324,15867324
ImagenFantasma,ASM,1920000,18986212,18986212
ImagenFantasma,ASM,1920000,22407496,22407496
ImagenFantasma,ASM,1920000,24165976,24165976
ImagenFantasma,ASM,1920000,15823634,15823634
ImagenFantasma,ASM,1920000,15777360,15777360
ImagenFantasma,ASM,1920000,15758592,15758592
ImagenFantasma,ASM,1920000,15792252,15792252
ImagenFantasma,ASM,1920000,15731324,15731324
ImagenFantasma,ASM,1920000,16459876,16459876
ImagenFantasma,ASM,1920000,15764780,15764780
ImagenFantasma,ASM,1920000,20121404,20121404
ImagenFantasma,ASM,1920000,15801874,15801874
ImagenFantasma,ASM,1920000,20933324,20933324
ImagenFantasma,ASM,1920000,17183464,17183464
ImagenFantasma,ASM,1920000,22399472,22399472
ImagenFantasma,ASM,1920000,15856444,15856444
ImagenFantasma,ASM,1920000,16276174,16276174
ImagenFantasma,ASM,1920000,15971806,15971806
ImagenFantasma,ASM,1920000,16252850,16252850
ImagenFantasma,ASM,1920000,15861034,15861034
ImagenFantasma,ASM,1920000,16985890,16985890
ImagenFantasma,ASM,1920000,23986660,23986660
ImagenFantasma,ASM,1920000,15794666,15794666
ImagenFantasma,ASM,1920000,19572780,19572780
ImagenFantasma,ASM,1920000,15747202,15747202
ImagenFantasma,ASM,1920000,16297050,16297050
ImagenFantasma,ASM,1920000,17568378,17568378
ImagenFantasma,ASM,1920000,19229312,19229312
ImagenFantasma,ASM,1920000,19886056,19886056
ImagenFantasma,ASM,1920000,19361368,19361368
ImagenFantasma,ASM,1920000,15852126,15852126
ImagenFantasma,ASM,1920000,21446180,21446180
ImagenFantasma,ASM,1920000,15783616,15783616
ImagenFantasma,ASM,1920000,15830128,15830128
ImagenFantasma,ASM,1920000,15833086,15833086
ImagenFantasma,ASM,1920000,17293896,17293896
ImagenFantasma,ASM,1920000,19589508,19589508
ImagenFantasma,ASM,1920000,17243066,17243066
ImagenFantasma,ASM,1920000,22471926,22471926
ImagenFantasma,ASM,1920000,15765018,15765018
ImagenFantasma,ASM,1920000,15713814,15713814
ImagenFantasma,ASM,1920000,15830230,15830230
ImagenFantasma,ASM,1920000,17701012,17701012
ImagenFantasma,ASM,1920000,15725578,15725578
ImagenFantasma,ASM,1920000,15832508,15832508
ImagenFantasma,ASM,1920000,15766174,15766174
ImagenFantasma,ASM,1920000,16510876,16510876
ImagenFantasma,ASM,1920000,17053312,17053312
ImagenFantasma,ASM,1920000,17696592,17696592
ImagenFantasma,ASM,1920000,16065408,16065408
ImagenFantasma,ASM,1920000,15840192,15840192
ImagenFantasma,ASM,1920000,15727006,15727006
ImagenFantasma,ASM,1920000,15862054,15862054
ImagenFantasma,ASM,1920000,16184034,16184034
ImagenFantasma,ASM,1920000,16333736,16333736
ImagenFantasma,ASM,1920000,16371986,16371986
ImagenFantasma,ASM,1920000,16154760,16154760
ImagenFantasma,ASM,1920000,15812958,15812958
ImagenFantasma,ASM,1920000,16073772,16073772
ImagenFantasma,ASM,1920000,16090058,16090058
ImagenFantasma,ASM,1920000,15837098,15837098
ImagenFantasma,ASM,1920000,15875484,15875484
ImagenFantasma,ASM,1920000,15842470,15842470
ImagenFantasma,ASM,1920000,15919752,15919752
ImagenFantasma,ASM,1920000,15968508,15968508
ImagenFantasma,ASM,1920000,16074656,16074656
ImagenFantasma,ASM,1920000,16967564,16967564
ImagenFantasma,ASM,1920000,15857566,15857566
ImagenFantasma,ASM,1920000,16682270,16682270
ImagenFantasma,ASM,1920000,16568608,16568608
ImagenFantasma,ASM,1920000,16502784,16502784
ImagenFantasma,ASM,1920000,16616718,16616718
ImagenFantasma,ASM,1920000,16029266,16029266
ImagenFantasma,ASM,1920000,19594370,19594370
ImagenFantasma,ASM,1920000,16295248,16295248
ImagenFantasma,ASM,1920000,16409216,16409216
ImagenFantasma,ASM,1920000,18338070,18338070
ImagenFantasma,ASM,1920000,20215414,20215414
ImagenFantasma,ASM,1920000,16212390,16212390
ImagenFantasma,ASM,1920000,15976056,15976056
ImagenFantasma,ASM,1920000,16486090,16486090
ImagenFantasma,ASM,1920000,19900268,19900268
ImagenFantasma,ASM,1920000,18303458,18303458
ImagenFantasma,ASM,1920000,16115388,16115388
ImagenFantasma,ASM,1920000,15724796,15724796
ImagenFantasma,ASM,1920000,16339244,16339244
ImagenFantasma,ASM,1920000,15833222,15833222
ImagenFantasma,ASM,1920000,16174038,16174038
ImagenFantasma,ASM,1920000,16061192,16061192
ImagenFantasma,ASM,1920000,16543414,16543414
ImagenFantasma,ASM,1920000,22394814,22394814
ImagenFantasma,ASM,1920000,19793916,19793916
ImagenFantasma,ASM,1920000,17441626,17441626
ImagenFantasma,ASM,1920000,23419370,23419370
ImagenFantasma,ASM,1920000,15862700,15862700
ImagenFantasma,ASM,1920000,21297328,21297328
ImagenFantasma,ASM,1920000,15826694,15826694
ImagenFantasma,ASM,1920000,17708526,17708526
ImagenFantasma,ASM,1920000,15869908,15869908
ImagenFantasma,ASM,1920000,18191394,18191394
ImagenFantasma,ASM,1920000,18043494,18043494
ImagenFantasma,ASM,1920000,15935494,15935494
ImagenFantasma,ASM,1920000,18799382,18799382
ImagenFantasma,ASM,1920000,15973234,15973234
ImagenFantasma,ASM,1920000,16037154,16037154
ImagenFantasma,ASM,1920000,16406666,16406666
ImagenFantasma,ASM,1920000,16180668,16180668
ImagenFantasma,ASM,1920000,17803556,17803556
ImagenFantasma,ASM,1920000,16160506,16160506
ImagenFantasma,ASM,1920000,16137352,16137352
ImagenFantasma,ASM,1920000,23180350,23180350
ImagenFantasma,ASM,1920000,21209166,21209166
ImagenFantasma,ASM,1920000,15849338,15849338
ImagenFantasma,ASM,1920000,15735914,15735914
ImagenFantasma,ASM,1920000,22354830,22354830
ImagenFantasma,ASM,1920000,22377236,22377236
ImagenFantasma,ASM,1920000,22465194,22465194
ImagenFantasma,ASM,1920000,15928252,15928252
ImagenFantasma,ASM,1920000,16155610,16155610
ImagenFantasma,ASM,1920000,17684284,17684284
ImagenFantasma,ASM,1920000,20154928,20154928
ImagenFantasma,ASM,1920000,16033482,16033482
ImagenFantasma,ASM,1920000,15839172,15839172
ImagenFantasma,ASM,1920000,16326290,16326290
ImagenFantasma,ASM,1920000,15867970,15867970
ImagenFantasma,ASM,1920000,15968712,15968712
ImagenFantasma,ASM,1920000,15908736,15908736
ImagenFantasma,ASM,1920000,16595536,16595536
ImagenFantasma,ASM,1920000,16072310,16072310
ImagenFantasma,ASM,1920000,22413480,22413480
ImagenFantasma,ASM,1920000,20960660,20960660
ImagenFantasma,ASM,1920000,16379058,16379058
ImagenFantasma,ASM,1920000,15848998,15848998
ImagenFantasma,ASM,1920000,15911354,15911354
ImagenFantasma,ASM,1920000,16736228,16736228
ImagenFantasma,ASM,1920000,18190408,18190408
ImagenFantasma,ASM,1920000,15948754,15948754
ImagenFantasma,ASM,1920000,17523600,17523600
ImagenFantasma,ASM,1920000,15947802,15947802
ImagenFantasma,ASM,1920000,16860804,16860804
ImagenFantasma,ASM,1920000,19218466,19218466
ImagenFantasma,ASM,1920000,19025924,19025924
ImagenFantasma,ASM,1920000,16828912,16828912
ImagenFantasma,ASM,1920000,20236766,20236766
ImagenFantasma,ASM,1920000,18907026,18907026
ImagenFantasma,ASM,1920000,16787364,16787364
ImagenFantasma,ASM,1920000,16194302,16194302
ImagenFantasma,ASM,1920000,15832610,15832610
ImagenFantasma,ASM,1920000,15951202,15951202
ImagenFantasma,ASM,1920000,16250062,16250062
ImagenFantasma,ASM,1920000,15822988,15822988
ImagenFantasma,ASM,1920000,16068094,16068094
ImagenFantasma,ASM,1920000,17468486,17468486
ImagenFantasma,ASM,1920000,15770424,15770424
ImagenFantasma,ASM,1920000,22418104,22418104
ImagenFantasma,ASM,1920000,16755098,16755098
ImagenFantasma,ASM,1920000,16694068,16694068
ImagenFantasma,ASM,1920000,15761822,15761822
ImagenFantasma,ASM,1920000,15876504,15876504
ImagenFantasma,ASM,1920000,15868820,15868820
ImagenFantasma,ASM,1920000,15744652,15744652
ImagenFantasma,ASM,1920000,15864638,15864638
ImagenFantasma,ASM,1920000,15779230,15779230
ImagenFantasma,ASM,1920000,20279028,20279028
ImagenFantasma,ASM,1920000,15796808,15796808
ImagenFantasma,ASM,1920000,15807246,15807246
ImagenFantasma,ASM,1920000,15703274,15703274
ImagenFantasma,ASM,1920000,18546116,18546116
ImagenFantasma,ASM,1920000,17732530,17732530
ImagenFantasma,ASM,1920000,16053474,16053474
ImagenFantasma,ASM,1920000,16540320,16540320
ImagenFantasma,ASM,1920000,15888914,15888914
ImagenFantasma,ASM,1920000,17845478,17845478
ImagenFantasma,ASM,1920000,16223202,16223202
ImagenFantasma,ASM,1920000,16842308,16842308
ImagenFantasma,ASM,1920000,15759136,15759136
ImagenFantasma,ASM,1920000,16178016,16178016
ImagenFantasma,ASM,1920000,15757232,15757232
ImagenFantasma,ASM,1920000,17230384,17230384
ImagenFantasma,ASM,1920000,16854684,16854684
ImagenFantasma,ASM,1920000,17505988,17505988
ImagenFantasma,ASM,1920000,15931210,15931210
ImagenFantasma,ASM,1920000,15739994,15739994
ImagenFantasma,ASM,1920000,17056712,17056712
ImagenFantasma,ASM,1920000,16532840,16532840
ImagenFantasma,ASM,1920000,15878374,15878374
ImagenFantasma,ASM,1920000,15857056,15857056
ImagenFantasma,ASM,1920000,15911864,15911864
ImagenFantasma,ASM,1920000,16297696,16297696
ImagenFantasma,ASM,1920000,15764100,15764100
ImagenFantasma,ASM,1920000,15921486,15921486
ImagenFantasma,ASM,1920000,15731528,15731528
ImagenFantasma,ASM,1920000,15868004,15868004
ImagenFantasma,ASM,1920000,15748902,15748902
ImagenFantasma,ASM,1920000,15816460,15816460
ImagenFantasma,ASM,1920000,15821254,15821254
ImagenFantasma,ASM,1920000,15884358,15884358
ImagenFantasma,ASM,1920000,15879292,15879292
ImagenFantasma,ASM,1920000,16215960,16215960
ImagenFantasma,ASM,1920000,15997816,15997816
ImagenFantasma,ASM,1920000,15862496,15862496
ImagenFantasma,ASM,1920000,15898468,15898468
ImagenFantasma,ASM,1920000,15867290,15867290
ImagenFantasma,ASM,1920000,15796298,15796298
ImagenFantasma,ASM,1920000,16440598,16440598
ImagenFantasma,ASM,1920000,15858994,15858994
ImagenFantasma,ASM,1920000,15825436,15825436
ImagenFantasma,ASM,1920000,15861884,15861884
ImagenFantasma,ASM,1920000,15738362,15738362
ImagenFantasma,ASM,1920000,15787730,15787730
ImagenFantasma,ASM,1920000,15784908,15784908
ImagenFantasma,ASM,1920000,15739008,15739008
ImagenFantasma,ASM,1920000,15848726,15848726
ImagenFantasma,ASM,1920000,15766344,15766344
ImagenFantasma,ASM,1920000,15773620,15773620
ImagenFantasma,ASM,1920000,21722294,21722294
