ImagenFantasma,C,512,19108,19108
ImagenFantasma,C,512,20944,20944
ImagenFantasma,C,512,19312,19312
ImagenFantasma,C,512,20332,20332
ImagenFantasma,C,512,18122,18122
ImagenFantasma,C,512,20366,20366
ImagenFantasma,C,512,18156,18156
ImagenFantasma,C,512,20332,20332
ImagenFantasma,C,512,18122,18122
ImagenFantasma,C,512,20128,20128
ImagenFantasma,C,512,18122,18122
ImagenFantasma,C,512,20094,20094
ImagenFantasma,C,512,18088,18088
ImagenFantasma,C,512,20060,20060
ImagenFantasma,C,512,18122,18122
ImagenFantasma,C,512,20060,20060
ImagenFantasma,C,512,18088,18088
ImagenFantasma,C,512,20230,20230
ImagenFantasma,C,512,18122,18122
ImagenFantasma,C,512,20060,20060
ImagenFantasma,C,512,18088,18088
ImagenFantasma,C,512,19992,19992
ImagenFantasma,C,512,18122,18122
ImagenFantasma,C,512,20094,20094
ImagenFantasma,C,512,18088,18088
ImagenFantasma,C,512,20026,20026
ImagenFantasma,C,512,18122,18122
ImagenFantasma,C,512,20094,20094
ImagenFantasma,C,512,18088,18088
ImagenFantasma,C,512,20094,20094
ImagenFantasma,C,512,18122,18122
ImagenFantasma,C,512,20094,20094
ImagenFantasma,C,512,18088,18088
ImagenFantasma,C,512,20128,20128
ImagenFantasma,C,512,18122,18122
ImagenFantasma,C,512,20094,20094
ImagenFantasma,C,512,18088,18088
ImagenFantasma,C,512,20128,20128
ImagenFantasma,C,512,18122,18122
ImagenFantasma,C,512,20128,20128
ImagenFantasma,C,512,18088,18088
ImagenFantasma,C,512,20128,20128
ImagenFantasma,C,512,18122,18122
ImagenFantasma,C,512,20128,20128
ImagenFantasma,C,512,18088,18088
ImagenFantasma,C,512,20060,20060
ImagenFantasma,C,512,18088,18088
ImagenFantasma,C,512,20026,20026
ImagenFantasma,C,512,18088,18088
ImagenFantasma,C,512,20060,20060
ImagenFantasma,C,512,18122,18122
ImagenFantasma,C,512,20026,20026
ImagenFantasma,C,512,18088,18088
ImagenFantasma,C,512,20026,20026
ImagenFantasma,C,512,18122,18122
ImagenFantasma,C,512,20094,20094
ImagenFantasma,C,512,18088,18088
ImagenFantasma,C,512,20162,20162
ImagenFantasma,C,512,18122,18122
ImagenFantasma,C,512,20094,20094
ImagenFantasma,C,512,18088,18088
ImagenFantasma,C,512,20094,20094
ImagenFantasma,C,512,18122,18122
ImagenFantasma,C,512,20026,20026
ImagenFantasma,C,512,18088,18088
ImagenFantasma,C,512,20060,20060
ImagenFantasma,C,512,18122,18122
ImagenFantasma,C,512,20060,20060
ImagenFantasma,C,512,18088,18088
ImagenFantasma,C,512,20128,20128
ImagenFantasma,C,512,18122,18122
ImagenFantasma,C,512,20094,20094
ImagenFantasma,C,512,18088,18088
ImagenFantasma,C,512,20094,20094
ImagenFantasma,C,512,18122,18122
ImagenFantasma,C,512,20094,20094
ImagenFantasma,C,512,46716,46716
ImagenFantasma,C,512,20026,20026
ImagenFantasma,C,512,18224,18224
ImagenFantasma,C,512,19856,19856
ImagenFantasma,C,512,18224,18224
ImagenFantasma,C,512,20060,20060
ImagenFantasma,C,512,18190,18190
ImagenFantasma,C,512,19924,19924
ImagenFantasma,C,512,18190,18190
ImagenFantasma,C,512,20230,20230
ImagenFantasma,C,512,18224,18224
ImagenFantasma,C,512,19924,19924
ImagenFantasma,C,512,18190,18190
ImagenFantasma,C,512,19924,19924
ImagenFantasma,C,512,18224,18224
ImagenFantasma,C,512,19958,19958
ImagenFantasma,C,512,18224,18224
ImagenFantasma,C,512,20060,20060
ImagenFantasma,C,512,18156,18156
ImagenFantasma,C,512,19958,19958
ImagenFantasma,C,512,18190,18190
ImagenFantasma,C,512,19958,19958
ImagenFantasma,C,512,18156,18156
ImagenFantasma,C,512,19958,19958
ImagenFantasma,C,512,18190,18190
ImagenFantasma,C,512,19958,19958
ImagenFantasma,C,512,18190,18190
ImagenFantasma,C,512,19958,19958
ImagenFantasma,C,512,18190,18190
ImagenFantasma,C,512,19958,19958
ImagenFantasma,C,512,18224,18224
ImagenFantasma,C,512,20026,20026
ImagenFantasma,C,512,22610,22610
ImagenFantasma,C,512,24854,24854
ImagenFantasma,C,512,22644,22644
ImagenFantasma,C,512,21352,21352
ImagenFantasma,C,512,18088,18088
ImagenFantasma,C,512,19788,19788
ImagenFantasma,C,512,18088,18088
ImagenFantasma,C,512,19822,19822
ImagenFantasma,C,512,18088,18088
ImagenFantasma,C,512,19822,19822
ImagenFantasma,C,512,18088,18088
ImagenFantasma,C,512,19788,19788
ImagenFantasma,C,512,18088,18088
ImagenFantasma,C,512,19890,19890
ImagenFantasma,C,512,18088,18088
ImagenFantasma,C,512,19890,19890
ImagenFantasma,C,512,18054,18054
ImagenFantasma,C,512,19856,19856
ImagenFantasma,C,512,18088,18088
ImagenFantasma,C,512,19686,19686
ImagenFantasma,C,512,18122,18122
ImagenFantasma,C,512,19720,19720
ImagenFantasma,C,512,18054,18054
ImagenFantasma,C,512,19822,19822
ImagenFantasma,C,512,18054,18054
ImagenFantasma,C,512,19754,19754
ImagenFantasma,C,512,18054,18054
ImagenFantasma,C,512,19788,19788
ImagenFantasma,C,512,18054,18054
ImagenFantasma,C,512,19686,19686
ImagenFantasma,C,512,18054,18054
ImagenFantasma,C,512,19720,19720
ImagenFantasma,C,512,18054,18054
ImagenFantasma,C,512,19822,19822
ImagenFantasma,C,512,18054,18054
ImagenFantasma,C,512,19686,19686
ImagenFantasma,C,512,18054,18054
ImagenFantasma,C,512,19754,19754
ImagenFantasma,C,512,18054,18054
ImagenFantasma,C,512,19788,19788
ImagenFantasma,C,512,18054,18054
ImagenFantasma,C,512,19822,19822
ImagenFantasma,C,512,18054,18054
ImagenFantasma,C,512,19788,19788
ImagenFantasma,C,512,18054,18054
ImagenFantasma,C,512,19856,19856
ImagenFantasma,C,512,18054,18054
ImagenFantasma,C,512,19686,19686
ImagenFantasma,C,512,18054,18054
ImagenFantasma,C,512,19890,19890
ImagenFantasma,C,512,18054,18054
ImagenFantasma,C,512,19890,19890
ImagenFantasma,C,512,18054,18054
ImagenFantasma,C,512,19720,19720
ImagenFantasma,C,512,18054,18054
ImagenFantasma,C,512,19754,19754
ImagenFantasma,C,512,18054,18054
ImagenFantasma,C,512,19686,19686
ImagenFantasma,C,512,18020,18020
ImagenFantasma,C,512,19788,19788
ImagenFantasma,C,512,18054,18054
ImagenFantasma,C,512,19788,19788
ImagenFantasma,C,512,18054,18054
ImagenFantasma,C,512,19720,19720
ImagenFantasma,C,512,18054,18054
ImagenFantasma,C,512,19788,19788
ImagenFantasma,C,512,18054,18054
ImagenFantasma,C,512,19754,19754
ImagenFantasma,C,512,18054,18054
ImagenFantasma,C,512,19788,19788
ImagenFantasma,C,512,18054,18054
ImagenFantasma,C,512,19788,19788
ImagenFantasma,C,512,18054,18054
ImagenFantasma,C,512,19788,19788
ImagenFantasma,C,512,18020,18020
ImagenFantasma,C,512,19788,19788
ImagenFantasma,C,512,18054,18054
ImagenFantasma,C,512,19720,19720
ImagenFantasma,C,512,18054,18054
ImagenFantasma,C,512,19720,19720
ImagenFantasma,C,512,18020,18020
ImagenFantasma,C,512,19720,19720
ImagenFantasma,C,512,18054,18054
ImagenFantasma,C,512,19754,19754
ImagenFantasma,C,512,18054,18054
ImagenFantasma,C,512,19686,19686
ImagenFantasma,C,512,18054,18054
ImagenFantasma,C,512,19754,19754
ImagenFantasma,C,512,18054,18054
ImagenFantasma,C,512,19788,19788
ImagenFantasma,C,512,18054,18054
ImagenFantasma,C,512,19754,19754
ImagenFantasma,C,512,18054,18054
ImagenFantasma,C,512,19754,19754
ImagenFantasma,C,512,18054,18054
ImagenFantasma,C,512,19754,19754
ImagenFantasma,C,512,18054,18054
ImagenFantasma,C,512,19856,19856
ImagenFantasma,C,512,18054,18054
ImagenFantasma,C,512,19754,19754
ImagenFantasma,C,512,18020,18020
ImagenFantasma,C,512,19720,19720
ImagenFantasma,C,512,18054,18054
ImagenFantasma,C,512,19720,19720
ImagenFantasma,C,512,18054,18054
ImagenFantasma,C,512,19754,19754
ImagenFantasma,C,512,18088,18088
ImagenFantasma,C,512,19890,19890
ImagenFantasma,C,512,18054,18054
ImagenFantasma,C,512,19788,19788
ImagenFantasma,C,512,18054,18054
ImagenFantasma,C,512,19754,19754
ImagenFantasma,C,512,18088,18088
ImagenFantasma,C,512,19754,19754
ImagenFantasma,C,512,18054,18054
ImagenFantasma,C,512,19754,19754
ImagenFantasma,C,512,18054,18054
ImagenFantasma,C,512,19754,19754
ImagenFantasma,C,512,18054,18054
ImagenFantasma,C,512,19754,19754
ImagenFantasma,C,512,18054,18054
ImagenFantasma,C,512,19788,19788
ImagenFantasma,C,512,18054,18054
ImagenFantasma,C,512,19856,19856
ImagenFantasma,C,512,18020,18020
ImagenFantasma,C,512,19856,19856
ImagenFantasma,C,512,18088,18088
ImagenFantasma,C,512,19822,19822
ImagenFantasma,C,512,18054,18054
ImagenFantasma,C,512,19754,19754
ImagenFantasma,C,512,18020,18020
ImagenFantasma,C,512,19720,19720
ImagenFantasma,C,512,18054,18054
ImagenFantasma,C,512,19822,19822
ImagenFantasma,C,512,18054,18054
ImagenFantasma,C,512,19890,19890
ImagenFantasma,C,512,18054,18054
ImagenFantasma,C,512,19822,19822
ImagenFantasma,C,512,18054,18054
ImagenFantasma,C,512,19856,19856
ImagenFantasma,C,512,18088,18088
ImagenFantasma,C,512,19754,19754
ImagenFantasma,C,512,18088,18088
ImagenFantasma,C,512,19584,19584
ImagenFantasma,C,512,18088,18088
ImagenFantasma,C,512,19584,19584
ImagenFantasma,C,512,18088,18088
ImagenFantasma,C,512,19686,19686
ImagenFantasma,C,512,18088,18088
ImagenFantasma,C,512,19584,19584
ImagenFantasma,C,512,18088,18088
ImagenFantasma,C,512,19584,19584
ImagenFantasma,C,512,18088,18088
ImagenFantasma,C,512,19686,19686
ImagenFantasma,C,512,18088,18088
ImagenFantasma,C,512,19584,19584
ImagenFantasma,C,512,18088,18088
ImagenFantasma,C,512,19618,19618
ImagenFantasma,C,512,18088,18088
ImagenFantasma,C,512,19652,19652
ImagenFantasma,C,512,18054,18054
ImagenFantasma,C,512,19652,19652
ImagenFantasma,C,512,18088,18088
ImagenFantasma,C,512,19618,19618
ImagenFantasma,C,512,18088,18088
ImagenFantasma,C,512,19618,19618
ImagenFantasma,C,512,18088,18088
ImagenFantasma,C,512,19618,19618
ImagenFantasma,C,512,18054,18054
ImagenFantasma,C,512,19652,19652
ImagenFantasma,C,512,18088,18088
ImagenFantasma,C,512,19618,19618
ImagenFantasma,C,512,18088,18088
ImagenFantasma,C,512,19618,19618
ImagenFantasma,C,512,18122,18122
ImagenFantasma,C,512,27642,27642
ImagenFantasma,C,512,18020,18020
ImagenFantasma,C,512,21148,21148
ImagenFantasma,C,512,18020,18020
ImagenFantasma,C,512,21012,21012
ImagenFantasma,C,512,18564,18564
ImagenFantasma,C,512,20026,20026
ImagenFantasma,C,512,18496,18496
ImagenFantasma,C,512,20468,20468
ImagenFantasma,C,512,18666,18666
ImagenFantasma,C,512,20604,20604
ImagenFantasma,C,512,18088,18088
ImagenFantasma,C,512,20774,20774
ImagenFantasma,C,512,19176,19176
ImagenFantasma,C,512,20638,20638
ImagenFantasma,C,512,34136,34136
ImagenFantasma,C,512,20774,20774
ImagenFantasma,C,2048,81362,81362
ImagenFantasma,C,2048,85102,85102
ImagenFantasma,C,2048,78948,78948
ImagenFantasma,C,2048,83844,83844
ImagenFantasma,C,2048,78540,78540
ImagenFantasma,C,2048,83028,83028
ImagenFantasma,C,2048,78404,78404
ImagenFantasma,C,2048,82994,82994
ImagenFantasma,C,2048,78370,78370
ImagenFantasma,C,2048,82620,82620
ImagenFantasma,C,2048,78744,78744
ImagenFantasma,C,2048,81872,81872
ImagenFantasma,C,2048,78438,78438
ImagenFantasma,C,2048,82450,82450
ImagenFantasma,C,2048,78370,78370
ImagenFantasma,C,2048,82246,82246
ImagenFantasma,C,2048,78642,78642
ImagenFantasma,C,2048,82110,82110
ImagenFantasma,C,2048,78506,78506
ImagenFantasma,C,2048,81736,81736
ImagenFantasma,C,2048,78336,78336
ImagenFantasma,C,2048,82280,82280
ImagenFantasma,C,2048,78574,78574
ImagenFantasma,C,2048,82110,82110
ImagenFantasma,C,2048,78404,78404
ImagenFantasma,C,2048,82382,82382
ImagenFantasma,C,2048,78472,78472
ImagenFantasma,C,2048,82654,82654
ImagenFantasma,C,2048,78710,78710
ImagenFantasma,C,2048,81906,81906
ImagenFantasma,C,2048,79560,79560
ImagenFantasma,C,2048,91120,91120
ImagenFantasma,C,2048,85170,85170
ImagenFantasma,C,2048,125426,125426
ImagenFantasma,C,2048,113084,113084
ImagenFantasma,C,2048,99960,99960
ImagenFantasma,C,2048,87482,87482
ImagenFantasma,C,2048,91868,91868
ImagenFantasma,C,2048,86904,86904
ImagenFantasma,C,2048,89182,89182
ImagenFantasma,C,2048,85850,85850
ImagenFantasma,C,2048,89454,89454
ImagenFantasma,C,2048,87312,87312
ImagenFantasma,C,2048,89658,89658
ImagenFantasma,C,2048,81294,81294
ImagenFantasma,C,2048,87584,87584
ImagenFantasma,C,2048,83810,83810
ImagenFantasma,C,2048,89998,89998
ImagenFantasma,C,2048,82008,82008
ImagenFantasma,C,2048,86632,86632
ImagenFantasma,C,2048,83096,83096
ImagenFantasma,C,2048,87754,87754
ImagenFantasma,C,2048,84014,84014
ImagenFantasma,C,2048,87278,87278
ImagenFantasma,C,2048,85578,85578
ImagenFantasma,C,2048,89250,89250
ImagenFantasma,C,2048,85374,85374
ImagenFantasma,C,2048,90780,90780
ImagenFantasma,C,2048,86904,86904
ImagenFantasma,C,2048,90542,90542
ImagenFantasma,C,2048,86938,86938
ImagenFantasma,C,2048,90746,90746
ImagenFantasma,C,2048,83674,83674
ImagenFantasma,C,2048,87210,87210
ImagenFantasma,C,2048,85102,85102
ImagenFantasma,C,2048,92786,92786
ImagenFantasma,C,2048,83776,83776
ImagenFantasma,C,2048,84490,84490
ImagenFantasma,C,2048,82382,82382
ImagenFantasma,C,2048,83436,83436
ImagenFantasma,C,2048,79594,79594
ImagenFantasma,C,2048,83300,83300
ImagenFantasma,C,2048,79492,79492
ImagenFantasma,C,2048,85204,85204
ImagenFantasma,C,2048,79560,79560
ImagenFantasma,C,2048,89454,89454
ImagenFantasma,C,2048,83402,83402
ImagenFantasma,C,2048,83334,83334
ImagenFantasma,C,2048,80648,80648
ImagenFantasma,C,2048,82790,82790
ImagenFantasma,C,2048,78370,78370
ImagenFantasma,C,2048,82178,82178
ImagenFantasma,C,2048,78234,78234
ImagenFantasma,C,2048,81838,81838
ImagenFantasma,C,2048,78438,78438
ImagenFantasma,C,2048,128146,128146
ImagenFantasma,C,2048,78438,78438
ImagenFantasma,C,2048,81804,81804
ImagenFantasma,C,2048,78302,78302
ImagenFantasma,C,2048,81736,81736
ImagenFantasma,C,2048,78200,78200
ImagenFantasma,C,2048,82280,82280
ImagenFantasma,C,2048,78608,78608
ImagenFantasma,C,2048,81668,81668
ImagenFantasma,C,2048,91834,91834
ImagenFantasma,C,2048,81430,81430
ImagenFantasma,C,2048,78166,78166
ImagenFantasma,C,2048,81158,81158
ImagenFantasma,C,2048,77928,77928
ImagenFantasma,C,2048,81056,81056
ImagenFantasma,C,2048,78098,78098
ImagenFantasma,C,2048,81192,81192
ImagenFantasma,C,2048,78030,78030
ImagenFantasma,C,2048,80852,80852
ImagenFantasma,C,2048,78098,78098
ImagenFantasma,C,2048,81328,81328
ImagenFantasma,C,2048,78132,78132
ImagenFantasma,C,2048,81090,81090
ImagenFantasma,C,2048,77996,77996
ImagenFantasma,C,2048,81430,81430
ImagenFantasma,C,2048,77894,77894
ImagenFantasma,C,2048,81294,81294
ImagenFantasma,C,2048,77826,77826
ImagenFantasma,C,2048,81158,81158
ImagenFantasma,C,2048,77962,77962
ImagenFantasma,C,2048,81260,81260
ImagenFantasma,C,2048,78098,78098
ImagenFantasma,C,2048,80852,80852
ImagenFantasma,C,2048,77928,77928
ImagenFantasma,C,2048,81498,81498
ImagenFantasma,C,2048,77860,77860
ImagenFantasma,C,2048,95778,95778
ImagenFantasma,C,2048,89692,89692
ImagenFantasma,C,2048,81090,81090
ImagenFantasma,C,2048,91460,91460
ImagenFantasma,C,2048,81090,81090
ImagenFantasma,C,2048,78098,78098
ImagenFantasma,C,2048,81362,81362
ImagenFantasma,C,2048,77860,77860
ImagenFantasma,C,2048,80750,80750
ImagenFantasma,C,2048,77928,77928
ImagenFantasma,C,2048,81090,81090
ImagenFantasma,C,2048,77656,77656
ImagenFantasma,C,2048,81294,81294
ImagenFantasma,C,2048,77928,77928
ImagenFantasma,C,2048,81294,81294
ImagenFantasma,C,2048,78064,78064
ImagenFantasma,C,2048,81124,81124
ImagenFantasma,C,2048,77554,77554
ImagenFantasma,C,2048,81328,81328
ImagenFantasma,C,2048,78132,78132
ImagenFantasma,C,2048,81056,81056
ImagenFantasma,C,2048,77996,77996
ImagenFantasma,C,2048,98260,98260
ImagenFantasma,C,2048,77724,77724
ImagenFantasma,C,2048,81430,81430
ImagenFantasma,C,2048,78098,78098
ImagenFantasma,C,2048,81328,81328
ImagenFantasma,C,2048,77962,77962
ImagenFantasma,C,2048,81226,81226
ImagenFantasma,C,2048,78098,78098
ImagenFantasma,C,2048,81396,81396
ImagenFantasma,C,2048,77894,77894
ImagenFantasma,C,2048,81158,81158
ImagenFantasma,C,2048,77894,77894
ImagenFantasma,C,2048,81294,81294
ImagenFantasma,C,2048,78030,78030
ImagenFantasma,C,2048,90134,90134
ImagenFantasma,C,2048,83436,83436
ImagenFantasma,C,2048,90134,90134
ImagenFantasma,C,2048,95744,95744
ImagenFantasma,C,2048,94860,94860
ImagenFantasma,C,2048,80444,80444
ImagenFantasma,C,2048,86802,86802
ImagenFantasma,C,2048,77996,77996
ImagenFantasma,C,2048,88842,88842
ImagenFantasma,C,2048,78132,78132
ImagenFantasma,C,2048,86156,86156
ImagenFantasma,C,2048,81260,81260
ImagenFantasma,C,2048,93500,93500
ImagenFantasma,C,2048,86598,86598
ImagenFantasma,C,2048,92854,92854
ImagenFantasma,C,2048,86564,86564
ImagenFantasma,C,2048,92378,92378
ImagenFantasma,C,2048,88604,88604
ImagenFantasma,C,2048,93058,93058
ImagenFantasma,C,2048,79560,79560
ImagenFantasma,C,2048,81362,81362
ImagenFantasma,C,2048,78030,78030
ImagenFantasma,C,2048,81600,81600
ImagenFantasma,C,2048,78064,78064
ImagenFantasma,C,2048,81362,81362
ImagenFantasma,C,2048,78098,78098
ImagenFantasma,C,2048,81430,81430
ImagenFantasma,C,2048,77928,77928
ImagenFantasma,C,2048,81226,81226
ImagenFantasma,C,2048,77860,77860
ImagenFantasma,C,2048,81498,81498
ImagenFantasma,C,2048,78030,78030
ImagenFantasma,C,2048,81294,81294
ImagenFantasma,C,2048,77962,77962
ImagenFantasma,C,2048,81532,81532
ImagenFantasma,C,2048,78064,78064
ImagenFantasma,C,2048,81396,81396
ImagenFantasma,C,2048,77826,77826
ImagenFantasma,C,2048,81532,81532
ImagenFantasma,C,2048,77996,77996
ImagenFantasma,C,2048,81804,81804
ImagenFantasma,C,2048,77622,77622
ImagenFantasma,C,2048,101082,101082
ImagenFantasma,C,2048,77860,77860
ImagenFantasma,C,2048,81668,81668
ImagenFantasma,C,2048,78064,78064
ImagenFantasma,C,2048,81430,81430
ImagenFantasma,C,2048,77724,77724
ImagenFantasma,C,2048,81362,81362
ImagenFantasma,C,2048,77724,77724
ImagenFantasma,C,2048,81600,81600
ImagenFantasma,C,2048,77894,77894
ImagenFantasma,C,2048,81430,81430
ImagenFantasma,C,2048,77758,77758
ImagenFantasma,C,2048,81090,81090
ImagenFantasma,C,2048,77622,77622
ImagenFantasma,C,2048,81362,81362
ImagenFantasma,C,2048,77758,77758
ImagenFantasma,C,2048,81566,81566
ImagenFantasma,C,2048,77860,77860
ImagenFantasma,C,2048,81192,81192
ImagenFantasma,C,2048,78234,78234
ImagenFantasma,C,2048,81090,81090
ImagenFantasma,C,2048,77996,77996
ImagenFantasma,C,2048,81668,81668
ImagenFantasma,C,2048,78064,78064
ImagenFantasma,C,2048,81464,81464
ImagenFantasma,C,2048,78030,78030
ImagenFantasma,C,2048,81396,81396
ImagenFantasma,C,2048,77622,77622
ImagenFantasma,C,2048,81022,81022
ImagenFantasma,C,2048,78098,78098
ImagenFantasma,C,2048,80988,80988
ImagenFantasma,C,2048,78098,78098
ImagenFantasma,C,2048,80988,80988
ImagenFantasma,C,2048,78064,78064
ImagenFantasma,C,2048,81770,81770
ImagenFantasma,C,2048,87074,87074
ImagenFantasma,C,2048,86496,86496
ImagenFantasma,C,2048,89420,89420
ImagenFantasma,C,2048,81430,81430
ImagenFantasma,C,2048,78098,78098
ImagenFantasma,C,2048,81396,81396
ImagenFantasma,C,2048,77792,77792
ImagenFantasma,C,2048,80988,80988
ImagenFantasma,C,2048,77690,77690
ImagenFantasma,C,2048,81022,81022
ImagenFantasma,C,2048,78064,78064
ImagenFantasma,C,2048,81294,81294
ImagenFantasma,C,2048,77860,77860
ImagenFantasma,C,2048,81192,81192
ImagenFantasma,C,2048,77894,77894
ImagenFantasma,C,2048,90440,90440
ImagenFantasma,C,2048,79118,79118
ImagenFantasma,C,2048,90916,90916
ImagenFantasma,C,2048,80138,80138
ImagenFantasma,C,2048,85476,85476
ImagenFantasma,C,2048,82212,82212
ImagenFantasma,C,2048,85578,85578
ImagenFantasma,C,2048,84762,84762
ImagenFantasma,C,2048,87822,87822
ImagenFantasma,C,2048,83198,83198
ImagenFantasma,C,2048,88570,88570
ImagenFantasma,C,2048,87346,87346
ImagenFantasma,C,2048,95336,95336
ImagenFantasma,C,2048,92480,92480
ImagenFantasma,C,2048,86632,86632
ImagenFantasma,C,2048,81498,81498
ImagenFantasma,C,2048,95404,95404
ImagenFantasma,C,2048,94962,94962
ImagenFantasma,C,2048,76738,76738
ImagenFantasma,C,2048,58344,58344
ImagenFantasma,C,2048,63512,63512
ImagenFantasma,C,2048,58242,58242
ImagenFantasma,C,2048,63376,63376
ImagenFantasma,C,2048,58004,58004
ImagenFantasma,C,2048,63308,63308
ImagenFantasma,C,2048,58140,58140
ImagenFantasma,C,2048,63206,63206
ImagenFantasma,C,2048,57664,57664
ImagenFantasma,C,2048,63546,63546
ImagenFantasma,C,2048,57868,57868
ImagenFantasma,C,2048,63206,63206
ImagenFantasma,C,2048,58038,58038
ImagenFantasma,C,2048,62900,62900
ImagenFantasma,C,2048,58038,58038
ImagenFantasma,C,2048,63240,63240
ImagenFantasma,C,2048,57902,57902
ImagenFantasma,C,2048,62968,62968
ImagenFantasma,C,2048,58344,58344
ImagenFantasma,C,2048,63376,63376
ImagenFantasma,C,2048,57698,57698
ImagenFantasma,C,2048,63036,63036
ImagenFantasma,C,2048,57868,57868
ImagenFantasma,C,2048,63240,63240
ImagenFantasma,C,2048,58106,58106
ImagenFantasma,C,2048,63206,63206
ImagenFantasma,C,2048,57936,57936
ImagenFantasma,C,2048,63478,63478
ImagenFantasma,C,2048,58038,58038
ImagenFantasma,C,2048,63410,63410
ImagenFantasma,C,2048,57834,57834
ImagenFantasma,C,2048,63002,63002
ImagenFantasma,C,8192,332146,332146
ImagenFantasma,C,8192,327420,327420
ImagenFantasma,C,8192,329902,329902
ImagenFantasma,C,8192,326672,326672
ImagenFantasma,C,8192,329154,329154
ImagenFantasma,C,8192,325346,325346
ImagenFantasma,C,8192,328508,328508
ImagenFantasma,C,8192,325074,325074
ImagenFantasma,C,8192,328406,328406
ImagenFantasma,C,8192,325244,325244
ImagenFantasma,C,8192,327794,327794
ImagenFantasma,C,8192,335512,335512
ImagenFantasma,C,8192,328984,328984
ImagenFantasma,C,8192,253946,253946
ImagenFantasma,C,8192,259182,259182
ImagenFantasma,C,8192,253198,253198
ImagenFantasma,C,8192,259930,259930
ImagenFantasma,C,8192,252314,252314
ImagenFantasma,C,8192,258876,258876
ImagenFantasma,C,8192,252892,252892
ImagenFantasma,C,8192,259454,259454
ImagenFantasma,C,8192,254762,254762
ImagenFantasma,C,8192,260032,260032
ImagenFantasma,C,8192,253334,253334
ImagenFantasma,C,8192,260100,260100
ImagenFantasma,C,8192,253062,253062
ImagenFantasma,C,8192,259658,259658
ImagenFantasma,C,8192,251770,251770
ImagenFantasma,C,8192,257244,257244
ImagenFantasma,C,8192,250444,250444
ImagenFantasma,C,8192,257176,257176
ImagenFantasma,C,8192,270198,270198
ImagenFantasma,C,8192,260814,260814
ImagenFantasma,C,8192,287198,287198
ImagenFantasma,C,8192,327896,327896
ImagenFantasma,C,8192,324666,324666
ImagenFantasma,C,8192,327862,327862
ImagenFantasma,C,8192,324462,324462
ImagenFantasma,C,8192,328100,328100
ImagenFantasma,C,8192,324020,324020
ImagenFantasma,C,8192,327862,327862
ImagenFantasma,C,8192,325142,325142
ImagenFantasma,C,8192,327148,327148
ImagenFantasma,C,8192,324020,324020
ImagenFantasma,C,8192,327726,327726
ImagenFantasma,C,8192,352988,352988
ImagenFantasma,C,8192,382398,382398
ImagenFantasma,C,8192,366962,366962
ImagenFantasma,C,8192,335818,335818
ImagenFantasma,C,8192,324700,324700
ImagenFantasma,C,8192,328440,328440
ImagenFantasma,C,8192,613564,613564
ImagenFantasma,C,8192,356252,356252
ImagenFantasma,C,8192,324734,324734
ImagenFantasma,C,8192,328202,328202
ImagenFantasma,C,8192,328542,328542
ImagenFantasma,C,8192,329970,329970
ImagenFantasma,C,8192,327182,327182
ImagenFantasma,C,8192,329698,329698
ImagenFantasma,C,8192,325856,325856
ImagenFantasma,C,8192,349826,349826
ImagenFantasma,C,8192,326196,326196
ImagenFantasma,C,8192,330140,330140
ImagenFantasma,C,8192,327114,327114
ImagenFantasma,C,8192,329732,329732
ImagenFantasma,C,8192,327114,327114
ImagenFantasma,C,8192,329324,329324
ImagenFantasma,C,8192,362542,362542
ImagenFantasma,C,8192,353974,353974
ImagenFantasma,C,8192,365398,365398
ImagenFantasma,C,8192,330480,330480
ImagenFantasma,C,8192,326264,326264
ImagenFantasma,C,8192,332078,332078
ImagenFantasma,C,8192,325244,325244
ImagenFantasma,C,8192,329834,329834
ImagenFantasma,C,8192,254150,254150
ImagenFantasma,C,8192,261324,261324
ImagenFantasma,C,8192,255068,255068
ImagenFantasma,C,8192,352410,352410
ImagenFantasma,C,8192,326536,326536
ImagenFantasma,C,8192,328508,328508
ImagenFantasma,C,8192,326570,326570
ImagenFantasma,C,8192,346970,346970
ImagenFantasma,C,8192,325992,325992
ImagenFantasma,C,8192,329256,329256
ImagenFantasma,C,8192,325958,325958
ImagenFantasma,C,8192,330344,330344
ImagenFantasma,C,8192,326332,326332
ImagenFantasma,C,8192,563652,563652
ImagenFantasma,C,8192,337722,337722
ImagenFantasma,C,8192,261222,261222
ImagenFantasma,C,8192,253742,253742
ImagenFantasma,C,8192,258332,258332
ImagenFantasma,C,8192,274754,274754
ImagenFantasma,C,8192,257652,257652
ImagenFantasma,C,8192,252382,252382
ImagenFantasma,C,8192,257754,257754
ImagenFantasma,C,8192,252790,252790
ImagenFantasma,C,8192,258196,258196
ImagenFantasma,C,8192,251974,251974
ImagenFantasma,C,8192,257788,257788
ImagenFantasma,C,8192,256258,256258
ImagenFantasma,C,8192,259488,259488
ImagenFantasma,C,8192,255374,255374
ImagenFantasma,C,8192,261256,261256
ImagenFantasma,C,8192,255612,255612
ImagenFantasma,C,8192,260746,260746
ImagenFantasma,C,8192,329120,329120
ImagenFantasma,C,8192,331908,331908
ImagenFantasma,C,8192,345406,345406
ImagenFantasma,C,8192,400214,400214
ImagenFantasma,C,8192,385220,385220
ImagenFantasma,C,8192,365296,365296
ImagenFantasma,C,8192,348330,348330
ImagenFantasma,C,8192,351220,351220
ImagenFantasma,C,8192,351866,351866
ImagenFantasma,C,8192,363052,363052
ImagenFantasma,C,8192,362780,362780
ImagenFantasma,C,8192,357816,357816
ImagenFantasma,C,8192,320110,320110
ImagenFantasma,C,8192,264554,264554
ImagenFantasma,C,8192,258876,258876
ImagenFantasma,C,8192,264214,264214
ImagenFantasma,C,8192,258740,258740
ImagenFantasma,C,8192,264146,264146
ImagenFantasma,C,8192,258740,258740
ImagenFantasma,C,8192,264078,264078
ImagenFantasma,C,8192,286314,286314
ImagenFantasma,C,8192,264316,264316
ImagenFantasma,C,8192,258808,258808
ImagenFantasma,C,8192,263704,263704
ImagenFantasma,C,8192,259080,259080
ImagenFantasma,C,8192,264146,264146
ImagenFantasma,C,8192,258026,258026
ImagenFantasma,C,8192,264724,264724
ImagenFantasma,C,8192,257992,257992
ImagenFantasma,C,8192,282166,282166
ImagenFantasma,C,8192,258876,258876
ImagenFantasma,C,8192,263738,263738
ImagenFantasma,C,8192,258842,258842
ImagenFantasma,C,8192,263738,263738
ImagenFantasma,C,8192,396746,396746
ImagenFantasma,C,8192,374714,374714
ImagenFantasma,C,8192,372606,372606
ImagenFantasma,C,8192,340986,340986
ImagenFantasma,C,8192,256802,256802
ImagenFantasma,C,8192,261970,261970
ImagenFantasma,C,8192,256802,256802
ImagenFantasma,C,8192,262412,262412
ImagenFantasma,C,8192,256768,256768
ImagenFantasma,C,8192,261766,261766
ImagenFantasma,C,8192,256088,256088
ImagenFantasma,C,8192,264384,264384
ImagenFantasma,C,8192,258298,258298
ImagenFantasma,C,8192,264214,264214
ImagenFantasma,C,8192,258366,258366
ImagenFantasma,C,8192,264180,264180
ImagenFantasma,C,8192,258978,258978
ImagenFantasma,C,8192,265064,265064
ImagenFantasma,C,8192,258842,258842
ImagenFantasma,C,8192,264724,264724
ImagenFantasma,C,8192,258468,258468
ImagenFantasma,C,8192,264044,264044
ImagenFantasma,C,8192,258434,258434
ImagenFantasma,C,8192,264282,264282
ImagenFantasma,C,8192,258468,258468
ImagenFantasma,C,8192,264282,264282
ImagenFantasma,C,8192,258706,258706
ImagenFantasma,C,8192,348160,348160
ImagenFantasma,C,8192,328406,328406
ImagenFantasma,C,8192,332758,332758
ImagenFantasma,C,8192,340782,340782
ImagenFantasma,C,8192,285532,285532
ImagenFantasma,C,8192,350064,350064
ImagenFantasma,C,8192,371824,371824
ImagenFantasma,C,8192,313310,313310
ImagenFantasma,C,8192,264724,264724
ImagenFantasma,C,8192,258162,258162
ImagenFantasma,C,8192,264588,264588
ImagenFantasma,C,8192,258332,258332
ImagenFantasma,C,8192,263364,263364
ImagenFantasma,C,8192,258978,258978
ImagenFantasma,C,8192,263636,263636
ImagenFantasma,C,8192,257924,257924
ImagenFantasma,C,8192,299676,299676
ImagenFantasma,C,8192,258808,258808
ImagenFantasma,C,8192,264554,264554
ImagenFantasma,C,8192,258842,258842
ImagenFantasma,C,8192,263840,263840
ImagenFantasma,C,8192,258876,258876
ImagenFantasma,C,8192,263602,263602
ImagenFantasma,C,8192,259114,259114
ImagenFantasma,C,8192,263874,263874
ImagenFantasma,C,8192,257856,257856
ImagenFantasma,C,8192,264350,264350
ImagenFantasma,C,8192,258230,258230
ImagenFantasma,C,8192,263262,263262
ImagenFantasma,C,8192,257720,257720
ImagenFantasma,C,8192,264214,264214
ImagenFantasma,C,8192,294712,294712
ImagenFantasma,C,8192,353804,353804
ImagenFantasma,C,8192,334866,334866
ImagenFantasma,C,8192,262208,262208
ImagenFantasma,C,8192,257584,257584
ImagenFantasma,C,8192,262718,262718
ImagenFantasma,C,8192,256802,256802
ImagenFantasma,C,8192,261698,261698
ImagenFantasma,C,8192,254456,254456
ImagenFantasma,C,8192,261392,261392
ImagenFantasma,C,8192,256020,256020
ImagenFantasma,C,8192,587316,587316
ImagenFantasma,C,8192,366350,366350
ImagenFantasma,C,8192,360570,360570
ImagenFantasma,C,8192,338368,338368
ImagenFantasma,C,8192,331466,331466
ImagenFantasma,C,8192,328542,328542
ImagenFantasma,C,8192,332418,332418
ImagenFantasma,C,8192,260338,260338
ImagenFantasma,C,8192,264146,264146
ImagenFantasma,C,8192,258570,258570
ImagenFantasma,C,8192,263398,263398
ImagenFantasma,C,8192,259930,259930
ImagenFantasma,C,8192,264452,264452
ImagenFantasma,C,8192,258332,258332
ImagenFantasma,C,8192,263568,263568
ImagenFantasma,C,8192,258332,258332
ImagenFantasma,C,8192,264010,264010
ImagenFantasma,C,8192,259896,259896
ImagenFantasma,C,8192,263466,263466
ImagenFantasma,C,8192,258570,258570
ImagenFantasma,C,8192,263364,263364
ImagenFantasma,C,8192,259182,259182
ImagenFantasma,C,8192,263840,263840
ImagenFantasma,C,8192,294134,294134
ImagenFantasma,C,8192,313854,313854
ImagenFantasma,C,8192,278868,278868
ImagenFantasma,C,8192,263602,263602
ImagenFantasma,C,8192,259590,259590
ImagenFantasma,C,8192,264180,264180
ImagenFantasma,C,8192,258026,258026
ImagenFantasma,C,8192,263976,263976
ImagenFantasma,C,8192,258978,258978
ImagenFantasma,C,8192,302022,302022
ImagenFantasma,C,8192,259488,259488
ImagenFantasma,C,8192,263772,263772
ImagenFantasma,C,8192,259182,259182
ImagenFantasma,C,8192,265472,265472
ImagenFantasma,C,8192,258570,258570
ImagenFantasma,C,8192,265302,265302
ImagenFantasma,C,8192,258978,258978
ImagenFantasma,C,8192,264248,264248
ImagenFantasma,C,8192,495516,495516
ImagenFantasma,C,8192,262718,262718
ImagenFantasma,C,8192,257040,257040
ImagenFantasma,C,8192,263058,263058
ImagenFantasma,C,8192,255612,255612
ImagenFantasma,C,8192,262004,262004
ImagenFantasma,C,8192,257618,257618
ImagenFantasma,C,8192,264112,264112
ImagenFantasma,C,8192,255646,255646
ImagenFantasma,C,8192,260848,260848
ImagenFantasma,C,8192,257074,257074
ImagenFantasma,C,8192,259318,259318
ImagenFantasma,C,8192,257040,257040
ImagenFantasma,C,8192,262038,262038
ImagenFantasma,C,8192,255578,255578
ImagenFantasma,C,8192,261936,261936
ImagenFantasma,C,8192,256700,256700
ImagenFantasma,C,8192,261086,261086
ImagenFantasma,C,8192,255442,255442
ImagenFantasma,C,8192,261120,261120
ImagenFantasma,C,8192,255034,255034
ImagenFantasma,C,8192,260032,260032
ImagenFantasma,C,8192,254762,254762
ImagenFantasma,C,8192,260542,260542
ImagenFantasma,C,8192,256088,256088
ImagenFantasma,C,8192,269484,269484
ImagenFantasma,C,8192,258672,258672
ImagenFantasma,C,8192,263670,263670
ImagenFantasma,C,8192,258094,258094
ImagenFantasma,C,8192,264214,264214
ImagenFantasma,C,8192,258502,258502
ImagenFantasma,C,8192,263738,263738
ImagenFantasma,C,8192,258978,258978
ImagenFantasma,C,8192,265302,265302
ImagenFantasma,C,8192,258332,258332
ImagenFantasma,C,8192,279072,279072
ImagenFantasma,C,8192,285736,285736
ImagenFantasma,C,8192,264316,264316
ImagenFantasma,C,8192,258264,258264
ImagenFantasma,C,8192,266186,266186
ImagenFantasma,C,8192,258434,258434
ImagenFantasma,C,8192,264146,264146
ImagenFantasma,C,8192,259964,259964
ImagenFantasma,C,8192,263364,263364
ImagenFantasma,C,8192,450636,450636
ImagenFantasma,C,8192,349826,349826
ImagenFantasma,C,8192,357068,357068
ImagenFantasma,C,8192,332792,332792
ImagenFantasma,C,8192,329018,329018
ImagenFantasma,C,32768,1027582,1027582
ImagenFantasma,C,32768,950776,950776
ImagenFantasma,C,32768,1073754,1073754
ImagenFantasma,C,32768,1128086,1128086
ImagenFantasma,C,32768,1593988,1593988
ImagenFantasma,C,32768,1560192,1560192
ImagenFantasma,C,32768,1512592,1512592
ImagenFantasma,C,32768,1435174,1435174
ImagenFantasma,C,32768,1383868,1383868
ImagenFantasma,C,32768,971856,971856
ImagenFantasma,C,32768,1015240,1015240
ImagenFantasma,C,32768,964240,964240
ImagenFantasma,C,32768,1517794,1517794
ImagenFantasma,C,32768,999566,999566
ImagenFantasma,C,32768,1022482,1022482
ImagenFantasma,C,32768,954312,954312
ImagenFantasma,C,32768,1019422,1019422
ImagenFantasma,C,32768,954584,954584
ImagenFantasma,C,32768,1017892,1017892
ImagenFantasma,C,32768,952442,952442
ImagenFantasma,C,32768,1017212,1017212
ImagenFantasma,C,32768,987666,987666
ImagenFantasma,C,32768,1322260,1322260
ImagenFantasma,C,32768,1283636,1283636
ImagenFantasma,C,32768,1343136,1343136
ImagenFantasma,C,32768,1155286,1155286
ImagenFantasma,C,32768,1003816,1003816
ImagenFantasma,C,32768,939318,939318
ImagenFantasma,C,32768,1007862,1007862
ImagenFantasma,C,32768,947308,947308
ImagenFantasma,C,32768,1287954,1287954
ImagenFantasma,C,32768,1241884,1241884
ImagenFantasma,C,32768,1297372,1297372
ImagenFantasma,C,32768,1250316,1250316
ImagenFantasma,C,32768,1005176,1005176
ImagenFantasma,C,32768,940338,940338
ImagenFantasma,C,32768,1107040,1107040
ImagenFantasma,C,32768,1311754,1311754
ImagenFantasma,C,32768,1303696,1303696
ImagenFantasma,C,32768,1272212,1272212
ImagenFantasma,C,32768,1304546,1304546
ImagenFantasma,C,32768,1276190,1276190
ImagenFantasma,C,32768,1305226,1305226
ImagenFantasma,C,32768,955638,955638
ImagenFantasma,C,32768,1018504,1018504
ImagenFantasma,C,32768,951932,951932
ImagenFantasma,C,32768,1018946,1018946
ImagenFantasma,C,32768,953496,953496
ImagenFantasma,C,32768,1018878,1018878
ImagenFantasma,C,32768,952884,952884
ImagenFantasma,C,32768,1057026,1057026
ImagenFantasma,C,32768,952034,952034
ImagenFantasma,C,32768,1019490,1019490
ImagenFantasma,C,32768,954414,954414
ImagenFantasma,C,32768,1017246,1017246
ImagenFantasma,C,32768,1257660,1257660
ImagenFantasma,C,32768,1303764,1303764
ImagenFantasma,C,32768,1259428,1259428
ImagenFantasma,C,32768,1599394,1599394
ImagenFantasma,C,32768,1444558,1444558
ImagenFantasma,C,32768,1022652,1022652
ImagenFantasma,C,32768,953054,953054
ImagenFantasma,C,32768,1054306,1054306
ImagenFantasma,C,32768,952102,952102
ImagenFantasma,C,32768,1065356,1065356
ImagenFantasma,C,32768,953734,953734
ImagenFantasma,C,32768,1018878,1018878
ImagenFantasma,C,32768,971822,971822
ImagenFantasma,C,32768,1018572,1018572
ImagenFantasma,C,32768,952510,952510
ImagenFantasma,C,32768,1019116,1019116
ImagenFantasma,C,32768,954448,954448
ImagenFantasma,C,32768,1640874,1640874
ImagenFantasma,C,32768,1527960,1527960
ImagenFantasma,C,32768,1513612,1513612
ImagenFantasma,C,32768,1463530,1463530
ImagenFantasma,C,32768,1471758,1471758
ImagenFantasma,C,32768,1029792,1029792
ImagenFantasma,C,32768,1049478,1049478
ImagenFantasma,C,32768,953224,953224
ImagenFantasma,C,32768,1017586,1017586
ImagenFantasma,C,32768,952306,952306
ImagenFantasma,C,32768,1314168,1314168
ImagenFantasma,C,32768,954312,954312
ImagenFantasma,C,32768,1022040,1022040
ImagenFantasma,C,32768,953054,953054
ImagenFantasma,C,32768,1019490,1019490
ImagenFantasma,C,32768,1007318,1007318
ImagenFantasma,C,32768,1019286,1019286
ImagenFantasma,C,32768,952986,952986
ImagenFantasma,C,32768,1019490,1019490
ImagenFantasma,C,32768,959616,959616
ImagenFantasma,C,32768,1131656,1131656
ImagenFantasma,C,32768,1094392,1094392
ImagenFantasma,C,32768,1005720,1005720
ImagenFantasma,C,32768,966450,966450
ImagenFantasma,C,32768,1037000,1037000
ImagenFantasma,C,32768,951592,951592
ImagenFantasma,C,32768,1019252,1019252
ImagenFantasma,C,32768,951592,951592
ImagenFantasma,C,32768,1020102,1020102
ImagenFantasma,C,32768,953802,953802
ImagenFantasma,C,32768,1023876,1023876
ImagenFantasma,C,32768,941086,941086
ImagenFantasma,C,32768,1005312,1005312
ImagenFantasma,C,32768,1201560,1201560
ImagenFantasma,C,32768,1286526,1286526
ImagenFantasma,C,32768,1289722,1289722
ImagenFantasma,C,32768,1341062,1341062
ImagenFantasma,C,32768,1245284,1245284
ImagenFantasma,C,32768,1307402,1307402
ImagenFantasma,C,32768,1264392,1264392
ImagenFantasma,C,32768,1321546,1321546
ImagenFantasma,C,32768,1265378,1265378
ImagenFantasma,C,32768,1337798,1337798
ImagenFantasma,C,32768,1271260,1271260
ImagenFantasma,C,32768,1326102,1326102
ImagenFantasma,C,32768,1257694,1257694
ImagenFantasma,C,32768,1306144,1306144
ImagenFantasma,C,32768,1256538,1256538
ImagenFantasma,C,32768,1370370,1370370
ImagenFantasma,C,32768,1261366,1261366
ImagenFantasma,C,32768,1304546,1304546
ImagenFantasma,C,32768,1259768,1259768
ImagenFantasma,C,32768,1399950,1399950
ImagenFantasma,C,32768,1262896,1262896
ImagenFantasma,C,32768,1490390,1490390
ImagenFantasma,C,32768,1260210,1260210
ImagenFantasma,C,32768,1306484,1306484
ImagenFantasma,C,32768,1259156,1259156
ImagenFantasma,C,32768,1305600,1305600
ImagenFantasma,C,32768,1274184,1274184
ImagenFantasma,C,32768,1305090,1305090
ImagenFantasma,C,32768,1259734,1259734
ImagenFantasma,C,32768,1105136,1105136
ImagenFantasma,C,32768,953394,953394
ImagenFantasma,C,32768,1020000,1020000
ImagenFantasma,C,32768,952170,952170
ImagenFantasma,C,32768,1081404,1081404
ImagenFantasma,C,32768,1512218,1512218
ImagenFantasma,C,32768,1023094,1023094
ImagenFantasma,C,32768,954278,954278
ImagenFantasma,C,32768,1018538,1018538
ImagenFantasma,C,32768,952272,952272
ImagenFantasma,C,32768,1212610,1212610
ImagenFantasma,C,32768,952714,952714
ImagenFantasma,C,32768,1017314,1017314
ImagenFantasma,C,32768,953122,953122
ImagenFantasma,C,32768,1036694,1036694
ImagenFantasma,C,32768,952646,952646
ImagenFantasma,C,32768,1018674,1018674
ImagenFantasma,C,32768,953972,953972
ImagenFantasma,C,32768,1018640,1018640
ImagenFantasma,C,32768,962574,962574
ImagenFantasma,C,32768,1018130,1018130
ImagenFantasma,C,32768,952510,952510
ImagenFantasma,C,32768,1185954,1185954
ImagenFantasma,C,32768,1179086,1179086
ImagenFantasma,C,32768,1017688,1017688
ImagenFantasma,C,32768,953632,953632
ImagenFantasma,C,32768,1018130,1018130
ImagenFantasma,C,32768,1495932,1495932
ImagenFantasma,C,32768,1304002,1304002
ImagenFantasma,C,32768,1271464,1271464
ImagenFantasma,C,32768,1304070,1304070
ImagenFantasma,C,32768,1276836,1276836
ImagenFantasma,C,32768,1212168,1212168
ImagenFantasma,C,32768,952918,952918
ImagenFantasma,C,32768,1018130,1018130
ImagenFantasma,C,32768,954686,954686
ImagenFantasma,C,32768,1019014,1019014
ImagenFantasma,C,32768,953292,953292
ImagenFantasma,C,32768,1019048,1019048
ImagenFantasma,C,32768,953088,953088
ImagenFantasma,C,32768,1565802,1565802
ImagenFantasma,C,32768,1513374,1513374
ImagenFantasma,C,32768,1505010,1505010
ImagenFantasma,C,32768,1481142,1481142
ImagenFantasma,C,32768,1457580,1457580
ImagenFantasma,C,32768,1047506,1047506
ImagenFantasma,C,32768,1303798,1303798
ImagenFantasma,C,32768,955332,955332
ImagenFantasma,C,32768,1020578,1020578
ImagenFantasma,C,32768,952850,952850
ImagenFantasma,C,32768,1020714,1020714
ImagenFantasma,C,32768,985014,985014
ImagenFantasma,C,32768,1114792,1114792
ImagenFantasma,C,32768,954380,954380
ImagenFantasma,C,32768,1019354,1019354
ImagenFantasma,C,32768,1097520,1097520
ImagenFantasma,C,32768,1303764,1303764
ImagenFantasma,C,32768,1259938,1259938
ImagenFantasma,C,32768,1329196,1329196
ImagenFantasma,C,32768,1305430,1305430
ImagenFantasma,C,32768,1300058,1300058
ImagenFantasma,C,32768,953156,953156
ImagenFantasma,C,32768,1018538,1018538
ImagenFantasma,C,32768,970428,970428
ImagenFantasma,C,32768,1018436,1018436
ImagenFantasma,C,32768,953190,953190
ImagenFantasma,C,32768,1019456,1019456
ImagenFantasma,C,32768,952238,952238
ImagenFantasma,C,32768,1029418,1029418
ImagenFantasma,C,32768,953530,953530
ImagenFantasma,C,32768,1020238,1020238
ImagenFantasma,C,32768,953326,953326
ImagenFantasma,C,32768,1018878,1018878
ImagenFantasma,C,32768,953360,953360
ImagenFantasma,C,32768,1324674,1324674
ImagenFantasma,C,32768,1145766,1145766
ImagenFantasma,C,32768,1018572,1018572
ImagenFantasma,C,32768,1085178,1085178
ImagenFantasma,C,32768,1152872,1152872
ImagenFantasma,C,32768,953870,953870
ImagenFantasma,C,32768,1339158,1339158
ImagenFantasma,C,32768,1320628,1320628
ImagenFantasma,C,32768,1353642,1353642
ImagenFantasma,C,32768,1316684,1316684
ImagenFantasma,C,32768,1376388,1376388
ImagenFantasma,C,32768,1264392,1264392
ImagenFantasma,C,32768,1304070,1304070
ImagenFantasma,C,32768,1259394,1259394
ImagenFantasma,C,32768,1323246,1323246
ImagenFantasma,C,32768,1260108,1260108
ImagenFantasma,C,32768,1303934,1303934
ImagenFantasma,C,32768,1285234,1285234
ImagenFantasma,C,32768,1413618,1413618
ImagenFantasma,C,32768,1631762,1631762
ImagenFantasma,C,32768,2051968,2051968
ImagenFantasma,C,32768,1842290,1842290
ImagenFantasma,C,32768,1906992,1906992
ImagenFantasma,C,32768,1862622,1862622
ImagenFantasma,C,32768,1907230,1907230
ImagenFantasma,C,32768,1841678,1841678
ImagenFantasma,C,32768,1943474,1943474
ImagenFantasma,C,32768,1499604,1499604
ImagenFantasma,C,32768,1318486,1318486
ImagenFantasma,C,32768,1423546,1423546
ImagenFantasma,C,32768,1020612,1020612
ImagenFantasma,C,32768,953632,953632
ImagenFantasma,C,32768,1042814,1042814
ImagenFantasma,C,32768,1341402,1341402
ImagenFantasma,C,32768,1304036,1304036
ImagenFantasma,C,32768,1259768,1259768
ImagenFantasma,C,32768,1304002,1304002
ImagenFantasma,C,32768,1276360,1276360
ImagenFantasma,C,32768,1347148,1347148
ImagenFantasma,C,32768,953666,953666
ImagenFantasma,C,32768,1019286,1019286
ImagenFantasma,C,32768,952714,952714
ImagenFantasma,C,32768,1019558,1019558
ImagenFantasma,C,32768,952952,952952
ImagenFantasma,C,32768,1019456,1019456
ImagenFantasma,C,32768,953258,953258
ImagenFantasma,C,32768,1220634,1220634
ImagenFantasma,C,32768,1260992,1260992
ImagenFantasma,C,32768,1340960,1340960
ImagenFantasma,C,32768,1393592,1393592
ImagenFantasma,C,32768,1019694,1019694
ImagenFantasma,C,32768,952986,952986
ImagenFantasma,C,32768,1017960,1017960
ImagenFantasma,C,32768,952102,952102
ImagenFantasma,C,32768,1257422,1257422
ImagenFantasma,C,32768,1260720,1260720
ImagenFantasma,C,32768,1303764,1303764
ImagenFantasma,C,32768,1260720,1260720
ImagenFantasma,C,32768,1125026,1125026
ImagenFantasma,C,32768,954108,954108
ImagenFantasma,C,32768,1018674,1018674
ImagenFantasma,C,32768,953666,953666
ImagenFantasma,C,32768,1090108,1090108
ImagenFantasma,C,32768,1171096,1171096
ImagenFantasma,C,32768,1315970,1315970
ImagenFantasma,C,32768,1250350,1250350
ImagenFantasma,C,32768,1345618,1345618
ImagenFantasma,C,32768,939658,939658
ImagenFantasma,C,32768,1005924,1005924
ImagenFantasma,C,32768,940882,940882
ImagenFantasma,C,32768,1026596,1026596
ImagenFantasma,C,32768,953054,953054
ImagenFantasma,C,32768,1046384,1046384
ImagenFantasma,C,32768,953598,953598
ImagenFantasma,C,32768,1018776,1018776
ImagenFantasma,C,32768,995418,995418
ImagenFantasma,C,32768,1374620,1374620
ImagenFantasma,C,32768,1259360,1259360
ImagenFantasma,C,32768,1305396,1305396
ImagenFantasma,C,32768,1160352,1160352
ImagenFantasma,C,32768,1018266,1018266
ImagenFantasma,C,32768,950742,950742
ImagenFantasma,C,32768,1017348,1017348
ImagenFantasma,C,32768,952544,952544
ImagenFantasma,C,32768,1269492,1269492
ImagenFantasma,C,32768,1312774,1312774
ImagenFantasma,C,32768,1288736,1288736
ImagenFantasma,C,32768,1241306,1241306
ImagenFantasma,C,32768,1201730,1201730
ImagenFantasma,C,32768,941868,941868
ImagenFantasma,C,32768,1004156,1004156
ImagenFantasma,C,32768,941528,941528
ImagenFantasma,C,120000,5254836,5254836
ImagenFantasma,C,120000,5170516,5170516
ImagenFantasma,C,120000,4560080,4560080
ImagenFantasma,C,120000,5460706,5460706
ImagenFantasma,C,120000,4449002,4449002
ImagenFantasma,C,120000,4553008,4553008
ImagenFantasma,C,120000,4550526,4550526
ImagenFantasma,C,120000,4110702,4110702
ImagenFantasma,C,120000,3600906,3600906
ImagenFantasma,C,120000,4499254,4499254
ImagenFantasma,C,120000,3642080,3642080
ImagenFantasma,C,120000,3242376,3242376
ImagenFantasma,C,120000,4366722,4366722
ImagenFantasma,C,120000,3176280,3176280
ImagenFantasma,C,120000,4311336,4311336
ImagenFantasma,C,120000,3538210,3538210
ImagenFantasma,C,120000,3948352,3948352
ImagenFantasma,C,120000,3356480,3356480
ImagenFantasma,C,120000,3384462,3384462
ImagenFantasma,C,120000,3218236,3218236
ImagenFantasma,C,120000,5045090,5045090
ImagenFantasma,C,120000,3218882,3218882
ImagenFantasma,C,120000,3400986,3400986
ImagenFantasma,C,120000,3220242,3220242
ImagenFantasma,C,120000,3479968,3479968
ImagenFantasma,C,120000,4030938,4030938
ImagenFantasma,C,120000,4556884,4556884
ImagenFantasma,C,120000,4440298,4440298
ImagenFantasma,C,120000,4517274,4517274
ImagenFantasma,C,120000,4428432,4428432
ImagenFantasma,C,120000,4817936,4817936
ImagenFantasma,C,120000,4409188,4409188
ImagenFantasma,C,120000,4753132,4753132
ImagenFantasma,C,120000,4516526,4516526
ImagenFantasma,C,120000,4472734,4472734
ImagenFantasma,C,120000,4412146,4412146
ImagenFantasma,C,120000,4806920,4806920
ImagenFantasma,C,120000,4378384,4378384
ImagenFantasma,C,120000,5842050,5842050
ImagenFantasma,C,120000,4392664,4392664
ImagenFantasma,C,120000,4539544,4539544
ImagenFantasma,C,120000,3665948,3665948
ImagenFantasma,C,120000,4651744,4651744
ImagenFantasma,C,120000,3516144,3516144
ImagenFantasma,C,120000,4585444,4585444
ImagenFantasma,C,120000,4702404,4702404
ImagenFantasma,C,120000,3358044,3358044
ImagenFantasma,C,120000,4545562,4545562
ImagenFantasma,C,120000,4559468,4559468
ImagenFantasma,C,120000,4233000,4233000
ImagenFantasma,C,120000,4514622,4514622
ImagenFantasma,C,120000,4503878,4503878
ImagenFantasma,C,120000,3748738,3748738
ImagenFantasma,C,120000,4419422,4419422
ImagenFantasma,C,120000,3816534,3816534
ImagenFantasma,C,120000,4047938,4047938
ImagenFantasma,C,120000,4855574,4855574
ImagenFantasma,C,120000,3979462,3979462
ImagenFantasma,C,120000,4793116,4793116
ImagenFantasma,C,120000,3161456,3161456
ImagenFantasma,C,120000,4689314,4689314
ImagenFantasma,C,120000,3297694,3297694
ImagenFantasma,C,120000,4688634,4688634
ImagenFantasma,C,120000,4826164,4826164
ImagenFantasma,C,120000,3802186,3802186
ImagenFantasma,C,120000,3324214,3324214
ImagenFantasma,C,120000,3956410,3956410
ImagenFantasma,C,120000,3265122,3265122
ImagenFantasma,C,120000,4776660,4776660
ImagenFantasma,C,120000,4127362,4127362
ImagenFantasma,C,120000,4341222,4341222
ImagenFantasma,C,120000,4603566,4603566
ImagenFantasma,C,120000,4451960,4451960
ImagenFantasma,C,120000,4446282,4446282
ImagenFantasma,C,120000,4575346,4575346
ImagenFantasma,C,120000,4251666,4251666
ImagenFantasma,C,120000,3376200,3376200
ImagenFantasma,C,120000,5687282,5687282
ImagenFantasma,C,120000,4522748,4522748
ImagenFantasma,C,120000,3842952,3842952
ImagenFantasma,C,120000,4530194,4530194
ImagenFantasma,C,120000,3227314,3227314
ImagenFantasma,C,120000,4112164,4112164
ImagenFantasma,C,120000,4300354,4300354
ImagenFantasma,C,120000,4329594,4329594
ImagenFantasma,C,120000,3205996,3205996
ImagenFantasma,C,120000,4571470,4571470
ImagenFantasma,C,120000,4378010,4378010
ImagenFantasma,C,120000,4424556,4424556
ImagenFantasma,C,120000,4333130,4333130
ImagenFantasma,C,120000,4414084,4414084
ImagenFantasma,C,120000,4042294,4042294
ImagenFantasma,C,120000,3868214,3868214
ImagenFantasma,C,120000,3238602,3238602
ImagenFantasma,C,120000,4759252,4759252
ImagenFantasma,C,120000,5365234,5365234
ImagenFantasma,C,120000,3374228,3374228
ImagenFantasma,C,120000,3219664,3219664
ImagenFantasma,C,120000,4138616,4138616
ImagenFantasma,C,120000,4441590,4441590
ImagenFantasma,C,120000,4556238,4556238
ImagenFantasma,C,120000,4213484,4213484
ImagenFantasma,C,120000,3373684,3373684
ImagenFantasma,C,120000,5187720,5187720
ImagenFantasma,C,120000,5156066,5156066
ImagenFantasma,C,120000,4162620,4162620
ImagenFantasma,C,120000,4689960,4689960
ImagenFantasma,C,120000,3318298,3318298
ImagenFantasma,C,120000,4557156,4557156
ImagenFantasma,C,120000,4365464,4365464
ImagenFantasma,C,120000,4458046,4458046
ImagenFantasma,C,120000,4342990,4342990
ImagenFantasma,C,120000,4948360,4948360
ImagenFantasma,C,120000,4828408,4828408
ImagenFantasma,C,120000,5765210,5765210
ImagenFantasma,C,120000,3174070,3174070
ImagenFantasma,C,120000,3400034,3400034
ImagenFantasma,C,120000,4474366,4474366
ImagenFantasma,C,120000,4532404,4532404
ImagenFantasma,C,120000,4466580,4466580
ImagenFantasma,C,120000,4710802,4710802
ImagenFantasma,C,120000,3433864,3433864
ImagenFantasma,C,120000,3790558,3790558
ImagenFantasma,C,120000,5491034,5491034
ImagenFantasma,C,120000,3413940,3413940
ImagenFantasma,C,120000,4479432,4479432
ImagenFantasma,C,120000,3501626,3501626
ImagenFantasma,C,120000,3169038,3169038
ImagenFantasma,C,120000,3299836,3299836
ImagenFantasma,C,120000,3641978,3641978
ImagenFantasma,C,120000,3418224,3418224
ImagenFantasma,C,120000,3978680,3978680
ImagenFantasma,C,120000,5608708,5608708
ImagenFantasma,C,120000,4510916,4510916
ImagenFantasma,C,120000,3953044,3953044
ImagenFantasma,C,120000,4332722,4332722
ImagenFantasma,C,120000,3913026,3913026
ImagenFantasma,C,120000,4488136,4488136
ImagenFantasma,C,120000,3680058,3680058
ImagenFantasma,C,120000,3229592,3229592
ImagenFantasma,C,120000,5433676,5433676
ImagenFantasma,C,120000,6051150,6051150
ImagenFantasma,C,120000,5462848,5462848
ImagenFantasma,C,120000,4149258,4149258
ImagenFantasma,C,120000,4596664,4596664
ImagenFantasma,C,120000,5193024,5193024
ImagenFantasma,C,120000,3692094,3692094
ImagenFantasma,C,120000,3680092,3680092
ImagenFantasma,C,120000,4550900,4550900
ImagenFantasma,C,120000,3200182,3200182
ImagenFantasma,C,120000,6693240,6693240
ImagenFantasma,C,120000,3700730,3700730
ImagenFantasma,C,120000,4447880,4447880
ImagenFantasma,C,120000,4473380,4473380
ImagenFantasma,C,120000,3550382,3550382
ImagenFantasma,C,120000,3224390,3224390
ImagenFantasma,C,120000,3358214,3358214
ImagenFantasma,C,120000,3388100,3388100
ImagenFantasma,C,120000,4114816,4114816
ImagenFantasma,C,120000,4948190,4948190
ImagenFantasma,C,120000,4350844,4350844
ImagenFantasma,C,120000,3203310,3203310
ImagenFantasma,C,120000,3550008,3550008
ImagenFantasma,C,120000,4116618,4116618
ImagenFantasma,C,120000,3432946,3432946
ImagenFantasma,C,120000,4946898,4946898
ImagenFantasma,C,120000,4091118,4091118
ImagenFantasma,C,120000,3315340,3315340
ImagenFantasma,C,120000,3382830,3382830
ImagenFantasma,C,120000,3557080,3557080
ImagenFantasma,C,120000,3840436,3840436
ImagenFantasma,C,120000,4343024,4343024
ImagenFantasma,C,120000,3906464,3906464
ImagenFantasma,C,120000,3845978,3845978
ImagenFantasma,C,120000,3455454,3455454
ImagenFantasma,C,120000,3454536,3454536
ImagenFantasma,C,120000,3883412,3883412
ImagenFantasma,C,120000,4619444,4619444
ImagenFantasma,C,120000,3690666,3690666
ImagenFantasma,C,120000,3669484,3669484
ImagenFantasma,C,120000,3368074,3368074
ImagenFantasma,C,120000,4152284,4152284
ImagenFantasma,C,120000,3692740,3692740
ImagenFantasma,C,120000,3803206,3803206
ImagenFantasma,C,120000,4356828,4356828
ImagenFantasma,C,120000,3205486,3205486
ImagenFantasma,C,120000,3368924,3368924
ImagenFantasma,C,120000,4080306,4080306
ImagenFantasma,C,120000,3474800,3474800
ImagenFantasma,C,120000,3239418,3239418
ImagenFantasma,C,120000,4560862,4560862
ImagenFantasma,C,120000,3715384,3715384
ImagenFantasma,C,120000,4658646,4658646
ImagenFantasma,C,120000,4443018,4443018
ImagenFantasma,C,120000,5345786,5345786
ImagenFantasma,C,120000,4420918,4420918
ImagenFantasma,C,120000,4486130,4486130
ImagenFantasma,C,120000,3845060,3845060
ImagenFantasma,C,120000,5870066,5870066
ImagenFantasma,C,120000,3943388,3943388
ImagenFantasma,C,120000,3307588,3307588
ImagenFantasma,C,120000,4603838,4603838
ImagenFantasma,C,120000,4512072,4512072
ImagenFantasma,C,120000,6627450,6627450
ImagenFantasma,C,120000,4585274,4585274
ImagenFantasma,C,120000,5299682,5299682
ImagenFantasma,C,120000,6336240,6336240
ImagenFantasma,C,120000,5316750,5316750
ImagenFantasma,C,120000,4451926,4451926
ImagenFantasma,C,120000,4490958,4490958
ImagenFantasma,C,120000,4450294,4450294
ImagenFantasma,C,120000,4349688,4349688
ImagenFantasma,C,120000,4539612,4539612
ImagenFantasma,C,120000,4331464,4331464
ImagenFantasma,C,120000,4486266,4486266
ImagenFantasma,C,120000,4841532,4841532
ImagenFantasma,C,120000,4207364,4207364
ImagenFantasma,C,120000,3555856,3555856
ImagenFantasma,C,120000,3518116,3518116
ImagenFantasma,C,120000,4455428,4455428
ImagenFantasma,C,120000,7020014,7020014
ImagenFantasma,C,120000,4307834,4307834
ImagenFantasma,C,120000,3285284,3285284
ImagenFantasma,C,120000,3912108,3912108
ImagenFantasma,C,120000,5297064,5297064
ImagenFantasma,C,120000,4079694,4079694
ImagenFantasma,C,120000,3727964,3727964
ImagenFantasma,C,120000,4311948,4311948
ImagenFantasma,C,120000,4541924,4541924
ImagenFantasma,C,120000,3279538,3279538
ImagenFantasma,C,120000,4320210,4320210
ImagenFantasma,C,120000,3207900,3207900
ImagenFantasma,C,120000,3298000,3298000
ImagenFantasma,C,120000,3561772,3561772
ImagenFantasma,C,120000,4375018,4375018
ImagenFantasma,C,120000,5655356,5655356
ImagenFantasma,C,120000,4696012,4696012
ImagenFantasma,C,120000,4661094,4661094
ImagenFantasma,C,120000,5968530,5968530
ImagenFantasma,C,120000,4473448,4473448
ImagenFantasma,C,120000,4558346,4558346
ImagenFantasma,C,120000,5594530,5594530
ImagenFantasma,C,120000,5101700,5101700
ImagenFantasma,C,120000,3904798,3904798
ImagenFantasma,C,120000,4666772,4666772
ImagenFantasma,C,120000,4558720,4558720
ImagenFantasma,C,120000,4552090,4552090
ImagenFantasma,C,120000,4554232,4554232
ImagenFantasma,C,120000,3281272,3281272
ImagenFantasma,C,120000,4307936,4307936
ImagenFantasma,C,120000,3886710,3886710
ImagenFantasma,C,120000,4990282,4990282
ImagenFantasma,C,120000,3471604,3471604
ImagenFantasma,C,120000,3153228,3153228
ImagenFantasma,C,120000,3296232,3296232
ImagenFantasma,C,120000,3267808,3267808
ImagenFantasma,C,120000,5717100,5717100
ImagenFantasma,C,120000,3712970,3712970
ImagenFantasma,C,120000,3399524,3399524
ImagenFantasma,C,120000,3846964,3846964
ImagenFantasma,C,120000,5125534,5125534
ImagenFantasma,C,120000,4240684,4240684
ImagenFantasma,C,120000,3409112,3409112
ImagenFantasma,C,120000,3364810,3364810
ImagenFantasma,C,120000,3591590,3591590
ImagenFantasma,C,120000,3374704,3374704
ImagenFantasma,C,120000,3383918,3383918
ImagenFantasma,C,120000,4358154,4358154
ImagenFantasma,C,120000,4556102,4556102
ImagenFantasma,C,120000,5177826,5177826
ImagenFantasma,C,120000,6304722,6304722
ImagenFantasma,C,120000,3795216,3795216
ImagenFantasma,C,120000,4202128,4202128
ImagenFantasma,C,120000,4071738,4071738
ImagenFantasma,C,120000,6008616,6008616
ImagenFantasma,C,120000,3238772,3238772
ImagenFantasma,C,120000,3334448,3334448
ImagenFantasma,C,120000,3137894,3137894
ImagenFantasma,C,120000,3401836,3401836
ImagenFantasma,C,120000,4808280,4808280
ImagenFantasma,C,120000,3367122,3367122
ImagenFantasma,C,120000,3207832,3207832
ImagenFantasma,C,120000,3427268,3427268
ImagenFantasma,C,120000,3181618,3181618
ImagenFantasma,C,120000,4146640,4146640
ImagenFantasma,C,120000,4415784,4415784
ImagenFantasma,C,120000,3985480,3985480
ImagenFantasma,C,120000,3243838,3243838
ImagenFantasma,C,120000,3402958,3402958
ImagenFantasma,C,120000,4865332,4865332
ImagenFantasma,C,120000,3363076,3363076
ImagenFantasma,C,120000,3211436,3211436
ImagenFantasma,C,120000,3451578,3451578
ImagenFantasma,C,120000,5875574,5875574
ImagenFantasma,C,120000,4568036,4568036
ImagenFantasma,C,120000,3219630,3219630
ImagenFantasma,C,120000,3402244,3402244
ImagenFantasma,C,120000,3751764,3751764
ImagenFantasma,C,120000,5122338,5122338
ImagenFantasma,C,120000,3231564,3231564
ImagenFantasma,C,131072,4791892,4791892
ImagenFantasma,C,131072,4764624,4764624
ImagenFantasma,C,131072,4803316,4803316
ImagenFantasma,C,131072,5599358,5599358
ImagenFantasma,C,131072,4918406,4918406
ImagenFantasma,C,131072,4867644,4867644
ImagenFantasma,C,131072,4958526,4958526
ImagenFantasma,C,131072,5140052,5140052
ImagenFantasma,C,131072,4970324,4970324
ImagenFantasma,C,131072,4778496,4778496
ImagenFantasma,C,131072,4918236,4918236
ImagenFantasma,C,131072,4765780,4765780
ImagenFantasma,C,131072,4881856,4881856
ImagenFantasma,C,131072,4784650,4784650
ImagenFantasma,C,131072,5308284,5308284
ImagenFantasma,C,131072,4888180,4888180
ImagenFantasma,C,131072,4860334,4860334
ImagenFantasma,C,131072,4770778,4770778
ImagenFantasma,C,131072,4906744,4906744
ImagenFantasma,C,131072,3509174,3509174
ImagenFantasma,C,131072,3915882,3915882
ImagenFantasma,C,131072,4803010,4803010
ImagenFantasma,C,131072,5203598,5203598
ImagenFantasma,C,131072,4916638,4916638
ImagenFantasma,C,131072,4931564,4931564
ImagenFantasma,C,131072,4830074,4830074
ImagenFantasma,C,131072,4912660,4912660
ImagenFantasma,C,131072,3932440,3932440
ImagenFantasma,C,131072,4909498,4909498
ImagenFantasma,C,131072,4416532,4416532
ImagenFantasma,C,131072,3719634,3719634
ImagenFantasma,C,131072,4826708,4826708
ImagenFantasma,C,131072,4849216,4849216
ImagenFantasma,C,131072,3430056,3430056
ImagenFantasma,C,131072,4952508,4952508
ImagenFantasma,C,131072,4781284,4781284
ImagenFantasma,C,131072,5159058,5159058
ImagenFantasma,C,131072,5117034,5117034
ImagenFantasma,C,131072,3527092,3527092
ImagenFantasma,C,131072,4820758,4820758
ImagenFantasma,C,131072,3592984,3592984
ImagenFantasma,C,131072,3484388,3484388
ImagenFantasma,C,131072,3600804,3600804
ImagenFantasma,C,131072,4196280,4196280
ImagenFantasma,C,131072,3706952,3706952
ImagenFantasma,C,131072,4404564,4404564
ImagenFantasma,C,131072,4815182,4815182
ImagenFantasma,C,131072,3472284,3472284
ImagenFantasma,C,131072,4350436,4350436
ImagenFantasma,C,131072,3608046,3608046
ImagenFantasma,C,131072,3714330,3714330
ImagenFantasma,C,131072,3431892,3431892
ImagenFantasma,C,131072,3571020,3571020
ImagenFantasma,C,131072,3847678,3847678
ImagenFantasma,C,131072,3585708,3585708
ImagenFantasma,C,131072,3427302,3427302
ImagenFantasma,C,131072,3578126,3578126
ImagenFantasma,C,131072,3429954,3429954
ImagenFantasma,C,131072,3581662,3581662
ImagenFantasma,C,131072,3438590,3438590
ImagenFantasma,C,131072,3883174,3883174
ImagenFantasma,C,131072,3654218,3654218
ImagenFantasma,C,131072,3579350,3579350
ImagenFantasma,C,131072,3863964,3863964
ImagenFantasma,C,131072,3588564,3588564
ImagenFantasma,C,131072,3442772,3442772
ImagenFantasma,C,131072,3632866,3632866
ImagenFantasma,C,131072,3433184,3433184
ImagenFantasma,C,131072,3580438,3580438
ImagenFantasma,C,131072,4814536,4814536
ImagenFantasma,C,131072,3610902,3610902
ImagenFantasma,C,131072,3596248,3596248
ImagenFantasma,C,131072,3620048,3620048
ImagenFantasma,C,131072,3645310,3645310
ImagenFantasma,C,131072,3570646,3570646
ImagenFantasma,C,131072,3451578,3451578
ImagenFantasma,C,131072,3582274,3582274
ImagenFantasma,C,131072,3456780,3456780
ImagenFantasma,C,131072,3603694,3603694
ImagenFantasma,C,131072,3454196,3454196
ImagenFantasma,C,131072,3603150,3603150
ImagenFantasma,C,131072,3462016,3462016
ImagenFantasma,C,131072,3598662,3598662
ImagenFantasma,C,131072,3444846,3444846
ImagenFantasma,C,131072,3609678,3609678
ImagenFantasma,C,131072,3427608,3427608
ImagenFantasma,C,131072,3581798,3581798
ImagenFantasma,C,131072,3421386,3421386
ImagenFantasma,C,131072,3610052,3610052
ImagenFantasma,C,131072,3441378,3441378
ImagenFantasma,C,131072,3921186,3921186
ImagenFantasma,C,131072,3425874,3425874
ImagenFantasma,C,131072,3644902,3644902
ImagenFantasma,C,131072,4873764,4873764
ImagenFantasma,C,131072,4945232,4945232
ImagenFantasma,C,131072,4826640,4826640
ImagenFantasma,C,131072,4044674,4044674
ImagenFantasma,C,131072,3993946,3993946
ImagenFantasma,C,131072,4147592,4147592
ImagenFantasma,C,131072,4695366,4695366
ImagenFantasma,C,131072,3583600,3583600
ImagenFantasma,C,131072,4342752,4342752
ImagenFantasma,C,131072,5368872,5368872
ImagenFantasma,C,131072,3823946,3823946
ImagenFantasma,C,131072,3547050,3547050
ImagenFantasma,C,131072,3446954,3446954
ImagenFantasma,C,131072,3678562,3678562
ImagenFantasma,C,131072,3447464,3447464
ImagenFantasma,C,131072,4508332,4508332
ImagenFantasma,C,131072,3644970,3644970
ImagenFantasma,C,131072,4327010,4327010
ImagenFantasma,C,131072,3454774,3454774
ImagenFantasma,C,131072,4577216,4577216
ImagenFantasma,C,131072,4798318,4798318
ImagenFantasma,C,131072,4876280,4876280
ImagenFantasma,C,131072,4849964,4849964
ImagenFantasma,C,131072,4854452,4854452
ImagenFantasma,C,131072,4252244,4252244
ImagenFantasma,C,131072,3594718,3594718
ImagenFantasma,C,131072,4123350,4123350
ImagenFantasma,C,131072,3580302,3580302
ImagenFantasma,C,131072,4243880,4243880
ImagenFantasma,C,131072,4882332,4882332
ImagenFantasma,C,131072,3420026,3420026
ImagenFantasma,C,131072,3603252,3603252
ImagenFantasma,C,131072,3403876,3403876
ImagenFantasma,C,131072,4056336,4056336
ImagenFantasma,C,131072,4838778,4838778
ImagenFantasma,C,131072,4504116,4504116
ImagenFantasma,C,131072,3456100,3456100
ImagenFantasma,C,131072,3607060,3607060
ImagenFantasma,C,131072,3703518,3703518
ImagenFantasma,C,131072,3789810,3789810
ImagenFantasma,C,131072,3512030,3512030
ImagenFantasma,C,131072,3592814,3592814
ImagenFantasma,C,131072,3430430,3430430
ImagenFantasma,C,131072,4428160,4428160
ImagenFantasma,C,131072,3440256,3440256
ImagenFantasma,C,131072,4532166,4532166
ImagenFantasma,C,131072,4791008,4791008
ImagenFantasma,C,131072,5028056,5028056
ImagenFantasma,C,131072,4808178,4808178
ImagenFantasma,C,131072,3989186,3989186
ImagenFantasma,C,131072,3419380,3419380
ImagenFantasma,C,131072,3582070,3582070
ImagenFantasma,C,131072,3938220,3938220
ImagenFantasma,C,131072,4601186,4601186
ImagenFantasma,C,131072,3421828,3421828
ImagenFantasma,C,131072,3758258,3758258
ImagenFantasma,C,131072,3493058,3493058
ImagenFantasma,C,131072,4921942,4921942
ImagenFantasma,C,131072,4347478,4347478
ImagenFantasma,C,131072,4128994,4128994
ImagenFantasma,C,131072,3419278,3419278
ImagenFantasma,C,131072,3568810,3568810
ImagenFantasma,C,131072,4830482,4830482
ImagenFantasma,C,131072,4752452,4752452
ImagenFantasma,C,131072,3503734,3503734
ImagenFantasma,C,131072,5115810,5115810
ImagenFantasma,C,131072,5208426,5208426
ImagenFantasma,C,131072,5317702,5317702
ImagenFantasma,C,131072,5278772,5278772
ImagenFantasma,C,131072,5307978,5307978
ImagenFantasma,C,131072,5223012,5223012
ImagenFantasma,C,131072,5310800,5310800
ImagenFantasma,C,131072,5206488,5206488
ImagenFantasma,C,131072,5347554,5347554
ImagenFantasma,C,131072,5216722,5216722
ImagenFantasma,C,131072,5311038,5311038
ImagenFantasma,C,131072,5180682,5180682
ImagenFantasma,C,131072,5325658,5325658
ImagenFantasma,C,131072,5253544,5253544
ImagenFantasma,C,131072,5335144,5335144
ImagenFantasma,C,131072,5224644,5224644
ImagenFantasma,C,131072,5329602,5329602
ImagenFantasma,C,131072,5194690,5194690
ImagenFantasma,C,131072,6796906,6796906
ImagenFantasma,C,131072,5350308,5350308
ImagenFantasma,C,131072,5302776,5302776
ImagenFantasma,C,131072,5183708,5183708
ImagenFantasma,C,131072,5342182,5342182
ImagenFantasma,C,131072,5281968,5281968
ImagenFantasma,C,131072,5306618,5306618
ImagenFantasma,C,131072,5237700,5237700
ImagenFantasma,C,131072,5320966,5320966
ImagenFantasma,C,131072,5196288,5196288
ImagenFantasma,C,131072,5313282,5313282
ImagenFantasma,C,131072,5189012,5189012
ImagenFantasma,C,131072,5298900,5298900
ImagenFantasma,C,131072,5196118,5196118
ImagenFantasma,C,131072,5330214,5330214
ImagenFantasma,C,131072,5223828,5223828
ImagenFantasma,C,131072,5301246,5301246
ImagenFantasma,C,131072,5198090,5198090
ImagenFantasma,C,131072,5323822,5323822
ImagenFantasma,C,131072,6866980,6866980
ImagenFantasma,C,131072,5405320,5405320
ImagenFantasma,C,131072,5015340,5015340
ImagenFantasma,C,131072,4926124,4926124
ImagenFantasma,C,131072,4795938,4795938
ImagenFantasma,C,131072,4891512,4891512
ImagenFantasma,C,131072,4797876,4797876
ImagenFantasma,C,131072,4899434,4899434
ImagenFantasma,C,131072,4676088,4676088
ImagenFantasma,C,131072,4891206,4891206
ImagenFantasma,C,131072,4846666,4846666
ImagenFantasma,C,131072,4859450,4859450
ImagenFantasma,C,131072,3554632,3554632
ImagenFantasma,C,131072,3586660,3586660
ImagenFantasma,C,131072,3661970,3661970
ImagenFantasma,C,131072,4273664,4273664
ImagenFantasma,C,131072,3469530,3469530
ImagenFantasma,C,131072,3928088,3928088
ImagenFantasma,C,131072,3599002,3599002
ImagenFantasma,C,131072,3581152,3581152
ImagenFantasma,C,131072,4845340,4845340
ImagenFantasma,C,131072,4935032,4935032
ImagenFantasma,C,131072,3640108,3640108
ImagenFantasma,C,131072,3645072,3645072
ImagenFantasma,C,131072,5140018,5140018
ImagenFantasma,C,131072,4240582,4240582
ImagenFantasma,C,131072,3680500,3680500
ImagenFantasma,C,131072,3571496,3571496
ImagenFantasma,C,131072,3442976,3442976
ImagenFantasma,C,131072,4355706,4355706
ImagenFantasma,C,131072,4833508,4833508
ImagenFantasma,C,131072,3601246,3601246
ImagenFantasma,C,131072,3973308,3973308
ImagenFantasma,C,131072,3634430,3634430
ImagenFantasma,C,131072,4799100,4799100
ImagenFantasma,C,131072,5214580,5214580
ImagenFantasma,C,131072,4794170,4794170
ImagenFantasma,C,131072,4252312,4252312
ImagenFantasma,C,131072,4696522,4696522
ImagenFantasma,C,131072,3585946,3585946
ImagenFantasma,C,131072,3447158,3447158
ImagenFantasma,C,131072,3633920,3633920
ImagenFantasma,C,131072,3444812,3444812
ImagenFantasma,C,131072,4407080,4407080
ImagenFantasma,C,131072,3430226,3430226
ImagenFantasma,C,131072,3582172,3582172
ImagenFantasma,C,131072,3442466,3442466
ImagenFantasma,C,131072,4653546,4653546
ImagenFantasma,C,131072,4300116,4300116
ImagenFantasma,C,131072,3615696,3615696
ImagenFantasma,C,131072,3875796,3875796
ImagenFantasma,C,131072,3585538,3585538
ImagenFantasma,C,131072,3432232,3432232
ImagenFantasma,C,131072,5080076,5080076
ImagenFantasma,C,131072,4804540,4804540
ImagenFantasma,C,131072,4932890,4932890
ImagenFantasma,C,131072,3518626,3518626
ImagenFantasma,C,131072,3700968,3700968
ImagenFantasma,C,131072,4482832,4482832
ImagenFantasma,C,131072,3583396,3583396
ImagenFantasma,C,131072,3342608,3342608
ImagenFantasma,C,131072,3590468,3590468
ImagenFantasma,C,131072,3933596,3933596
ImagenFantasma,C,131072,4904160,4904160
ImagenFantasma,C,131072,4240004,4240004
ImagenFantasma,C,131072,3607060,3607060
ImagenFantasma,C,131072,3430804,3430804
ImagenFantasma,C,131072,4028422,4028422
ImagenFantasma,C,131072,4004792,4004792
ImagenFantasma,C,131072,3608930,3608930
ImagenFantasma,C,131072,3828638,3828638
ImagenFantasma,C,131072,4895320,4895320
ImagenFantasma,C,131072,4983686,4983686
ImagenFantasma,C,131072,4855574,4855574
ImagenFantasma,C,131072,4687988,4687988
ImagenFantasma,C,131072,4618356,4618356
ImagenFantasma,C,131072,4716684,4716684
ImagenFantasma,C,131072,4933910,4933910
ImagenFantasma,C,131072,4833882,4833882
ImagenFantasma,C,131072,4575074,4575074
ImagenFantasma,C,131072,3435972,3435972
ImagenFantasma,C,131072,3681486,3681486
ImagenFantasma,C,131072,3438658,3438658
ImagenFantasma,C,131072,3600906,3600906
ImagenFantasma,C,131072,4164048,4164048
ImagenFantasma,C,131072,3616376,3616376
ImagenFantasma,C,131072,4731372,4731372
ImagenFantasma,C,131072,4012544,4012544
ImagenFantasma,C,131072,3419856,3419856
ImagenFantasma,C,131072,3770294,3770294
ImagenFantasma,C,131072,3704912,3704912
ImagenFantasma,C,131072,3622462,3622462
ImagenFantasma,C,131072,3479390,3479390
ImagenFantasma,C,131072,3583260,3583260
ImagenFantasma,C,131072,3440494,3440494
ImagenFantasma,C,131072,4510236,4510236
ImagenFantasma,C,131072,4837996,4837996
ImagenFantasma,C,131072,4891580,4891580
ImagenFantasma,C,131072,4809062,4809062
ImagenFantasma,C,131072,4930646,4930646
ImagenFantasma,C,131072,4924934,4924934
ImagenFantasma,C,131072,3510126,3510126
ImagenFantasma,C,131072,3440562,3440562
ImagenFantasma,C,131072,3710182,3710182
ImagenFantasma,C,131072,3430022,3430022
ImagenFantasma,C,480000,13806312,13806312
ImagenFantasma,C,480000,16080198,16080198
ImagenFantasma,C,480000,16315614,16315614
ImagenFantasma,C,480000,17386274,17386274
ImagenFantasma,C,480000,18213834,18213834
ImagenFantasma,C,480000,12116274,12116274
ImagenFantasma,C,480000,27560026,27560026
ImagenFantasma,C,480000,12743642,12743642
ImagenFantasma,C,480000,18634278,18634278
ImagenFantasma,C,480000,14359254,14359254
ImagenFantasma,C,480000,14132950,14132950
ImagenFantasma,C,480000,13233412,13233412
ImagenFantasma,C,480000,14923280,14923280
ImagenFantasma,C,480000,12407042,12407042
ImagenFantasma,C,480000,14992946,14992946
ImagenFantasma,C,480000,15186678,15186678
ImagenFantasma,C,480000,13502318,13502318
ImagenFantasma,C,480000,13245856,13245856
ImagenFantasma,C,480000,12651366,12651366
ImagenFantasma,C,480000,15407576,15407576
ImagenFantasma,C,480000,15713984,15713984
ImagenFantasma,C,480000,13948466,13948466
ImagenFantasma,C,480000,13715940,13715940
ImagenFantasma,C,480000,16442638,16442638
ImagenFantasma,C,480000,14333686,14333686
ImagenFantasma,C,480000,17136238,17136238
ImagenFantasma,C,480000,13943978,13943978
ImagenFantasma,C,480000,16749488,16749488
ImagenFantasma,C,480000,17120836,17120836
ImagenFantasma,C,480000,12452976,12452976
ImagenFantasma,C,480000,14823286,14823286
ImagenFantasma,C,480000,13350814,13350814
ImagenFantasma,C,480000,13141986,13141986
ImagenFantasma,C,480000,16177166,16177166
ImagenFantasma,C,480000,18165350,18165350
ImagenFantasma,C,480000,18335962,18335962
ImagenFantasma,C,480000,18547884,18547884
ImagenFantasma,C,480000,13906918,13906918
ImagenFantasma,C,480000,13887062,13887062
ImagenFantasma,C,480000,12240068,12240068
ImagenFantasma,C,480000,12930608,12930608
ImagenFantasma,C,480000,13020572,13020572
ImagenFantasma,C,480000,12742248,12742248
ImagenFantasma,C,480000,12390960,12390960
ImagenFantasma,C,480000,13663648,13663648
ImagenFantasma,C,480000,14026292,14026292
ImagenFantasma,C,480000,13779010,13779010
ImagenFantasma,C,480000,15453340,15453340
ImagenFantasma,C,480000,16615290,16615290
ImagenFantasma,C,480000,13980528,13980528
ImagenFantasma,C,480000,22518302,22518302
ImagenFantasma,C,480000,11911594,11911594
ImagenFantasma,C,480000,12833300,12833300
ImagenFantasma,C,480000,14181094,14181094
ImagenFantasma,C,480000,17406980,17406980
ImagenFantasma,C,480000,14818458,14818458
ImagenFantasma,C,480000,17871318,17871318
ImagenFantasma,C,480000,17669154,17669154
ImagenFantasma,C,480000,17568242,17568242
ImagenFantasma,C,480000,15099638,15099638
ImagenFantasma,C,480000,17617984,17617984
ImagenFantasma,C,480000,15652512,15652512
ImagenFantasma,C,480000,15324956,15324956
ImagenFantasma,C,480000,12846900,12846900
ImagenFantasma,C,480000,17680068,17680068
ImagenFantasma,C,480000,15747984,15747984
ImagenFantasma,C,480000,13192714,13192714
ImagenFantasma,C,480000,16686214,16686214
ImagenFantasma,C,480000,16214192,16214192
ImagenFantasma,C,480000,14198706,14198706
ImagenFantasma,C,480000,16688152,16688152
ImagenFantasma,C,480000,13524078,13524078
ImagenFantasma,C,480000,15676142,15676142
ImagenFantasma,C,480000,14081474,14081474
ImagenFantasma,C,480000,14702450,14702450
ImagenFantasma,C,480000,17356830,17356830
ImagenFantasma,C,480000,14493656,14493656
ImagenFantasma,C,480000,17365160,17365160
ImagenFantasma,C,480000,14894856,14894856
ImagenFantasma,C,480000,14034520,14034520
ImagenFantasma,C,480000,13035158,13035158
ImagenFantasma,C,480000,12068776,12068776
ImagenFantasma,C,480000,14469176,14469176
ImagenFantasma,C,480000,13304608,13304608
ImagenFantasma,C,480000,12669760,12669760
ImagenFantasma,C,480000,13903722,13903722
ImagenFantasma,C,480000,15826320,15826320
ImagenFantasma,C,480000,14410594,14410594
ImagenFantasma,C,480000,12855128,12855128
ImagenFantasma,C,480000,12075984,12075984
ImagenFantasma,C,480000,18122748,18122748
ImagenFantasma,C,480000,17475592,17475592
ImagenFantasma,C,480000,17735488,17735488
ImagenFantasma,C,480000,14428308,14428308
ImagenFantasma,C,480000,14002560,14002560
ImagenFantasma,C,480000,12276958,12276958
ImagenFantasma,C,480000,14677596,14677596
ImagenFantasma,C,480000,14024184,14024184
ImagenFantasma,C,480000,16240236,16240236
ImagenFantasma,C,480000,14506032,14506032
ImagenFantasma,C,480000,14669810,14669810
ImagenFantasma,C,480000,12188762,12188762
ImagenFantasma,C,480000,12616924,12616924
ImagenFantasma,C,480000,12987354,12987354
ImagenFantasma,C,480000,16413908,16413908
ImagenFantasma,C,480000,16847442,16847442
ImagenFantasma,C,480000,16874744,16874744
ImagenFantasma,C,480000,14334638,14334638
ImagenFantasma,C,480000,14538706,14538706
ImagenFantasma,C,480000,14412940,14412940
ImagenFantasma,C,480000,14075728,14075728
ImagenFantasma,C,480000,13758032,13758032
ImagenFantasma,C,480000,13470970,13470970
ImagenFantasma,C,480000,17348806,17348806
ImagenFantasma,C,480000,17286926,17286926
ImagenFantasma,C,480000,15685900,15685900
ImagenFantasma,C,480000,13302874,13302874
ImagenFantasma,C,480000,13603366,13603366
ImagenFantasma,C,480000,13452576,13452576
ImagenFantasma,C,480000,16542972,16542972
ImagenFantasma,C,480000,14111156,14111156
ImagenFantasma,C,480000,15524944,15524944
ImagenFantasma,C,480000,13113324,13113324
ImagenFantasma,C,480000,14399000,14399000
ImagenFantasma,C,480000,12821944,12821944
ImagenFantasma,C,480000,12779852,12779852
ImagenFantasma,C,480000,12597850,12597850
ImagenFantasma,C,480000,13036450,13036450
ImagenFantasma,C,480000,14423310,14423310
ImagenFantasma,C,480000,15546500,15546500
ImagenFantasma,C,480000,14862386,14862386
ImagenFantasma,C,480000,16028688,16028688
ImagenFantasma,C,480000,13731580,13731580
ImagenFantasma,C,480000,14388698,14388698
ImagenFantasma,C,480000,15999312,15999312
ImagenFantasma,C,480000,14221690,14221690
ImagenFantasma,C,480000,13605644,13605644
ImagenFantasma,C,480000,14766132,14766132
ImagenFantasma,C,480000,14447586,14447586
ImagenFantasma,C,480000,14830120,14830120
ImagenFantasma,C,480000,13008740,13008740
ImagenFantasma,C,480000,16027906,16027906
ImagenFantasma,C,480000,15456026,15456026
ImagenFantasma,C,480000,12911738,12911738
ImagenFantasma,C,480000,13087586,13087586
ImagenFantasma,C,480000,15582472,15582472
ImagenFantasma,C,480000,16557252,16557252
ImagenFantasma,C,480000,12375320,12375320
ImagenFantasma,C,480000,13950880,13950880
ImagenFantasma,C,480000,12706922,12706922
ImagenFantasma,C,480000,12753264,12753264
ImagenFantasma,C,480000,12273728,12273728
ImagenFantasma,C,480000,12404288,12404288
ImagenFantasma,C,480000,12237688,12237688
ImagenFantasma,C,480000,13896956,13896956
ImagenFantasma,C,480000,12265500,12265500
ImagenFantasma,C,480000,12624540,12624540
ImagenFantasma,C,480000,13162760,13162760
ImagenFantasma,C,480000,17157284,17157284
ImagenFantasma,C,480000,14145734,14145734
ImagenFantasma,C,480000,14962856,14962856
ImagenFantasma,C,480000,13656984,13656984
ImagenFantasma,C,480000,13480218,13480218
ImagenFantasma,C,480000,13385086,13385086
ImagenFantasma,C,480000,13622576,13622576
ImagenFantasma,C,480000,14971832,14971832
ImagenFantasma,C,480000,13216208,13216208
ImagenFantasma,C,480000,13933982,13933982
ImagenFantasma,C,480000,14962992,14962992
ImagenFantasma,C,480000,12817252,12817252
ImagenFantasma,C,480000,15567716,15567716
ImagenFantasma,C,480000,16253122,16253122
ImagenFantasma,C,480000,13546518,13546518
ImagenFantasma,C,480000,12216540,12216540
ImagenFantasma,C,480000,14478662,14478662
ImagenFantasma,C,480000,15856818,15856818
ImagenFantasma,C,480000,13921164,13921164
ImagenFantasma,C,480000,12100192,12100192
ImagenFantasma,C,480000,12510334,12510334
ImagenFantasma,C,480000,12476538,12476538
ImagenFantasma,C,480000,14721864,14721864
ImagenFantasma,C,480000,12765708,12765708
ImagenFantasma,C,480000,15257126,15257126
ImagenFantasma,C,480000,14535680,14535680
ImagenFantasma,C,480000,14605210,14605210
ImagenFantasma,C,480000,16789098,16789098
ImagenFantasma,C,480000,17520608,17520608
ImagenFantasma,C,480000,17608260,17608260
ImagenFantasma,C,480000,15620110,15620110
ImagenFantasma,C,480000,17569262,17569262
ImagenFantasma,C,480000,17612918,17612918
ImagenFantasma,C,480000,17237796,17237796
ImagenFantasma,C,480000,13341158,13341158
ImagenFantasma,C,480000,16928090,16928090
ImagenFantasma,C,480000,14391248,14391248
ImagenFantasma,C,480000,12307014,12307014
ImagenFantasma,C,480000,14351706,14351706
ImagenFantasma,C,480000,12544198,12544198
ImagenFantasma,C,480000,17264146,17264146
ImagenFantasma,C,480000,12894262,12894262
ImagenFantasma,C,480000,15199870,15199870
ImagenFantasma,C,480000,14877686,14877686
ImagenFantasma,C,480000,16933496,16933496
ImagenFantasma,C,480000,18700238,18700238
ImagenFantasma,C,480000,12644056,12644056
ImagenFantasma,C,480000,13032472,13032472
ImagenFantasma,C,480000,12836054,12836054
ImagenFantasma,C,480000,12349038,12349038
ImagenFantasma,C,480000,15040546,15040546
ImagenFantasma,C,480000,18140564,18140564
ImagenFantasma,C,480000,16716474,16716474
ImagenFantasma,C,480000,14000486,14000486
ImagenFantasma,C,480000,15659448,15659448
ImagenFantasma,C,480000,14337086,14337086
ImagenFantasma,C,480000,14256098,14256098
ImagenFantasma,C,480000,12335166,12335166
ImagenFantasma,C,480000,13946358,13946358
ImagenFantasma,C,480000,12799130,12799130
ImagenFantasma,C,480000,15802826,15802826
ImagenFantasma,C,480000,15535484,15535484
ImagenFantasma,C,480000,17697612,17697612
ImagenFantasma,C,480000,17490790,17490790
ImagenFantasma,C,480000,17483820,17483820
ImagenFantasma,C,480000,17814572,17814572
ImagenFantasma,C,480000,15622082,15622082
ImagenFantasma,C,480000,12396060,12396060
ImagenFantasma,C,480000,13812738,13812738
ImagenFantasma,C,480000,16236224,16236224
ImagenFantasma,C,480000,17405144,17405144
ImagenFantasma,C,480000,17358292,17358292
ImagenFantasma,C,480000,17686630,17686630
ImagenFantasma,C,480000,16586662,16586662
ImagenFantasma,C,480000,13068376,13068376
ImagenFantasma,C,480000,12584692,12584692
ImagenFantasma,C,480000,15609536,15609536
ImagenFantasma,C,480000,14075898,14075898
ImagenFantasma,C,480000,12703012,12703012
ImagenFantasma,C,480000,12632020,12632020
ImagenFantasma,C,480000,13952954,13952954
ImagenFantasma,C,480000,14102656,14102656
ImagenFantasma,C,480000,14410424,14410424
ImagenFantasma,C,480000,12157652,12157652
ImagenFantasma,C,480000,15998734,15998734
ImagenFantasma,C,480000,14356602,14356602
ImagenFantasma,C,480000,14470196,14470196
ImagenFantasma,C,480000,16429616,16429616
ImagenFantasma,C,480000,16508360,16508360
ImagenFantasma,C,480000,12451888,12451888
ImagenFantasma,C,480000,12966546,12966546
ImagenFantasma,C,480000,12370696,12370696
ImagenFantasma,C,480000,12935810,12935810
ImagenFantasma,C,480000,12165778,12165778
ImagenFantasma,C,480000,12837788,12837788
ImagenFantasma,C,480000,12200424,12200424
ImagenFantasma,C,480000,12815246,12815246
ImagenFantasma,C,480000,15158254,15158254
ImagenFantasma,C,480000,13177312,13177312
ImagenFantasma,C,480000,16229662,16229662
ImagenFantasma,C,480000,15620484,15620484
ImagenFantasma,C,480000,17461108,17461108
ImagenFantasma,C,480000,17152354,17152354
ImagenFantasma,C,480000,13727092,13727092
ImagenFantasma,C,480000,18144066,18144066
ImagenFantasma,C,480000,13146168,13146168
ImagenFantasma,C,480000,13473520,13473520
ImagenFantasma,C,480000,14263068,14263068
ImagenFantasma,C,480000,16246594,16246594
ImagenFantasma,C,480000,16878348,16878348
ImagenFantasma,C,480000,16350668,16350668
ImagenFantasma,C,480000,13972198,13972198
ImagenFantasma,C,480000,13906068,13906068
ImagenFantasma,C,480000,15913496,15913496
ImagenFantasma,C,480000,14221350,14221350
ImagenFantasma,C,480000,14262184,14262184
ImagenFantasma,C,480000,13837524,13837524
ImagenFantasma,C,480000,13543492,13543492
ImagenFantasma,C,480000,13946528,13946528
ImagenFantasma,C,480000,12822114,12822114
ImagenFantasma,C,480000,14698370,14698370
ImagenFantasma,C,480000,14656176,14656176
ImagenFantasma,C,480000,17628320,17628320
ImagenFantasma,C,480000,16471028,16471028
ImagenFantasma,C,480000,17777716,17777716
ImagenFantasma,C,480000,17505512,17505512
ImagenFantasma,C,480000,15140710,15140710
ImagenFantasma,C,480000,14063930,14063930
ImagenFantasma,C,480000,16785596,16785596
ImagenFantasma,C,480000,18529762,18529762
ImagenFantasma,C,480000,15853486,15853486
ImagenFantasma,C,480000,14314646,14314646
ImagenFantasma,C,480000,15555952,15555952
ImagenFantasma,C,480000,14644514,14644514
ImagenFantasma,C,480000,18058658,18058658
ImagenFantasma,C,480000,14596914,14596914
ImagenFantasma,C,480000,15736968,15736968
ImagenFantasma,C,480000,14126048,14126048
ImagenFantasma,C,480000,15252128,15252128
ImagenFantasma,C,480000,14489270,14489270
ImagenFantasma,C,480000,17872882,17872882
ImagenFantasma,C,480000,14565430,14565430
ImagenFantasma,C,1920000,54931828,54931828
ImagenFantasma,C,1920000,56249974,56249974
ImagenFantasma,C,1920000,59880664,59880664
ImagenFantasma,C,1920000,59390520,59390520
ImagenFantasma,C,1920000,66667370,66667370
ImagenFantasma,C,1920000,59413674,59413674
ImagenFantasma,C,1920000,54558032,54558032
ImagenFantasma,C,1920000,62452866,62452866
ImagenFantasma,C,1920000,65718124,65718124
ImagenFantasma,C,1920000,59156532,59156532
ImagenFantasma,C,1920000,58259340,58259340
ImagenFantasma,C,1920000,53121566,53121566
ImagenFantasma,C,1920000,51859418,51859418
ImagenFantasma,C,1920000,55981102,55981102
ImagenFantasma,C,1920000,53283916,53283916
ImagenFantasma,C,1920000,62916694,62916694
ImagenFantasma,C,1920000,57460748,57460748
ImagenFantasma,C,1920000,48576548,48576548
ImagenFantasma,C,1920000,53520658,53520658
ImagenFantasma,C,1920000,59527404,59527404
ImagenFantasma,C,1920000,59294368,59294368
ImagenFantasma,C,1920000,58927474,58927474
ImagenFantasma,C,1920000,50412718,50412718
ImagenFantasma,C,1920000,54165128,54165128
ImagenFantasma,C,1920000,60619484,60619484
ImagenFantasma,C,1920000,62015252,62015252
ImagenFantasma,C,1920000,53974626,53974626
ImagenFantasma,C,1920000,61097014,61097014
ImagenFantasma,C,1920000,62077744,62077744
ImagenFantasma,C,1920000,60542780,60542780
ImagenFantasma,C,1920000,49342568,49342568
ImagenFantasma,C,1920000,49603892,49603892
ImagenFantasma,C,1920000,63256864,63256864
ImagenFantasma,C,1920000,62166450,62166450
ImagenFantasma,C,1920000,61744952,61744952
ImagenFantasma,C,1920000,61155392,61155392
ImagenFantasma,C,1920000,54517198,54517198
ImagenFantasma,C,1920000,48201290,48201290
ImagenFantasma,C,1920000,53441200,53441200
ImagenFantasma,C,1920000,60436972,60436972
ImagenFantasma,C,1920000,63510266,63510266
ImagenFantasma,C,1920000,50486600,50486600
ImagenFantasma,C,1920000,53896222,53896222
ImagenFantasma,C,1920000,53195992,53195992
ImagenFantasma,C,1920000,63889298,63889298
ImagenFantasma,C,1920000,61389958,61389958
ImagenFantasma,C,1920000,60094898,60094898
ImagenFantasma,C,1920000,55833644,55833644
ImagenFantasma,C,1920000,48221452,48221452
ImagenFantasma,C,1920000,58035314,58035314
ImagenFantasma,C,1920000,63581326,63581326
ImagenFantasma,C,1920000,62965246,62965246
ImagenFantasma,C,1920000,50093798,50093798
ImagenFantasma,C,1920000,51300424,51300424
ImagenFantasma,C,1920000,47634476,47634476
ImagenFantasma,C,1920000,60996612,60996612
ImagenFantasma,C,1920000,60915250,60915250
ImagenFantasma,C,1920000,59153370,59153370
ImagenFantasma,C,1920000,52868504,52868504
ImagenFantasma,C,1920000,48103166,48103166
ImagenFantasma,C,1920000,59851050,59851050
ImagenFantasma,C,1920000,59505066,59505066
ImagenFantasma,C,1920000,69100580,69100580
ImagenFantasma,C,1920000,61935726,61935726
ImagenFantasma,C,1920000,51705160,51705160
ImagenFantasma,C,1920000,54498430,54498430
ImagenFantasma,C,1920000,55434858,55434858
ImagenFantasma,C,1920000,54026578,54026578
ImagenFantasma,C,1920000,47229536,47229536
ImagenFantasma,C,1920000,50371204,50371204
ImagenFantasma,C,1920000,58101580,58101580
ImagenFantasma,C,1920000,52554786,52554786
ImagenFantasma,C,1920000,51269212,51269212
ImagenFantasma,C,1920000,48535986,48535986
ImagenFantasma,C,1920000,51928846,51928846
ImagenFantasma,C,1920000,59220690,59220690
ImagenFantasma,C,1920000,50138780,50138780
ImagenFantasma,C,1920000,56564950,56564950
ImagenFantasma,C,1920000,55999020,55999020
ImagenFantasma,C,1920000,61469212,61469212
ImagenFantasma,C,1920000,51041072,51041072
ImagenFantasma,C,1920000,50370218,50370218
ImagenFantasma,C,1920000,49004438,49004438
ImagenFantasma,C,1920000,50067108,50067108
ImagenFantasma,C,1920000,49833256,49833256
ImagenFantasma,C,1920000,51223414,51223414
ImagenFantasma,C,1920000,51288422,51288422
ImagenFantasma,C,1920000,53122416,53122416
ImagenFantasma,C,1920000,63613184,63613184
ImagenFantasma,C,1920000,61933958,61933958
ImagenFantasma,C,1920000,57020142,57020142
ImagenFantasma,C,1920000,62220442,62220442
ImagenFantasma,C,1920000,53136832,53136832
ImagenFantasma,C,1920000,61477644,61477644
ImagenFantasma,C,1920000,60257758,60257758
ImagenFantasma,C,1920000,57592804,57592804
ImagenFantasma,C,1920000,60990424,60990424
ImagenFantasma,C,1920000,60442582,60442582
ImagenFantasma,C,1920000,56308284,56308284
ImagenFantasma,C,1920000,68203252,68203252
ImagenFantasma,C,1920000,68423130,68423130
ImagenFantasma,C,1920000,57213058,57213058
ImagenFantasma,C,1920000,57028948,57028948
ImagenFantasma,C,1920000,55962062,55962062
ImagenFantasma,C,1920000,51473280,51473280
ImagenFantasma,C,1920000,54199944,54199944
ImagenFantasma,C,1920000,55600608,55600608
ImagenFantasma,C,1920000,49430152,49430152
ImagenFantasma,C,1920000,49091308,49091308
ImagenFantasma,C,1920000,59009686,59009686
ImagenFantasma,C,1920000,58298916,58298916
ImagenFantasma,C,1920000,63982322,63982322
ImagenFantasma,C,1920000,60621864,60621864
ImagenFantasma,C,1920000,62642926,62642926
ImagenFantasma,C,1920000,59914052,59914052
ImagenFantasma,C,1920000,60749908,60749908
ImagenFantasma,C,1920000,66406828,66406828
ImagenFantasma,C,1920000,60973050,60973050
ImagenFantasma,C,1920000,62490130,62490130
ImagenFantasma,C,1920000,65686096,65686096
ImagenFantasma,C,1920000,64128930,64128930
ImagenFantasma,C,1920000,55360534,55360534
ImagenFantasma,C,1920000,62337198,62337198
ImagenFantasma,C,1920000,56363160,56363160
ImagenFantasma,C,1920000,57646388,57646388
ImagenFantasma,C,1920000,56825934,56825934
ImagenFantasma,C,1920000,55487558,55487558
ImagenFantasma,C,1920000,59641950,59641950
ImagenFantasma,C,1920000,55618492,55618492
ImagenFantasma,C,1920000,55768160,55768160
ImagenFantasma,C,1920000,64008774,64008774
ImagenFantasma,C,1920000,68136544,68136544
ImagenFantasma,C,1920000,60548900,60548900
ImagenFantasma,C,1920000,66642108,66642108
ImagenFantasma,C,1920000,68548386,68548386
ImagenFantasma,C,1920000,59464402,59464402
ImagenFantasma,C,1920000,58880894,58880894
ImagenFantasma,C,1920000,60348232,60348232
ImagenFantasma,C,1920000,51340000,51340000
ImagenFantasma,C,1920000,52960746,52960746
ImagenFantasma,C,1920000,54734322,54734322
ImagenFantasma,C,1920000,51771494,51771494
ImagenFantasma,C,1920000,53020518,53020518
ImagenFantasma,C,1920000,49383674,49383674
ImagenFantasma,C,1920000,51406334,51406334
ImagenFantasma,C,1920000,51887298,51887298
ImagenFantasma,C,1920000,57702352,57702352
ImagenFantasma,C,1920000,55803044,55803044
ImagenFantasma,C,1920000,53825604,53825604
ImagenFantasma,C,1920000,54923226,54923226
ImagenFantasma,C,1920000,69623092,69623092
ImagenFantasma,C,1920000,68895050,68895050
ImagenFantasma,C,1920000,60103670,60103670
ImagenFantasma,C,1920000,55838438,55838438
ImagenFantasma,C,1920000,59888586,59888586
ImagenFantasma,C,1920000,64423574,64423574
ImagenFantasma,C,1920000,71784778,71784778
ImagenFantasma,C,1920000,57473634,57473634
ImagenFantasma,C,1920000,51512856,51512856
ImagenFantasma,C,1920000,53592500,53592500
ImagenFantasma,C,1920000,70096610,70096610
ImagenFantasma,C,1920000,68366486,68366486
ImagenFantasma,C,1920000,62812280,62812280
ImagenFantasma,C,1920000,57238728,57238728
ImagenFantasma,C,1920000,60405760,60405760
ImagenFantasma,C,1920000,50443352,50443352
ImagenFantasma,C,1920000,58988062,58988062
ImagenFantasma,C,1920000,68003876,68003876
ImagenFantasma,C,1920000,68393040,68393040
ImagenFantasma,C,1920000,74048736,74048736
ImagenFantasma,C,1920000,54394730,54394730
ImagenFantasma,C,1920000,67984326,67984326
ImagenFantasma,C,1920000,68478108,68478108
ImagenFantasma,C,1920000,66302482,66302482
ImagenFantasma,C,1920000,56859390,56859390
ImagenFantasma,C,1920000,58637148,58637148
ImagenFantasma,C,1920000,68561646,68561646
ImagenFantasma,C,1920000,52976114,52976114
ImagenFantasma,C,1920000,55963864,55963864
ImagenFantasma,C,1920000,57768244,57768244
ImagenFantasma,C,1920000,56746374,56746374
ImagenFantasma,C,1920000,58487276,58487276
ImagenFantasma,C,1920000,61250898,61250898
ImagenFantasma,C,1920000,61299960,61299960
ImagenFantasma,C,1920000,65880746,65880746
ImagenFantasma,C,1920000,60462914,60462914
ImagenFantasma,C,1920000,64319194,64319194
ImagenFantasma,C,1920000,65808836,65808836
ImagenFantasma,C,1920000,59988988,59988988
ImagenFantasma,C,1920000,63465488,63465488
ImagenFantasma,C,1920000,60391276,60391276
ImagenFantasma,C,1920000,62338150,62338150
ImagenFantasma,C,1920000,68397154,68397154
ImagenFantasma,C,1920000,68255578,68255578
ImagenFantasma,C,1920000,68409734,68409734
ImagenFantasma,C,1920000,68002244,68002244
ImagenFantasma,C,1920000,65504740,65504740
ImagenFantasma,C,1920000,64614858,64614858
ImagenFantasma,C,1920000,62173862,62173862
ImagenFantasma,C,1920000,66389046,66389046
ImagenFantasma,C,1920000,70109666,70109666
ImagenFantasma,C,1920000,67434478,67434478
ImagenFantasma,C,1920000,52171436,52171436
ImagenFantasma,C,1920000,61926172,61926172
ImagenFantasma,C,1920000,59824598,59824598
ImagenFantasma,C,1920000,61614698,61614698
ImagenFantasma,C,1920000,54878652,54878652
ImagenFantasma,C,1920000,65533504,65533504
ImagenFantasma,C,1920000,64227564,64227564
ImagenFantasma,C,1920000,65250080,65250080
ImagenFantasma,C,1920000,62208338,62208338
ImagenFantasma,C,1920000,59068200,59068200
ImagenFantasma,C,1920000,59380830,59380830
ImagenFantasma,C,1920000,51871046,51871046
ImagenFantasma,C,1920000,51457266,51457266
ImagenFantasma,C,1920000,57004026,57004026
ImagenFantasma,C,1920000,53083588,53083588
ImagenFantasma,C,1920000,54622224,54622224
ImagenFantasma,C,1920000,62829620,62829620
ImagenFantasma,C,1920000,56167014,56167014
ImagenFantasma,C,1920000,52743894,52743894
ImagenFantasma,C,1920000,55917386,55917386
ImagenFantasma,C,1920000,62961506,62961506
ImagenFantasma,C,1920000,63198996,63198996
ImagenFantasma,C,1920000,62600188,62600188
ImagenFantasma,C,1920000,55295084,55295084
ImagenFantasma,C,1920000,60954316,60954316
ImagenFantasma,C,1920000,54425160,54425160
ImagenFantasma,C,1920000,55391202,55391202
ImagenFantasma,C,1920000,53091374,53091374
ImagenFantasma,C,1920000,62174950,62174950
ImagenFantasma,C,1920000,60877374,60877374
ImagenFantasma,C,1920000,60579976,60579976
ImagenFantasma,C,1920000,59399734,59399734
ImagenFantasma,C,1920000,60045224,60045224
ImagenFantasma,C,1920000,66279396,66279396
ImagenFantasma,C,1920000,58487446,58487446
ImagenFantasma,C,1920000,60733112,60733112
ImagenFantasma,C,1920000,63530564,63530564
ImagenFantasma,C,1920000,67943628,67943628
ImagenFantasma,C,1920000,67458516,67458516
ImagenFantasma,C,1920000,67872500,67872500
ImagenFantasma,C,1920000,62075738,62075738
ImagenFantasma,C,1920000,57682666,57682666
ImagenFantasma,C,1920000,56778198,56778198
ImagenFantasma,C,1920000,63149458,63149458
ImagenFantasma,C,1920000,62312446,62312446
ImagenFantasma,C,1920000,62081280,62081280
ImagenFantasma,C,1920000,68394876,68394876
ImagenFantasma,C,1920000,64783804,64783804
ImagenFantasma,C,1920000,60941022,60941022
ImagenFantasma,C,1920000,55126002,55126002
ImagenFantasma,C,1920000,58290416,58290416
ImagenFantasma,C,1920000,58784334,58784334
ImagenFantasma,C,1920000,63367500,63367500
ImagenFantasma,C,1920000,56764632,56764632
ImagenFantasma,C,1920000,63143236,63143236
ImagenFantasma,C,1920000,69986858,69986858
ImagenFantasma,C,1920000,56427692,56427692
ImagenFantasma,C,1920000,51205768,51205768
ImagenFantasma,C,1920000,55889404,55889404
ImagenFantasma,C,1920000,61647304,61647304
ImagenFantasma,C,1920000,60423168,60423168
ImagenFantasma,C,1920000,51135286,51135286
ImagenFantasma,C,1920000,50874982,50874982
ImagenFantasma,C,1920000,50975554,50975554
ImagenFantasma,C,1920000,57820298,57820298
ImagenFantasma,C,1920000,59669728,59669728
ImagenFantasma,C,1920000,68615944,68615944
ImagenFantasma,C,1920000,59375662,59375662
ImagenFantasma,C,1920000,67870086,67870086
ImagenFantasma,C,1920000,64455534,64455534
ImagenFantasma,C,1920000,63907896,63907896
ImagenFantasma,C,1920000,63610566,63610566
ImagenFantasma,C,1920000,62963274,62963274
ImagenFantasma,C,1920000,55910008,55910008
ImagenFantasma,C,1920000,54331490,54331490
ImagenFantasma,C,1920000,56176058,56176058
ImagenFantasma,C,1920000,65451258,65451258
ImagenFantasma,C,1920000,59819668,59819668
ImagenFantasma,C,1920000,64594934,64594934
ImagenFantasma,C,1920000,53925564,53925564
ImagenFantasma,C,1920000,51408102,51408102
ImagenFantasma,C,1920000,56143520,56143520
ImagenFantasma,C,1920000,64879582,64879582
ImagenFantasma,C,1920000,51063852,51063852
ImagenFantasma,C,1920000,57050572,57050572
ImagenFantasma,C,1920000,54390752,54390752
ImagenFantasma,C,1920000,52051824,52051824
ImagenFantasma,C,1920000,51792234,51792234
ImagenFantasma,C,1920000,62817448,62817448
ImagenFantasma,C,1920000,57423348,57423348
ImagenFantasma,C,1920000,59523800,59523800
ImagenFantasma,C,1920000,54518252,54518252
ImagenFantasma,C,1920000,55470048,55470048
ImagenFantasma,C,1920000,64629308,64629308
ImagenFantasma,C,1920000,55946014,55946014
ImagenFantasma,C,1920000,53794460,53794460
ImagenFantasma,C,1920000,63941964,63941964
ImagenFantasma,C,1920000,57105278,57105278
