ColorBordes,ASM,512,8500,8500
ColorBordes,ASM,512,8058,8058
ColorBordes,ASM,512,7582,7582
ColorBordes,ASM,512,7548,7548
ColorBordes,ASM,512,7310,7310
ColorBordes,ASM,512,7344,7344
ColorBordes,ASM,512,7276,7276
ColorBordes,ASM,512,7276,7276
ColorBordes,ASM,512,30090,30090
ColorBordes,ASM,512,7276,7276
ColorBordes,ASM,512,7208,7208
ColorBordes,ASM,512,7242,7242
ColorBordes,ASM,512,7208,7208
ColorBordes,ASM,512,7242,7242
ColorBordes,ASM,512,7208,7208
ColorBordes,ASM,512,7242,7242
ColorBordes,ASM,512,7242,7242
ColorBordes,ASM,512,7276,7276
ColorBordes,ASM,512,7208,7208
ColorBordes,ASM,512,7242,7242
ColorBordes,ASM,512,7242,7242
ColorBordes,ASM,512,7242,7242
ColorBordes,ASM,512,7208,7208
ColorBordes,ASM,512,7242,7242
ColorBordes,ASM,512,7208,7208
ColorBordes,ASM,512,7208,7208
ColorBordes,ASM,512,7208,7208
ColorBordes,ASM,512,7242,7242
ColorBordes,ASM,512,7242,7242
ColorBordes,ASM,512,7208,7208
ColorBordes,ASM,512,7242,7242
ColorBordes,ASM,512,7242,7242
ColorBordes,ASM,512,7208,7208
ColorBordes,ASM,512,7208,7208
ColorBordes,ASM,512,7208,7208
ColorBordes,ASM,512,7208,7208
ColorBordes,ASM,512,7208,7208
ColorBordes,ASM,512,7242,7242
ColorBordes,ASM,512,7242,7242
ColorBordes,ASM,512,7208,7208
ColorBordes,ASM,512,7242,7242
ColorBordes,ASM,512,7242,7242
ColorBordes,ASM,512,7208,7208
ColorBordes,ASM,512,7242,7242
ColorBordes,ASM,512,7242,7242
ColorBordes,ASM,512,7242,7242
ColorBordes,ASM,512,7208,7208
ColorBordes,ASM,512,7208,7208
ColorBordes,ASM,512,7242,7242
ColorBordes,ASM,512,7242,7242
ColorBordes,ASM,512,7208,7208
ColorBordes,ASM,512,7242,7242
ColorBordes,ASM,512,7208,7208
ColorBordes,ASM,512,7242,7242
ColorBordes,ASM,512,7208,7208
ColorBordes,ASM,512,7242,7242
ColorBordes,ASM,512,7208,7208
ColorBordes,ASM,512,7242,7242
ColorBordes,ASM,512,7242,7242
ColorBordes,ASM,512,7242,7242
ColorBordes,ASM,512,7242,7242
ColorBordes,ASM,512,7242,7242
ColorBordes,ASM,512,7242,7242
ColorBordes,ASM,512,7208,7208
ColorBordes,ASM,512,7208,7208
ColorBordes,ASM,512,7242,7242
ColorBordes,ASM,512,7208,7208
ColorBordes,ASM,512,7242,7242
ColorBordes,ASM,512,7242,7242
ColorBordes,ASM,512,7242,7242
ColorBordes,ASM,512,7242,7242
ColorBordes,ASM,512,7208,7208
ColorBordes,ASM,512,7208,7208
ColorBordes,ASM,512,7242,7242
ColorBordes,ASM,512,7242,7242
ColorBordes,ASM,512,7208,7208
ColorBordes,ASM,512,7208,7208
ColorBordes,ASM,512,7208,7208
ColorBordes,ASM,512,7208,7208
ColorBordes,ASM,512,7242,7242
ColorBordes,ASM,512,7208,7208
ColorBordes,ASM,512,7208,7208
ColorBordes,ASM,512,7242,7242
ColorBordes,ASM,512,7242,7242
ColorBordes,ASM,512,7242,7242
ColorBordes,ASM,512,7242,7242
ColorBordes,ASM,512,7208,7208
ColorBordes,ASM,512,7242,7242
ColorBordes,ASM,512,7242,7242
ColorBordes,ASM,512,7242,7242
ColorBordes,ASM,512,7208,7208
ColorBordes,ASM,512,7208,7208
ColorBordes,ASM,512,7208,7208
ColorBordes,ASM,512,7242,7242
ColorBordes,ASM,512,7208,7208
ColorBordes,ASM,512,7242,7242
ColorBordes,ASM,512,7208,7208
ColorBordes,ASM,512,7242,7242
ColorBordes,ASM,512,7242,7242
ColorBordes,ASM,512,7242,7242
ColorBordes,ASM,512,7242,7242
ColorBordes,ASM,512,7242,7242
ColorBordes,ASM,512,7242,7242
ColorBordes,ASM,512,7242,7242
ColorBordes,ASM,512,7208,7208
ColorBordes,ASM,512,7242,7242
ColorBordes,ASM,512,7242,7242
ColorBordes,ASM,512,7242,7242
ColorBordes,ASM,512,7208,7208
ColorBordes,ASM,512,7242,7242
ColorBordes,ASM,512,7208,7208
ColorBordes,ASM,512,7208,7208
ColorBordes,ASM,512,7208,7208
ColorBordes,ASM,512,7208,7208
ColorBordes,ASM,512,7242,7242
ColorBordes,ASM,512,7208,7208
ColorBordes,ASM,512,7208,7208
ColorBordes,ASM,512,7208,7208
ColorBordes,ASM,512,7242,7242
ColorBordes,ASM,512,7208,7208
ColorBordes,ASM,512,5168,5168
ColorBordes,ASM,512,5168,5168
ColorBordes,ASM,512,5168,5168
ColorBordes,ASM,512,5202,5202
ColorBordes,ASM,512,5202,5202
ColorBordes,ASM,512,5236,5236
ColorBordes,ASM,512,5168,5168
ColorBordes,ASM,512,5236,5236
ColorBordes,ASM,512,5202,5202
ColorBordes,ASM,512,5202,5202
ColorBordes,ASM,512,5202,5202
ColorBordes,ASM,512,5202,5202
ColorBordes,ASM,512,5202,5202
ColorBordes,ASM,512,5202,5202
ColorBordes,ASM,512,5202,5202
ColorBordes,ASM,512,5202,5202
ColorBordes,ASM,512,5168,5168
ColorBordes,ASM,512,5236,5236
ColorBordes,ASM,512,5168,5168
ColorBordes,ASM,512,5236,5236
ColorBordes,ASM,512,5168,5168
ColorBordes,ASM,512,5236,5236
ColorBordes,ASM,512,5168,5168
ColorBordes,ASM,512,5236,5236
ColorBordes,ASM,512,5168,5168
ColorBordes,ASM,512,5236,5236
ColorBordes,ASM,512,5168,5168
ColorBordes,ASM,512,5236,5236
ColorBordes,ASM,512,5168,5168
ColorBordes,ASM,512,5236,5236
ColorBordes,ASM,512,5168,5168
ColorBordes,ASM,512,5236,5236
ColorBordes,ASM,512,5168,5168
ColorBordes,ASM,512,5236,5236
ColorBordes,ASM,512,5168,5168
ColorBordes,ASM,512,5202,5202
ColorBordes,ASM,512,5202,5202
ColorBordes,ASM,512,5236,5236
ColorBordes,ASM,512,5202,5202
ColorBordes,ASM,512,5236,5236
ColorBordes,ASM,512,5202,5202
ColorBordes,ASM,512,5236,5236
ColorBordes,ASM,512,5168,5168
ColorBordes,ASM,512,5236,5236
ColorBordes,ASM,512,5168,5168
ColorBordes,ASM,512,5236,5236
ColorBordes,ASM,512,5168,5168
ColorBordes,ASM,512,5236,5236
ColorBordes,ASM,512,5168,5168
ColorBordes,ASM,512,5202,5202
ColorBordes,ASM,512,5168,5168
ColorBordes,ASM,512,5236,5236
ColorBordes,ASM,512,5202,5202
ColorBordes,ASM,512,5236,5236
ColorBordes,ASM,512,5168,5168
ColorBordes,ASM,512,5236,5236
ColorBordes,ASM,512,5168,5168
ColorBordes,ASM,512,5236,5236
ColorBordes,ASM,512,5168,5168
ColorBordes,ASM,512,5236,5236
ColorBordes,ASM,512,5168,5168
ColorBordes,ASM,512,5236,5236
ColorBordes,ASM,512,5168,5168
ColorBordes,ASM,512,5236,5236
ColorBordes,ASM,512,5168,5168
ColorBordes,ASM,512,5202,5202
ColorBordes,ASM,512,5168,5168
ColorBordes,ASM,512,5202,5202
ColorBordes,ASM,512,5202,5202
ColorBordes,ASM,512,5236,5236
ColorBordes,ASM,512,5202,5202
ColorBordes,ASM,512,5236,5236
ColorBordes,ASM,512,5168,5168
ColorBordes,ASM,512,5236,5236
ColorBordes,ASM,512,5168,5168
ColorBordes,ASM,512,5236,5236
ColorBordes,ASM,512,5168,5168
ColorBordes,ASM,512,5236,5236
ColorBordes,ASM,512,5168,5168
ColorBordes,ASM,512,5236,5236
ColorBordes,ASM,512,5168,5168
ColorBordes,ASM,512,5236,5236
ColorBordes,ASM,512,5168,5168
ColorBordes,ASM,512,5202,5202
ColorBordes,ASM,512,5202,5202
ColorBordes,ASM,512,5202,5202
ColorBordes,ASM,512,5202,5202
ColorBordes,ASM,512,5236,5236
ColorBordes,ASM,512,5168,5168
ColorBordes,ASM,512,5236,5236
ColorBordes,ASM,512,5168,5168
ColorBordes,ASM,512,5236,5236
ColorBordes,ASM,512,5168,5168
ColorBordes,ASM,512,5338,5338
ColorBordes,ASM,512,5134,5134
ColorBordes,ASM,512,5236,5236
ColorBordes,ASM,512,5202,5202
ColorBordes,ASM,512,5236,5236
ColorBordes,ASM,512,5168,5168
ColorBordes,ASM,512,5236,5236
ColorBordes,ASM,512,5168,5168
ColorBordes,ASM,512,5236,5236
ColorBordes,ASM,512,5202,5202
ColorBordes,ASM,512,9282,9282
ColorBordes,ASM,512,8398,8398
ColorBordes,ASM,512,7208,7208
ColorBordes,ASM,512,7174,7174
ColorBordes,ASM,512,9792,9792
ColorBordes,ASM,512,7310,7310
ColorBordes,ASM,512,7378,7378
ColorBordes,ASM,512,7242,7242
ColorBordes,ASM,512,7344,7344
ColorBordes,ASM,512,7276,7276
ColorBordes,ASM,512,7378,7378
ColorBordes,ASM,512,7276,7276
ColorBordes,ASM,512,7344,7344
ColorBordes,ASM,512,7310,7310
ColorBordes,ASM,512,7378,7378
ColorBordes,ASM,512,7310,7310
ColorBordes,ASM,512,7378,7378
ColorBordes,ASM,512,7310,7310
ColorBordes,ASM,512,7344,7344
ColorBordes,ASM,512,7310,7310
ColorBordes,ASM,512,7378,7378
ColorBordes,ASM,512,7310,7310
ColorBordes,ASM,512,7378,7378
ColorBordes,ASM,512,7310,7310
ColorBordes,ASM,512,7378,7378
ColorBordes,ASM,512,7310,7310
ColorBordes,ASM,512,7344,7344
ColorBordes,ASM,512,7310,7310
ColorBordes,ASM,512,7344,7344
ColorBordes,ASM,512,7310,7310
ColorBordes,ASM,512,7344,7344
ColorBordes,ASM,512,7276,7276
ColorBordes,ASM,512,7344,7344
ColorBordes,ASM,512,7310,7310
ColorBordes,ASM,512,7344,7344
ColorBordes,ASM,512,7276,7276
ColorBordes,ASM,512,7344,7344
ColorBordes,ASM,512,7310,7310
ColorBordes,ASM,512,7344,7344
ColorBordes,ASM,512,7310,7310
ColorBordes,ASM,512,7378,7378
ColorBordes,ASM,512,7310,7310
ColorBordes,ASM,512,7344,7344
ColorBordes,ASM,512,7310,7310
ColorBordes,ASM,512,7344,7344
ColorBordes,ASM,512,7310,7310
ColorBordes,ASM,512,7378,7378
ColorBordes,ASM,512,7310,7310
ColorBordes,ASM,512,7344,7344
ColorBordes,ASM,512,8670,8670
ColorBordes,ASM,512,7310,7310
ColorBordes,ASM,512,7242,7242
ColorBordes,ASM,512,7378,7378
ColorBordes,ASM,512,7242,7242
ColorBordes,ASM,512,7344,7344
ColorBordes,ASM,512,7242,7242
ColorBordes,ASM,512,7310,7310
ColorBordes,ASM,512,7242,7242
ColorBordes,ASM,512,7310,7310
ColorBordes,ASM,512,7242,7242
ColorBordes,ASM,512,7344,7344
ColorBordes,ASM,512,7242,7242
ColorBordes,ASM,512,7310,7310
ColorBordes,ASM,512,7242,7242
ColorBordes,ASM,512,7344,7344
ColorBordes,ASM,512,7242,7242
ColorBordes,ASM,512,7310,7310
ColorBordes,ASM,512,7242,7242
ColorBordes,ASM,512,7344,7344
ColorBordes,ASM,512,7242,7242
ColorBordes,ASM,512,7310,7310
ColorBordes,ASM,512,7242,7242
ColorBordes,ASM,512,7344,7344
ColorBordes,ASM,512,7242,7242
ColorBordes,ASM,512,7310,7310
ColorBordes,ASM,512,7242,7242
ColorBordes,ASM,512,7378,7378
ColorBordes,ASM,2048,31042,31042
ColorBordes,ASM,2048,30464,30464
ColorBordes,ASM,2048,30124,30124
ColorBordes,ASM,2048,30600,30600
ColorBordes,ASM,2048,30056,30056
ColorBordes,ASM,2048,38658,38658
ColorBordes,ASM,2048,30090,30090
ColorBordes,ASM,2048,29818,29818
ColorBordes,ASM,2048,29750,29750
ColorBordes,ASM,2048,29750,29750
ColorBordes,ASM,2048,29784,29784
ColorBordes,ASM,2048,29546,29546
ColorBordes,ASM,2048,29818,29818
ColorBordes,ASM,2048,29750,29750
ColorBordes,ASM,2048,29716,29716
ColorBordes,ASM,2048,29580,29580
ColorBordes,ASM,2048,29784,29784
ColorBordes,ASM,2048,29716,29716
ColorBordes,ASM,2048,29818,29818
ColorBordes,ASM,2048,29580,29580
ColorBordes,ASM,2048,29750,29750
ColorBordes,ASM,2048,29648,29648
ColorBordes,ASM,2048,29784,29784
ColorBordes,ASM,2048,29682,29682
ColorBordes,ASM,2048,29750,29750
ColorBordes,ASM,2048,29682,29682
ColorBordes,ASM,2048,29750,29750
ColorBordes,ASM,2048,29648,29648
ColorBordes,ASM,2048,29784,29784
ColorBordes,ASM,2048,29648,29648
ColorBordes,ASM,2048,29750,29750
ColorBordes,ASM,2048,29750,29750
ColorBordes,ASM,2048,29750,29750
ColorBordes,ASM,2048,29716,29716
ColorBordes,ASM,2048,29682,29682
ColorBordes,ASM,2048,29716,29716
ColorBordes,ASM,2048,29648,29648
ColorBordes,ASM,2048,29716,29716
ColorBordes,ASM,2048,29716,29716
ColorBordes,ASM,2048,29648,29648
ColorBordes,ASM,2048,29750,29750
ColorBordes,ASM,2048,29614,29614
ColorBordes,ASM,2048,29886,29886
ColorBordes,ASM,2048,29614,29614
ColorBordes,ASM,2048,29682,29682
ColorBordes,ASM,2048,29648,29648
ColorBordes,ASM,2048,29716,29716
ColorBordes,ASM,2048,29648,29648
ColorBordes,ASM,2048,29580,29580
ColorBordes,ASM,2048,29852,29852
ColorBordes,ASM,2048,29920,29920
ColorBordes,ASM,2048,29716,29716
ColorBordes,ASM,2048,29852,29852
ColorBordes,ASM,2048,29750,29750
ColorBordes,ASM,2048,29954,29954
ColorBordes,ASM,2048,30294,30294
ColorBordes,ASM,2048,29954,29954
ColorBordes,ASM,2048,29920,29920
ColorBordes,ASM,2048,29682,29682
ColorBordes,ASM,2048,29852,29852
ColorBordes,ASM,2048,29750,29750
ColorBordes,ASM,2048,29682,29682
ColorBordes,ASM,2048,29750,29750
ColorBordes,ASM,2048,29716,29716
ColorBordes,ASM,2048,29750,29750
ColorBordes,ASM,2048,29648,29648
ColorBordes,ASM,2048,29750,29750
ColorBordes,ASM,2048,29716,29716
ColorBordes,ASM,2048,29750,29750
ColorBordes,ASM,2048,29750,29750
ColorBordes,ASM,2048,29784,29784
ColorBordes,ASM,2048,29716,29716
ColorBordes,ASM,2048,29580,29580
ColorBordes,ASM,2048,29648,29648
ColorBordes,ASM,2048,29750,29750
ColorBordes,ASM,2048,29750,29750
ColorBordes,ASM,2048,36108,36108
ColorBordes,ASM,2048,29750,29750
ColorBordes,ASM,2048,29716,29716
ColorBordes,ASM,2048,29682,29682
ColorBordes,ASM,2048,29512,29512
ColorBordes,ASM,2048,29682,29682
ColorBordes,ASM,2048,29614,29614
ColorBordes,ASM,2048,29614,29614
ColorBordes,ASM,2048,29444,29444
ColorBordes,ASM,2048,29614,29614
ColorBordes,ASM,2048,29546,29546
ColorBordes,ASM,2048,29580,29580
ColorBordes,ASM,2048,29512,29512
ColorBordes,ASM,2048,29648,29648
ColorBordes,ASM,2048,29512,29512
ColorBordes,ASM,2048,29716,29716
ColorBordes,ASM,2048,29546,29546
ColorBordes,ASM,2048,29648,29648
ColorBordes,ASM,2048,29512,29512
ColorBordes,ASM,2048,29614,29614
ColorBordes,ASM,2048,29478,29478
ColorBordes,ASM,2048,29682,29682
ColorBordes,ASM,2048,29512,29512
ColorBordes,ASM,2048,29648,29648
ColorBordes,ASM,2048,29580,29580
ColorBordes,ASM,2048,29580,29580
ColorBordes,ASM,2048,29478,29478
ColorBordes,ASM,2048,29546,29546
ColorBordes,ASM,2048,29546,29546
ColorBordes,ASM,2048,29512,29512
ColorBordes,ASM,2048,31824,31824
ColorBordes,ASM,2048,29546,29546
ColorBordes,ASM,2048,29478,29478
ColorBordes,ASM,2048,29478,29478
ColorBordes,ASM,2048,29546,29546
ColorBordes,ASM,2048,29546,29546
ColorBordes,ASM,2048,29512,29512
ColorBordes,ASM,2048,29512,29512
ColorBordes,ASM,2048,29478,29478
ColorBordes,ASM,2048,29444,29444
ColorBordes,ASM,2048,29478,29478
ColorBordes,ASM,2048,31960,31960
ColorBordes,ASM,2048,29784,29784
ColorBordes,ASM,2048,29546,29546
ColorBordes,ASM,2048,30090,30090
ColorBordes,ASM,2048,29784,29784
ColorBordes,ASM,2048,29580,29580
ColorBordes,ASM,2048,29376,29376
ColorBordes,ASM,2048,29784,29784
ColorBordes,ASM,2048,29716,29716
ColorBordes,ASM,2048,29750,29750
ColorBordes,ASM,2048,29750,29750
ColorBordes,ASM,2048,29750,29750
ColorBordes,ASM,2048,29818,29818
ColorBordes,ASM,2048,29648,29648
ColorBordes,ASM,2048,29648,29648
ColorBordes,ASM,2048,29784,29784
ColorBordes,ASM,2048,29784,29784
ColorBordes,ASM,2048,29716,29716
ColorBordes,ASM,2048,29886,29886
ColorBordes,ASM,2048,29682,29682
ColorBordes,ASM,2048,29886,29886
ColorBordes,ASM,2048,29750,29750
ColorBordes,ASM,2048,33490,33490
ColorBordes,ASM,2048,29750,29750
ColorBordes,ASM,2048,29784,29784
ColorBordes,ASM,2048,29784,29784
ColorBordes,ASM,2048,29750,29750
ColorBordes,ASM,2048,29648,29648
ColorBordes,ASM,2048,29716,29716
ColorBordes,ASM,2048,29784,29784
ColorBordes,ASM,2048,29852,29852
ColorBordes,ASM,2048,29682,29682
ColorBordes,ASM,2048,29750,29750
ColorBordes,ASM,2048,29648,29648
ColorBordes,ASM,2048,29614,29614
ColorBordes,ASM,2048,29614,29614
ColorBordes,ASM,2048,29750,29750
ColorBordes,ASM,2048,29784,29784
ColorBordes,ASM,2048,29716,29716
ColorBordes,ASM,2048,29682,29682
ColorBordes,ASM,2048,29682,29682
ColorBordes,ASM,2048,29682,29682
ColorBordes,ASM,2048,29682,29682
ColorBordes,ASM,2048,29682,29682
ColorBordes,ASM,2048,29682,29682
ColorBordes,ASM,2048,29716,29716
ColorBordes,ASM,2048,39542,39542
ColorBordes,ASM,2048,19924,19924
ColorBordes,ASM,2048,20060,20060
ColorBordes,ASM,2048,19754,19754
ColorBordes,ASM,2048,19890,19890
ColorBordes,ASM,2048,19788,19788
ColorBordes,ASM,2048,19856,19856
ColorBordes,ASM,2048,19822,19822
ColorBordes,ASM,2048,19924,19924
ColorBordes,ASM,2048,19788,19788
ColorBordes,ASM,2048,19856,19856
ColorBordes,ASM,2048,19788,19788
ColorBordes,ASM,2048,19856,19856
ColorBordes,ASM,2048,19754,19754
ColorBordes,ASM,2048,19890,19890
ColorBordes,ASM,2048,19754,19754
ColorBordes,ASM,2048,19856,19856
ColorBordes,ASM,2048,19788,19788
ColorBordes,ASM,2048,19890,19890
ColorBordes,ASM,2048,19788,19788
ColorBordes,ASM,2048,19890,19890
ColorBordes,ASM,2048,19788,19788
ColorBordes,ASM,2048,19890,19890
ColorBordes,ASM,2048,19788,19788
ColorBordes,ASM,2048,19958,19958
ColorBordes,ASM,2048,19720,19720
ColorBordes,ASM,2048,19856,19856
ColorBordes,ASM,2048,19788,19788
ColorBordes,ASM,2048,19856,19856
ColorBordes,ASM,2048,19788,19788
ColorBordes,ASM,2048,19890,19890
ColorBordes,ASM,2048,19822,19822
ColorBordes,ASM,2048,19856,19856
ColorBordes,ASM,2048,19788,19788
ColorBordes,ASM,2048,19890,19890
ColorBordes,ASM,2048,19788,19788
ColorBordes,ASM,2048,19856,19856
ColorBordes,ASM,2048,19822,19822
ColorBordes,ASM,2048,19856,19856
ColorBordes,ASM,2048,19822,19822
ColorBordes,ASM,2048,19856,19856
ColorBordes,ASM,2048,19788,19788
ColorBordes,ASM,2048,19856,19856
ColorBordes,ASM,2048,19822,19822
ColorBordes,ASM,2048,19822,19822
ColorBordes,ASM,2048,19788,19788
ColorBordes,ASM,2048,19856,19856
ColorBordes,ASM,2048,19788,19788
ColorBordes,ASM,2048,20366,20366
ColorBordes,ASM,2048,19958,19958
ColorBordes,ASM,2048,19788,19788
ColorBordes,ASM,2048,19822,19822
ColorBordes,ASM,2048,19822,19822
ColorBordes,ASM,2048,19788,19788
ColorBordes,ASM,2048,19856,19856
ColorBordes,ASM,2048,19822,19822
ColorBordes,ASM,2048,19856,19856
ColorBordes,ASM,2048,19822,19822
ColorBordes,ASM,2048,19856,19856
ColorBordes,ASM,2048,39066,39066
ColorBordes,ASM,2048,20026,20026
ColorBordes,ASM,2048,19720,19720
ColorBordes,ASM,2048,19856,19856
ColorBordes,ASM,2048,19788,19788
ColorBordes,ASM,2048,30396,30396
ColorBordes,ASM,2048,29750,29750
ColorBordes,ASM,2048,29648,29648
ColorBordes,ASM,2048,29478,29478
ColorBordes,ASM,2048,29580,29580
ColorBordes,ASM,2048,29478,29478
ColorBordes,ASM,2048,29546,29546
ColorBordes,ASM,2048,29580,29580
ColorBordes,ASM,2048,29648,29648
ColorBordes,ASM,2048,20094,20094
ColorBordes,ASM,2048,19788,19788
ColorBordes,ASM,2048,19822,19822
ColorBordes,ASM,2048,20060,20060
ColorBordes,ASM,2048,19924,19924
ColorBordes,ASM,2048,19822,19822
ColorBordes,ASM,2048,19924,19924
ColorBordes,ASM,2048,19822,19822
ColorBordes,ASM,2048,19754,19754
ColorBordes,ASM,2048,19822,19822
ColorBordes,ASM,2048,19822,19822
ColorBordes,ASM,2048,19856,19856
ColorBordes,ASM,2048,29512,29512
ColorBordes,ASM,2048,29478,29478
ColorBordes,ASM,2048,29580,29580
ColorBordes,ASM,2048,29444,29444
ColorBordes,ASM,2048,29444,29444
ColorBordes,ASM,2048,29444,29444
ColorBordes,ASM,2048,29478,29478
ColorBordes,ASM,2048,29444,29444
ColorBordes,ASM,2048,29478,29478
ColorBordes,ASM,2048,29410,29410
ColorBordes,ASM,2048,29546,29546
ColorBordes,ASM,2048,29444,29444
ColorBordes,ASM,2048,29512,29512
ColorBordes,ASM,2048,29444,29444
ColorBordes,ASM,2048,29580,29580
ColorBordes,ASM,2048,29478,29478
ColorBordes,ASM,2048,29580,29580
ColorBordes,ASM,2048,29546,29546
ColorBordes,ASM,2048,29512,29512
ColorBordes,ASM,2048,29512,29512
ColorBordes,ASM,2048,29580,29580
ColorBordes,ASM,2048,29478,29478
ColorBordes,ASM,2048,29546,29546
ColorBordes,ASM,2048,29512,29512
ColorBordes,ASM,2048,29512,29512
ColorBordes,ASM,2048,29546,29546
ColorBordes,ASM,2048,20638,20638
ColorBordes,ASM,2048,19992,19992
ColorBordes,ASM,2048,19720,19720
ColorBordes,ASM,2048,40528,40528
ColorBordes,ASM,2048,20468,20468
ColorBordes,ASM,2048,19924,19924
ColorBordes,ASM,2048,19788,19788
ColorBordes,ASM,2048,19856,19856
ColorBordes,ASM,2048,19788,19788
ColorBordes,ASM,2048,19822,19822
ColorBordes,ASM,2048,19822,19822
ColorBordes,ASM,2048,19856,19856
ColorBordes,ASM,2048,19822,19822
ColorBordes,ASM,2048,19856,19856
ColorBordes,ASM,2048,19822,19822
ColorBordes,ASM,2048,19856,19856
ColorBordes,ASM,2048,19822,19822
ColorBordes,ASM,2048,19890,19890
ColorBordes,ASM,2048,19822,19822
ColorBordes,ASM,2048,19890,19890
ColorBordes,ASM,2048,19822,19822
ColorBordes,ASM,2048,19890,19890
ColorBordes,ASM,2048,19822,19822
ColorBordes,ASM,2048,19890,19890
ColorBordes,ASM,2048,19822,19822
ColorBordes,ASM,2048,19856,19856
ColorBordes,ASM,8192,134640,134640
ColorBordes,ASM,8192,122910,122910
ColorBordes,ASM,8192,121108,121108
ColorBordes,ASM,8192,120360,120360
ColorBordes,ASM,8192,123420,123420
ColorBordes,ASM,8192,120292,120292
ColorBordes,ASM,8192,120122,120122
ColorBordes,ASM,8192,130220,130220
ColorBordes,ASM,8192,132226,132226
ColorBordes,ASM,8192,121720,121720
ColorBordes,ASM,8192,121210,121210
ColorBordes,ASM,8192,120428,120428
ColorBordes,ASM,8192,119816,119816
ColorBordes,ASM,8192,119680,119680
ColorBordes,ASM,8192,120122,120122
ColorBordes,ASM,8192,120326,120326
ColorBordes,ASM,8192,121924,121924
ColorBordes,ASM,8192,121550,121550
ColorBordes,ASM,8192,120496,120496
ColorBordes,ASM,8192,120326,120326
ColorBordes,ASM,8192,120598,120598
ColorBordes,ASM,8192,134810,134810
ColorBordes,ASM,8192,120836,120836
ColorBordes,ASM,8192,132464,132464
ColorBordes,ASM,8192,119442,119442
ColorBordes,ASM,8192,121040,121040
ColorBordes,ASM,8192,120802,120802
ColorBordes,ASM,8192,119000,119000
ColorBordes,ASM,8192,78234,78234
ColorBordes,ASM,8192,78098,78098
ColorBordes,ASM,8192,78540,78540
ColorBordes,ASM,8192,78506,78506
ColorBordes,ASM,8192,121176,121176
ColorBordes,ASM,8192,120428,120428
ColorBordes,ASM,8192,119102,119102
ColorBordes,ASM,8192,119680,119680
ColorBordes,ASM,8192,119136,119136
ColorBordes,ASM,8192,119034,119034
ColorBordes,ASM,8192,119238,119238
ColorBordes,ASM,8192,78574,78574
ColorBordes,ASM,8192,78268,78268
ColorBordes,ASM,8192,78064,78064
ColorBordes,ASM,8192,558620,558620
ColorBordes,ASM,8192,78506,78506
ColorBordes,ASM,8192,78268,78268
ColorBordes,ASM,8192,119102,119102
ColorBordes,ASM,8192,118864,118864
ColorBordes,ASM,8192,119068,119068
ColorBordes,ASM,8192,119238,119238
ColorBordes,ASM,8192,119272,119272
ColorBordes,ASM,8192,118966,118966
ColorBordes,ASM,8192,119204,119204
ColorBordes,ASM,8192,135830,135830
ColorBordes,ASM,8192,93194,93194
ColorBordes,ASM,8192,78132,78132
ColorBordes,ASM,8192,77962,77962
ColorBordes,ASM,8192,78098,78098
ColorBordes,ASM,8192,77996,77996
ColorBordes,ASM,8192,119442,119442
ColorBordes,ASM,8192,78132,78132
ColorBordes,ASM,8192,78200,78200
ColorBordes,ASM,8192,77962,77962
ColorBordes,ASM,8192,78574,78574
ColorBordes,ASM,8192,77996,77996
ColorBordes,ASM,8192,119374,119374
ColorBordes,ASM,8192,119442,119442
ColorBordes,ASM,8192,119170,119170
ColorBordes,ASM,8192,119680,119680
ColorBordes,ASM,8192,119238,119238
ColorBordes,ASM,8192,137972,137972
ColorBordes,ASM,8192,119510,119510
ColorBordes,ASM,8192,119170,119170
ColorBordes,ASM,8192,78200,78200
ColorBordes,ASM,8192,77996,77996
ColorBordes,ASM,8192,78064,78064
ColorBordes,ASM,8192,78098,78098
ColorBordes,ASM,8192,78064,78064
ColorBordes,ASM,8192,77928,77928
ColorBordes,ASM,8192,119884,119884
ColorBordes,ASM,8192,119680,119680
ColorBordes,ASM,8192,119204,119204
ColorBordes,ASM,8192,119408,119408
ColorBordes,ASM,8192,135932,135932
ColorBordes,ASM,8192,119646,119646
ColorBordes,ASM,8192,119612,119612
ColorBordes,ASM,8192,133178,133178
ColorBordes,ASM,8192,139026,139026
ColorBordes,ASM,8192,119646,119646
ColorBordes,ASM,8192,79696,79696
ColorBordes,ASM,8192,118694,118694
ColorBordes,ASM,8192,92854,92854
ColorBordes,ASM,8192,78030,78030
ColorBordes,ASM,8192,78064,78064
ColorBordes,ASM,8192,77928,77928
ColorBordes,ASM,8192,78064,78064
ColorBordes,ASM,8192,95608,95608
ColorBordes,ASM,8192,78132,78132
ColorBordes,ASM,8192,77962,77962
ColorBordes,ASM,8192,78132,78132
ColorBordes,ASM,8192,78098,78098
ColorBordes,ASM,8192,78846,78846
ColorBordes,ASM,8192,78064,78064
ColorBordes,ASM,8192,77962,77962
ColorBordes,ASM,8192,77962,77962
ColorBordes,ASM,8192,119068,119068
ColorBordes,ASM,8192,119510,119510
ColorBordes,ASM,8192,127670,127670
ColorBordes,ASM,8192,119272,119272
ColorBordes,ASM,8192,119544,119544
ColorBordes,ASM,8192,119646,119646
ColorBordes,ASM,8192,119476,119476
ColorBordes,ASM,8192,119272,119272
ColorBordes,ASM,8192,118694,118694
ColorBordes,ASM,8192,118830,118830
ColorBordes,ASM,8192,118558,118558
ColorBordes,ASM,8192,119102,119102
ColorBordes,ASM,8192,119374,119374
ColorBordes,ASM,8192,119850,119850
ColorBordes,ASM,8192,119068,119068
ColorBordes,ASM,8192,119068,119068
ColorBordes,ASM,8192,118762,118762
ColorBordes,ASM,8192,119272,119272
ColorBordes,ASM,8192,119306,119306
ColorBordes,ASM,8192,119068,119068
ColorBordes,ASM,8192,118762,118762
ColorBordes,ASM,8192,119000,119000
ColorBordes,ASM,8192,119068,119068
ColorBordes,ASM,8192,118796,118796
ColorBordes,ASM,8192,119238,119238
ColorBordes,ASM,8192,118796,118796
ColorBordes,ASM,8192,127602,127602
ColorBordes,ASM,8192,119952,119952
ColorBordes,ASM,8192,119816,119816
ColorBordes,ASM,8192,118932,118932
ColorBordes,ASM,8192,119238,119238
ColorBordes,ASM,8192,141406,141406
ColorBordes,ASM,8192,119782,119782
ColorBordes,ASM,8192,119442,119442
ColorBordes,ASM,8192,119680,119680
ColorBordes,ASM,8192,122230,122230
ColorBordes,ASM,8192,119680,119680
ColorBordes,ASM,8192,122706,122706
ColorBordes,ASM,8192,119204,119204
ColorBordes,ASM,8192,119238,119238
ColorBordes,ASM,8192,145384,145384
ColorBordes,ASM,8192,119544,119544
ColorBordes,ASM,8192,119034,119034
ColorBordes,ASM,8192,119102,119102
ColorBordes,ASM,8192,119680,119680
ColorBordes,ASM,8192,140828,140828
ColorBordes,ASM,8192,148138,148138
ColorBordes,ASM,8192,119068,119068
ColorBordes,ASM,8192,119544,119544
ColorBordes,ASM,8192,125902,125902
ColorBordes,ASM,8192,127602,127602
ColorBordes,ASM,8192,119102,119102
ColorBordes,ASM,8192,141134,141134
ColorBordes,ASM,8192,119578,119578
ColorBordes,ASM,8192,119238,119238
ColorBordes,ASM,8192,119170,119170
ColorBordes,ASM,8192,118898,118898
ColorBordes,ASM,8192,371450,371450
ColorBordes,ASM,8192,118626,118626
ColorBordes,ASM,8192,118524,118524
ColorBordes,ASM,8192,118354,118354
ColorBordes,ASM,8192,119578,119578
ColorBordes,ASM,8192,120088,120088
ColorBordes,ASM,8192,119544,119544
ColorBordes,ASM,8192,119340,119340
ColorBordes,ASM,8192,125188,125188
ColorBordes,ASM,8192,119408,119408
ColorBordes,ASM,8192,122094,122094
ColorBordes,ASM,8192,119238,119238
ColorBordes,ASM,8192,118592,118592
ColorBordes,ASM,8192,121788,121788
ColorBordes,ASM,8192,118762,118762
ColorBordes,ASM,8192,120904,120904
ColorBordes,ASM,8192,124202,124202
ColorBordes,ASM,8192,119238,119238
ColorBordes,ASM,8192,119544,119544
ColorBordes,ASM,8192,119612,119612
ColorBordes,ASM,8192,119170,119170
ColorBordes,ASM,8192,119714,119714
ColorBordes,ASM,8192,119646,119646
ColorBordes,ASM,8192,119340,119340
ColorBordes,ASM,8192,132090,132090
ColorBordes,ASM,8192,119476,119476
ColorBordes,ASM,8192,119068,119068
ColorBordes,ASM,8192,119510,119510
ColorBordes,ASM,8192,119510,119510
ColorBordes,ASM,8192,119646,119646
ColorBordes,ASM,8192,126616,126616
ColorBordes,ASM,8192,119578,119578
ColorBordes,ASM,8192,119442,119442
ColorBordes,ASM,8192,119714,119714
ColorBordes,ASM,8192,119408,119408
ColorBordes,ASM,8192,119476,119476
ColorBordes,ASM,8192,119680,119680
ColorBordes,ASM,8192,121380,121380
ColorBordes,ASM,8192,119510,119510
ColorBordes,ASM,8192,122094,122094
ColorBordes,ASM,8192,119408,119408
ColorBordes,ASM,8192,130526,130526
ColorBordes,ASM,8192,119136,119136
ColorBordes,ASM,8192,119102,119102
ColorBordes,ASM,8192,119068,119068
ColorBordes,ASM,8192,120224,120224
ColorBordes,ASM,8192,120122,120122
ColorBordes,ASM,8192,120768,120768
ColorBordes,ASM,8192,119748,119748
ColorBordes,ASM,8192,120394,120394
ColorBordes,ASM,8192,120360,120360
ColorBordes,ASM,8192,120768,120768
ColorBordes,ASM,8192,120088,120088
ColorBordes,ASM,8192,139536,139536
ColorBordes,ASM,8192,119952,119952
ColorBordes,ASM,8192,125732,125732
ColorBordes,ASM,8192,119136,119136
ColorBordes,ASM,8192,120122,120122
ColorBordes,ASM,8192,119374,119374
ColorBordes,ASM,8192,119136,119136
ColorBordes,ASM,8192,139196,139196
ColorBordes,ASM,8192,119612,119612
ColorBordes,ASM,8192,119442,119442
ColorBordes,ASM,8192,119612,119612
ColorBordes,ASM,8192,119272,119272
ColorBordes,ASM,8192,120258,120258
ColorBordes,ASM,8192,119578,119578
ColorBordes,ASM,8192,119442,119442
ColorBordes,ASM,8192,119408,119408
ColorBordes,ASM,8192,119000,119000
ColorBordes,ASM,8192,119136,119136
ColorBordes,ASM,8192,119680,119680
ColorBordes,ASM,8192,119680,119680
ColorBordes,ASM,8192,119714,119714
ColorBordes,ASM,8192,119204,119204
ColorBordes,ASM,8192,119782,119782
ColorBordes,ASM,8192,120394,120394
ColorBordes,ASM,8192,126718,126718
ColorBordes,ASM,8192,119612,119612
ColorBordes,ASM,8192,119884,119884
ColorBordes,ASM,8192,119748,119748
ColorBordes,ASM,8192,119578,119578
ColorBordes,ASM,8192,119374,119374
ColorBordes,ASM,8192,119544,119544
ColorBordes,ASM,8192,119340,119340
ColorBordes,ASM,8192,119170,119170
ColorBordes,ASM,8192,121686,121686
ColorBordes,ASM,8192,119476,119476
ColorBordes,ASM,8192,119238,119238
ColorBordes,ASM,8192,119306,119306
ColorBordes,ASM,8192,119136,119136
ColorBordes,ASM,8192,119272,119272
ColorBordes,ASM,8192,119034,119034
ColorBordes,ASM,8192,119340,119340
ColorBordes,ASM,8192,119986,119986
ColorBordes,ASM,8192,119748,119748
ColorBordes,ASM,8192,120292,120292
ColorBordes,ASM,8192,119884,119884
ColorBordes,ASM,8192,119238,119238
ColorBordes,ASM,8192,118864,118864
ColorBordes,ASM,8192,119918,119918
ColorBordes,ASM,8192,119748,119748
ColorBordes,ASM,8192,119272,119272
ColorBordes,ASM,8192,78166,78166
ColorBordes,ASM,8192,77996,77996
ColorBordes,ASM,8192,78030,78030
ColorBordes,ASM,8192,77962,77962
ColorBordes,ASM,8192,78064,78064
ColorBordes,ASM,8192,78030,78030
ColorBordes,ASM,8192,78166,78166
ColorBordes,ASM,8192,77996,77996
ColorBordes,ASM,8192,78064,78064
ColorBordes,ASM,8192,389674,389674
ColorBordes,ASM,8192,119306,119306
ColorBordes,ASM,8192,120326,120326
ColorBordes,ASM,8192,120598,120598
ColorBordes,ASM,8192,119952,119952
ColorBordes,ASM,8192,78812,78812
ColorBordes,ASM,8192,78540,78540
ColorBordes,ASM,8192,78540,78540
ColorBordes,ASM,8192,78472,78472
ColorBordes,ASM,8192,78472,78472
ColorBordes,ASM,8192,78472,78472
ColorBordes,ASM,8192,78608,78608
ColorBordes,ASM,8192,78064,78064
ColorBordes,ASM,8192,78064,78064
ColorBordes,ASM,8192,77996,77996
ColorBordes,ASM,8192,78030,78030
ColorBordes,ASM,8192,78064,78064
ColorBordes,ASM,8192,78132,78132
ColorBordes,ASM,8192,77894,77894
ColorBordes,ASM,8192,77962,77962
ColorBordes,ASM,8192,120088,120088
ColorBordes,ASM,8192,119374,119374
ColorBordes,ASM,8192,78132,78132
ColorBordes,ASM,8192,77894,77894
ColorBordes,ASM,8192,77928,77928
ColorBordes,ASM,8192,79016,79016
ColorBordes,ASM,8192,78132,78132
ColorBordes,ASM,32768,1194250,1194250
ColorBordes,ASM,32768,1206422,1206422
ColorBordes,ASM,32768,1061786,1061786
ColorBordes,ASM,32768,309162,309162
ColorBordes,ASM,32768,477428,477428
ColorBordes,ASM,32768,571404,571404
ColorBordes,ASM,32768,479060,479060
ColorBordes,ASM,32768,577796,577796
ColorBordes,ASM,32768,480250,480250
ColorBordes,ASM,32768,590410,590410
ColorBordes,ASM,32768,481440,481440
ColorBordes,ASM,32768,539002,539002
ColorBordes,ASM,32768,481066,481066
ColorBordes,ASM,32768,479230,479230
ColorBordes,ASM,32768,483344,483344
ColorBordes,ASM,32768,478890,478890
ColorBordes,ASM,32768,478856,478856
ColorBordes,ASM,32768,498576,498576
ColorBordes,ASM,32768,478414,478414
ColorBordes,ASM,32768,477870,477870
ColorBordes,ASM,32768,483208,483208
ColorBordes,ASM,32768,482902,482902
ColorBordes,ASM,32768,491810,491810
ColorBordes,ASM,32768,491810,491810
ColorBordes,ASM,32768,484874,484874
ColorBordes,ASM,32768,499154,499154
ColorBordes,ASM,32768,477938,477938
ColorBordes,ASM,32768,488988,488988
ColorBordes,ASM,32768,477428,477428
ColorBordes,ASM,32768,477870,477870
ColorBordes,ASM,32768,478652,478652
ColorBordes,ASM,32768,477836,477836
ColorBordes,ASM,32768,441456,441456
ColorBordes,ASM,32768,308414,308414
ColorBordes,ASM,32768,483582,483582
ColorBordes,ASM,32768,308856,308856
ColorBordes,ASM,32768,308244,308244
ColorBordes,ASM,32768,308550,308550
ColorBordes,ASM,32768,308380,308380
ColorBordes,ASM,32768,487934,487934
ColorBordes,ASM,32768,478040,478040
ColorBordes,ASM,32768,479230,479230
ColorBordes,ASM,32768,480386,480386
ColorBordes,ASM,32768,319056,319056
ColorBordes,ASM,32768,307768,307768
ColorBordes,ASM,32768,308210,308210
ColorBordes,ASM,32768,308584,308584
ColorBordes,ASM,32768,477768,477768
ColorBordes,ASM,32768,479332,479332
ColorBordes,ASM,32768,476612,476612
ColorBordes,ASM,32768,489158,489158
ColorBordes,ASM,32768,662660,662660
ColorBordes,ASM,32768,648992,648992
ColorBordes,ASM,32768,619548,619548
ColorBordes,ASM,32768,631992,631992
ColorBordes,ASM,32768,476952,476952
ColorBordes,ASM,32768,480080,480080
ColorBordes,ASM,32768,479094,479094
ColorBordes,ASM,32768,476646,476646
ColorBordes,ASM,32768,478652,478652
ColorBordes,ASM,32768,308550,308550
ColorBordes,ASM,32768,322728,322728
ColorBordes,ASM,32768,307972,307972
ColorBordes,ASM,32768,478584,478584
ColorBordes,ASM,32768,481712,481712
ColorBordes,ASM,32768,478142,478142
ColorBordes,ASM,32768,308686,308686
ColorBordes,ASM,32768,308278,308278
ColorBordes,ASM,32768,308074,308074
ColorBordes,ASM,32768,407184,407184
ColorBordes,ASM,32768,308142,308142
ColorBordes,ASM,32768,478108,478108
ColorBordes,ASM,32768,479468,479468
ColorBordes,ASM,32768,478108,478108
ColorBordes,ASM,32768,478244,478244
ColorBordes,ASM,32768,479536,479536
ColorBordes,ASM,32768,476918,476918
ColorBordes,ASM,32768,478414,478414
ColorBordes,ASM,32768,479128,479128
ColorBordes,ASM,32768,479332,479332
ColorBordes,ASM,32768,478482,478482
ColorBordes,ASM,32768,481406,481406
ColorBordes,ASM,32768,499256,499256
ColorBordes,ASM,32768,478278,478278
ColorBordes,ASM,32768,507348,507348
ColorBordes,ASM,32768,478890,478890
ColorBordes,ASM,32768,476680,476680
ColorBordes,ASM,32768,491572,491572
ColorBordes,ASM,32768,477904,477904
ColorBordes,ASM,32768,476918,476918
ColorBordes,ASM,32768,478618,478618
ColorBordes,ASM,32768,480284,480284
ColorBordes,ASM,32768,480760,480760
ColorBordes,ASM,32768,484738,484738
ColorBordes,ASM,32768,484466,484466
ColorBordes,ASM,32768,478686,478686
ColorBordes,ASM,32768,595000,595000
ColorBordes,ASM,32768,478448,478448
ColorBordes,ASM,32768,478312,478312
ColorBordes,ASM,32768,477972,477972
ColorBordes,ASM,32768,484058,484058
ColorBordes,ASM,32768,478108,478108
ColorBordes,ASM,32768,481168,481168
ColorBordes,ASM,32768,478618,478618
ColorBordes,ASM,32768,476986,476986
ColorBordes,ASM,32768,477428,477428
ColorBordes,ASM,32768,480726,480726
ColorBordes,ASM,32768,480760,480760
ColorBordes,ASM,32768,484092,484092
ColorBordes,ASM,32768,485452,485452
ColorBordes,ASM,32768,478312,478312
ColorBordes,ASM,32768,478448,478448
ColorBordes,ASM,32768,488512,488512
ColorBordes,ASM,32768,480488,480488
ColorBordes,ASM,32768,489702,489702
ColorBordes,ASM,32768,484840,484840
ColorBordes,ASM,32768,492082,492082
ColorBordes,ASM,32768,484058,484058
ColorBordes,ASM,32768,478244,478244
ColorBordes,ASM,32768,488682,488682
ColorBordes,ASM,32768,308380,308380
ColorBordes,ASM,32768,507790,507790
ColorBordes,ASM,32768,479060,479060
ColorBordes,ASM,32768,309570,309570
ColorBordes,ASM,32768,482052,482052
ColorBordes,ASM,32768,483038,483038
ColorBordes,ASM,32768,480692,480692
ColorBordes,ASM,32768,481168,481168
ColorBordes,ASM,32768,479672,479672
ColorBordes,ASM,32768,483820,483820
ColorBordes,ASM,32768,480488,480488
ColorBordes,ASM,32768,476510,476510
ColorBordes,ASM,32768,478958,478958
ColorBordes,ASM,32768,477768,477768
ColorBordes,ASM,32768,479264,479264
ColorBordes,ASM,32768,499392,499392
ColorBordes,ASM,32768,480488,480488
ColorBordes,ASM,32768,497522,497522
ColorBordes,ASM,32768,478890,478890
ColorBordes,ASM,32768,494428,494428
ColorBordes,ASM,32768,476714,476714
ColorBordes,ASM,32768,478652,478652
ColorBordes,ASM,32768,483752,483752
ColorBordes,ASM,32768,308278,308278
ColorBordes,ASM,32768,308278,308278
ColorBordes,ASM,32768,478754,478754
ColorBordes,ASM,32768,478890,478890
ColorBordes,ASM,32768,482766,482766
ColorBordes,ASM,32768,477020,477020
ColorBordes,ASM,32768,491640,491640
ColorBordes,ASM,32768,318172,318172
ColorBordes,ASM,32768,308006,308006
ColorBordes,ASM,32768,308040,308040
ColorBordes,ASM,32768,320246,320246
ColorBordes,ASM,32768,318376,318376
ColorBordes,ASM,32768,480352,480352
ColorBordes,ASM,32768,308448,308448
ColorBordes,ASM,32768,320416,320416
ColorBordes,ASM,32768,522750,522750
ColorBordes,ASM,32768,478448,478448
ColorBordes,ASM,32768,502316,502316
ColorBordes,ASM,32768,480624,480624
ColorBordes,ASM,32768,318954,318954
ColorBordes,ASM,32768,320824,320824
ColorBordes,ASM,32768,374272,374272
ColorBordes,ASM,32768,341428,341428
ColorBordes,ASM,32768,309944,309944
ColorBordes,ASM,32768,310726,310726
ColorBordes,ASM,32768,309842,309842
ColorBordes,ASM,32768,486098,486098
ColorBordes,ASM,32768,310386,310386
ColorBordes,ASM,32768,310148,310148
ColorBordes,ASM,32768,310454,310454
ColorBordes,ASM,32768,488444,488444
ColorBordes,ASM,32768,310012,310012
ColorBordes,ASM,32768,498474,498474
ColorBordes,ASM,32768,336634,336634
ColorBordes,ASM,32768,487390,487390
ColorBordes,ASM,32768,488750,488750
ColorBordes,ASM,32768,490994,490994
ColorBordes,ASM,32768,490416,490416
ColorBordes,ASM,32768,493136,493136
ColorBordes,ASM,32768,481882,481882
ColorBordes,ASM,32768,480828,480828
ColorBordes,ASM,32768,481474,481474
ColorBordes,ASM,32768,494122,494122
ColorBordes,ASM,32768,482596,482596
ColorBordes,ASM,32768,481270,481270
ColorBordes,ASM,32768,491538,491538
ColorBordes,ASM,32768,486506,486506
ColorBordes,ASM,32768,483650,483650
ColorBordes,ASM,32768,309978,309978
ColorBordes,ASM,32768,500106,500106
ColorBordes,ASM,32768,312018,312018
ColorBordes,ASM,32768,310454,310454
ColorBordes,ASM,32768,481202,481202
ColorBordes,ASM,32768,310420,310420
ColorBordes,ASM,32768,312596,312596
ColorBordes,ASM,32768,481916,481916
ColorBordes,ASM,32768,482120,482120
ColorBordes,ASM,32768,495958,495958
ColorBordes,ASM,32768,312868,312868
ColorBordes,ASM,32768,483038,483038
ColorBordes,ASM,32768,484874,484874
ColorBordes,ASM,32768,322286,322286
ColorBordes,ASM,32768,339388,339388
ColorBordes,ASM,32768,489022,489022
ColorBordes,ASM,32768,310216,310216
ColorBordes,ASM,32768,484908,484908
ColorBordes,ASM,32768,310420,310420
ColorBordes,ASM,32768,310624,310624
ColorBordes,ASM,32768,310386,310386
ColorBordes,ASM,32768,484024,484024
ColorBordes,ASM,32768,484262,484262
ColorBordes,ASM,32768,453798,453798
ColorBordes,ASM,32768,310522,310522
ColorBordes,ASM,32768,483684,483684
ColorBordes,ASM,32768,313412,313412
ColorBordes,ASM,32768,659192,659192
ColorBordes,ASM,32768,649298,649298
ColorBordes,ASM,32768,649468,649468
ColorBordes,ASM,32768,624852,624852
ColorBordes,ASM,32768,625804,625804
ColorBordes,ASM,32768,312698,312698
ColorBordes,ASM,32768,324564,324564
ColorBordes,ASM,32768,324700,324700
ColorBordes,ASM,32768,311542,311542
ColorBordes,ASM,32768,321742,321742
ColorBordes,ASM,32768,484738,484738
ColorBordes,ASM,32768,312222,312222
ColorBordes,ASM,32768,310318,310318
ColorBordes,ASM,32768,310420,310420
ColorBordes,ASM,32768,309842,309842
ColorBordes,ASM,32768,322558,322558
ColorBordes,ASM,32768,319498,319498
ColorBordes,ASM,32768,309910,309910
ColorBordes,ASM,32768,309910,309910
ColorBordes,ASM,32768,310930,310930
ColorBordes,ASM,32768,309604,309604
ColorBordes,ASM,32768,310352,310352
ColorBordes,ASM,32768,310522,310522
ColorBordes,ASM,32768,310352,310352
ColorBordes,ASM,32768,309978,309978
ColorBordes,ASM,32768,310216,310216
ColorBordes,ASM,32768,309910,309910
ColorBordes,ASM,32768,310692,310692
ColorBordes,ASM,32768,310182,310182
ColorBordes,ASM,32768,310318,310318
ColorBordes,ASM,32768,310522,310522
ColorBordes,ASM,32768,310488,310488
ColorBordes,ASM,32768,310250,310250
ColorBordes,ASM,32768,310012,310012
ColorBordes,ASM,32768,481202,481202
ColorBordes,ASM,32768,479570,479570
ColorBordes,ASM,32768,482290,482290
ColorBordes,ASM,32768,310556,310556
ColorBordes,ASM,32768,310352,310352
ColorBordes,ASM,32768,310182,310182
ColorBordes,ASM,32768,309842,309842
ColorBordes,ASM,32768,310148,310148
ColorBordes,ASM,32768,310114,310114
ColorBordes,ASM,32768,310828,310828
ColorBordes,ASM,32768,309978,309978
ColorBordes,ASM,32768,310148,310148
ColorBordes,ASM,32768,309978,309978
ColorBordes,ASM,32768,310420,310420
ColorBordes,ASM,32768,309774,309774
ColorBordes,ASM,32768,310590,310590
ColorBordes,ASM,32768,310182,310182
ColorBordes,ASM,32768,310556,310556
ColorBordes,ASM,32768,309978,309978
ColorBordes,ASM,32768,310522,310522
ColorBordes,ASM,32768,310114,310114
ColorBordes,ASM,32768,310590,310590
ColorBordes,ASM,32768,310216,310216
ColorBordes,ASM,32768,310012,310012
ColorBordes,ASM,32768,310216,310216
ColorBordes,ASM,32768,310250,310250
ColorBordes,ASM,32768,310080,310080
ColorBordes,ASM,32768,310488,310488
ColorBordes,ASM,32768,309978,309978
ColorBordes,ASM,32768,309638,309638
ColorBordes,ASM,32768,309910,309910
ColorBordes,ASM,32768,310250,310250
ColorBordes,ASM,32768,310080,310080
ColorBordes,ASM,32768,310250,310250
ColorBordes,ASM,32768,310012,310012
ColorBordes,ASM,32768,310488,310488
ColorBordes,ASM,32768,310046,310046
ColorBordes,ASM,32768,310420,310420
ColorBordes,ASM,32768,309604,309604
ColorBordes,ASM,32768,310148,310148
ColorBordes,ASM,32768,310590,310590
ColorBordes,ASM,32768,309570,309570
ColorBordes,ASM,32768,310114,310114
ColorBordes,ASM,32768,310386,310386
ColorBordes,ASM,32768,309434,309434
ColorBordes,ASM,32768,310420,310420
ColorBordes,ASM,32768,310488,310488
ColorBordes,ASM,32768,310454,310454
ColorBordes,ASM,120000,1197616,1197616
ColorBordes,ASM,120000,1137096,1137096
ColorBordes,ASM,120000,1135838,1135838
ColorBordes,ASM,120000,1136246,1136246
ColorBordes,ASM,120000,1134988,1134988
ColorBordes,ASM,120000,1136654,1136654
ColorBordes,ASM,120000,2363544,2363544
ColorBordes,ASM,120000,1133220,1133220
ColorBordes,ASM,120000,1128018,1128018
ColorBordes,ASM,120000,1130636,1130636
ColorBordes,ASM,120000,1137198,1137198
ColorBordes,ASM,120000,1137606,1137606
ColorBordes,ASM,120000,1134716,1134716
ColorBordes,ASM,120000,1137504,1137504
ColorBordes,ASM,120000,1798158,1798158
ColorBordes,ASM,120000,1830152,1830152
ColorBordes,ASM,120000,1897540,1897540
ColorBordes,ASM,120000,1815532,1815532
ColorBordes,ASM,120000,1265854,1265854
ColorBordes,ASM,120000,1165656,1165656
ColorBordes,ASM,120000,1135192,1135192
ColorBordes,ASM,120000,1137130,1137130
ColorBordes,ASM,120000,1134512,1134512
ColorBordes,ASM,120000,1137470,1137470
ColorBordes,ASM,120000,1142026,1142026
ColorBordes,ASM,120000,1136586,1136586
ColorBordes,ASM,120000,1134614,1134614
ColorBordes,ASM,120000,1137742,1137742
ColorBordes,ASM,120000,1135600,1135600
ColorBordes,ASM,120000,1137062,1137062
ColorBordes,ASM,120000,1145358,1145358
ColorBordes,ASM,120000,1136518,1136518
ColorBordes,ASM,120000,1134852,1134852
ColorBordes,ASM,120000,1137946,1137946
ColorBordes,ASM,120000,1134104,1134104
ColorBordes,ASM,120000,1136722,1136722
ColorBordes,ASM,120000,1145018,1145018
ColorBordes,ASM,120000,1135940,1135940
ColorBordes,ASM,120000,1127542,1127542
ColorBordes,ASM,120000,2223770,2223770
ColorBordes,ASM,120000,1137402,1137402
ColorBordes,ASM,120000,1447788,1447788
ColorBordes,ASM,120000,1135872,1135872
ColorBordes,ASM,120000,1159944,1159944
ColorBordes,ASM,120000,1134444,1134444
ColorBordes,ASM,120000,1137096,1137096
ColorBordes,ASM,120000,1135430,1135430
ColorBordes,ASM,120000,1765552,1765552
ColorBordes,ASM,120000,1151784,1151784
ColorBordes,ASM,120000,2033880,2033880
ColorBordes,ASM,120000,1135464,1135464
ColorBordes,ASM,120000,1161542,1161542
ColorBordes,ASM,120000,1135770,1135770
ColorBordes,ASM,120000,1137844,1137844
ColorBordes,ASM,120000,1134818,1134818
ColorBordes,ASM,120000,1179596,1179596
ColorBordes,ASM,120000,1150152,1150152
ColorBordes,ASM,120000,1135906,1135906
ColorBordes,ASM,120000,1134852,1134852
ColorBordes,ASM,120000,1137198,1137198
ColorBordes,ASM,120000,1754944,1754944
ColorBordes,ASM,120000,1774766,1774766
ColorBordes,ASM,120000,1756848,1756848
ColorBordes,ASM,120000,1758582,1758582
ColorBordes,ASM,120000,1755250,1755250
ColorBordes,ASM,120000,1792208,1792208
ColorBordes,ASM,120000,1795710,1795710
ColorBordes,ASM,120000,1756644,1756644
ColorBordes,ASM,120000,1762016,1762016
ColorBordes,ASM,120000,2354908,2354908
ColorBordes,ASM,120000,1965914,1965914
ColorBordes,ASM,120000,2315978,2315978
ColorBordes,ASM,120000,1130058,1130058
ColorBordes,ASM,120000,1759262,1759262
ColorBordes,ASM,120000,1729750,1729750
ColorBordes,ASM,120000,2187084,2187084
ColorBordes,ASM,120000,1128630,1128630
ColorBordes,ASM,120000,1130160,1130160
ColorBordes,ASM,120000,1127440,1127440
ColorBordes,ASM,120000,1134138,1134138
ColorBordes,ASM,120000,1135294,1135294
ColorBordes,ASM,120000,1129650,1129650
ColorBordes,ASM,120000,1128766,1128766
ColorBordes,ASM,120000,1142672,1142672
ColorBordes,ASM,120000,1129344,1129344
ColorBordes,ASM,120000,1129038,1129038
ColorBordes,ASM,120000,1153178,1153178
ColorBordes,ASM,120000,1130058,1130058
ColorBordes,ASM,120000,1127440,1127440
ColorBordes,ASM,120000,1181160,1181160
ColorBordes,ASM,120000,1128698,1128698
ColorBordes,ASM,120000,2018376,2018376
ColorBordes,ASM,120000,1173272,1173272
ColorBordes,ASM,120000,1133016,1133016
ColorBordes,ASM,120000,1145800,1145800
ColorBordes,ASM,120000,1284588,1284588
ColorBordes,ASM,120000,1127508,1127508
ColorBordes,ASM,120000,1130228,1130228
ColorBordes,ASM,120000,1137402,1137402
ColorBordes,ASM,120000,1131248,1131248
ColorBordes,ASM,120000,1127984,1127984
ColorBordes,ASM,120000,1130840,1130840
ColorBordes,ASM,120000,1128936,1128936
ColorBordes,ASM,120000,2360892,2360892
ColorBordes,ASM,120000,1129276,1129276
ColorBordes,ASM,120000,1131826,1131826
ColorBordes,ASM,120000,1137402,1137402
ColorBordes,ASM,120000,1273130,1273130
ColorBordes,ASM,120000,1734884,1734884
ColorBordes,ASM,120000,1135906,1135906
ColorBordes,ASM,120000,1776296,1776296
ColorBordes,ASM,120000,1766368,1766368
ColorBordes,ASM,120000,1761030,1761030
ColorBordes,ASM,120000,1775004,1775004
ColorBordes,ASM,120000,1753754,1753754
ColorBordes,ASM,120000,1755556,1755556
ColorBordes,ASM,120000,1127848,1127848
ColorBordes,ASM,120000,1137368,1137368
ColorBordes,ASM,120000,1531734,1531734
ColorBordes,ASM,120000,1129582,1129582
ColorBordes,ASM,120000,1128426,1128426
ColorBordes,ASM,120000,1291082,1291082
ColorBordes,ASM,120000,1774324,1774324
ColorBordes,ASM,120000,1806624,1806624
ColorBordes,ASM,120000,2012426,2012426
ColorBordes,ASM,120000,1142808,1142808
ColorBordes,ASM,120000,1128766,1128766
ColorBordes,ASM,120000,1151784,1151784
ColorBordes,ASM,120000,1127134,1127134
ColorBordes,ASM,120000,1129310,1129310
ColorBordes,ASM,120000,1128868,1128868
ColorBordes,ASM,120000,1129718,1129718
ColorBordes,ASM,120000,1128766,1128766
ColorBordes,ASM,120000,1141210,1141210
ColorBordes,ASM,120000,2202078,2202078
ColorBordes,ASM,120000,1761948,1761948
ColorBordes,ASM,120000,1205232,1205232
ColorBordes,ASM,120000,2273342,2273342
ColorBordes,ASM,120000,1132064,1132064
ColorBordes,ASM,120000,1176128,1176128
ColorBordes,ASM,120000,1128222,1128222
ColorBordes,ASM,120000,1131656,1131656
ColorBordes,ASM,120000,1143726,1143726
ColorBordes,ASM,120000,1187756,1187756
ColorBordes,ASM,120000,1127576,1127576
ColorBordes,ASM,120000,1130160,1130160
ColorBordes,ASM,120000,1224748,1224748
ColorBordes,ASM,120000,1131928,1131928
ColorBordes,ASM,120000,1127440,1127440
ColorBordes,ASM,120000,1138864,1138864
ColorBordes,ASM,120000,1126726,1126726
ColorBordes,ASM,120000,1129412,1129412
ColorBordes,ASM,120000,1127202,1127202
ColorBordes,ASM,120000,1129786,1129786
ColorBordes,ASM,120000,1130024,1130024
ColorBordes,ASM,120000,1129718,1129718
ColorBordes,ASM,120000,1199860,1199860
ColorBordes,ASM,120000,1130024,1130024
ColorBordes,ASM,120000,1127202,1127202
ColorBordes,ASM,120000,1251982,1251982
ColorBordes,ASM,120000,1127406,1127406
ColorBordes,ASM,120000,1234948,1234948
ColorBordes,ASM,120000,1146412,1146412
ColorBordes,ASM,120000,1130704,1130704
ColorBordes,ASM,120000,1756440,1756440
ColorBordes,ASM,120000,1757732,1757732
ColorBordes,ASM,120000,1134036,1134036
ColorBordes,ASM,120000,1775820,1775820
ColorBordes,ASM,120000,1618672,1618672
ColorBordes,ASM,120000,2329816,2329816
ColorBordes,ASM,120000,1773168,1773168
ColorBordes,ASM,120000,1444116,1444116
ColorBordes,ASM,120000,1764396,1764396
ColorBordes,ASM,120000,1730872,1730872
ColorBordes,ASM,120000,1128222,1128222
ColorBordes,ASM,120000,1130228,1130228
ColorBordes,ASM,120000,1128086,1128086
ColorBordes,ASM,120000,1309068,1309068
ColorBordes,ASM,120000,1127066,1127066
ColorBordes,ASM,120000,1129140,1129140
ColorBordes,ASM,120000,1126828,1126828
ColorBordes,ASM,120000,1131010,1131010
ColorBordes,ASM,120000,1158822,1158822
ColorBordes,ASM,120000,1759602,1759602
ColorBordes,ASM,120000,1127542,1127542
ColorBordes,ASM,120000,1144508,1144508
ColorBordes,ASM,120000,1127236,1127236
ColorBordes,ASM,120000,1130228,1130228
ColorBordes,ASM,120000,1127984,1127984
ColorBordes,ASM,120000,1130228,1130228
ColorBordes,ASM,120000,1130636,1130636
ColorBordes,ASM,120000,1148554,1148554
ColorBordes,ASM,120000,1127712,1127712
ColorBordes,ASM,120000,1130364,1130364
ColorBordes,ASM,120000,1130432,1130432
ColorBordes,ASM,120000,1130874,1130874
ColorBordes,ASM,120000,1728492,1728492
ColorBordes,ASM,120000,1139272,1139272
ColorBordes,ASM,120000,1127100,1127100
ColorBordes,ASM,120000,1129922,1129922
ColorBordes,ASM,120000,1189524,1189524
ColorBordes,ASM,120000,1404642,1404642
ColorBordes,ASM,120000,2036872,2036872
ColorBordes,ASM,120000,1224986,1224986
ColorBordes,ASM,120000,1409062,1409062
ColorBordes,ASM,120000,1772386,1772386
ColorBordes,ASM,120000,1128324,1128324
ColorBordes,ASM,120000,1130160,1130160
ColorBordes,ASM,120000,1126896,1126896
ColorBordes,ASM,120000,1130466,1130466
ColorBordes,ASM,120000,1127678,1127678
ColorBordes,ASM,120000,1170722,1170722
ColorBordes,ASM,120000,1466012,1466012
ColorBordes,ASM,120000,1129786,1129786
ColorBordes,ASM,120000,1127542,1127542
ColorBordes,ASM,120000,1132336,1132336
ColorBordes,ASM,120000,1128256,1128256
ColorBordes,ASM,120000,1140020,1140020
ColorBordes,ASM,120000,1127542,1127542
ColorBordes,ASM,120000,1130942,1130942
ColorBordes,ASM,120000,1127576,1127576
ColorBordes,ASM,120000,1130092,1130092
ColorBordes,ASM,120000,1127644,1127644
ColorBordes,ASM,120000,1155286,1155286
ColorBordes,ASM,120000,1129004,1129004
ColorBordes,ASM,120000,1130092,1130092
ColorBordes,ASM,120000,1409096,1409096
ColorBordes,ASM,120000,1129684,1129684
ColorBordes,ASM,120000,1768034,1768034
ColorBordes,ASM,120000,1131418,1131418
ColorBordes,ASM,120000,1130636,1130636
ColorBordes,ASM,120000,1130602,1130602
ColorBordes,ASM,120000,1128494,1128494
ColorBordes,ASM,120000,2387310,2387310
ColorBordes,ASM,120000,1187586,1187586
ColorBordes,ASM,120000,1128834,1128834
ColorBordes,ASM,120000,1128766,1128766
ColorBordes,ASM,120000,1130840,1130840
ColorBordes,ASM,120000,1128120,1128120
ColorBordes,ASM,120000,1296794,1296794
ColorBordes,ASM,120000,1128460,1128460
ColorBordes,ASM,120000,1129242,1129242
ColorBordes,ASM,120000,1467882,1467882
ColorBordes,ASM,120000,1173544,1173544
ColorBordes,ASM,120000,1140326,1140326
ColorBordes,ASM,120000,1130568,1130568
ColorBordes,ASM,120000,1127882,1127882
ColorBordes,ASM,120000,1130534,1130534
ColorBordes,ASM,120000,1126624,1126624
ColorBordes,ASM,120000,1130126,1130126
ColorBordes,ASM,120000,1129072,1129072
ColorBordes,ASM,120000,1137980,1137980
ColorBordes,ASM,120000,1127032,1127032
ColorBordes,ASM,120000,1155898,1155898
ColorBordes,ASM,120000,1128596,1128596
ColorBordes,ASM,120000,1282752,1282752
ColorBordes,ASM,120000,1129310,1129310
ColorBordes,ASM,120000,1129310,1129310
ColorBordes,ASM,120000,1129786,1129786
ColorBordes,ASM,120000,1173408,1173408
ColorBordes,ASM,120000,1136280,1136280
ColorBordes,ASM,120000,1130534,1130534
ColorBordes,ASM,120000,1127678,1127678
ColorBordes,ASM,120000,1130704,1130704
ColorBordes,ASM,120000,1128970,1128970
ColorBordes,ASM,120000,2376634,2376634
ColorBordes,ASM,120000,1132030,1132030
ColorBordes,ASM,120000,1186124,1186124
ColorBordes,ASM,120000,1134172,1134172
ColorBordes,ASM,120000,1153756,1153756
ColorBordes,ASM,120000,1134988,1134988
ColorBordes,ASM,120000,1137368,1137368
ColorBordes,ASM,120000,1136212,1136212
ColorBordes,ASM,120000,1137130,1137130
ColorBordes,ASM,120000,1138286,1138286
ColorBordes,ASM,120000,1136178,1136178
ColorBordes,ASM,120000,1135124,1135124
ColorBordes,ASM,120000,1139272,1139272
ColorBordes,ASM,120000,1134546,1134546
ColorBordes,ASM,120000,1151750,1151750
ColorBordes,ASM,120000,1134818,1134818
ColorBordes,ASM,120000,1137572,1137572
ColorBordes,ASM,120000,1134580,1134580
ColorBordes,ASM,120000,1769088,1769088
ColorBordes,ASM,120000,1707412,1707412
ColorBordes,ASM,120000,1572398,1572398
ColorBordes,ASM,120000,2109870,2109870
ColorBordes,ASM,120000,1149098,1149098
ColorBordes,ASM,120000,1136280,1136280
ColorBordes,ASM,120000,1768170,1768170
ColorBordes,ASM,120000,1139442,1139442
ColorBordes,ASM,120000,1541594,1541594
ColorBordes,ASM,120000,1676540,1676540
ColorBordes,ASM,120000,1137946,1137946
ColorBordes,ASM,120000,1444388,1444388
ColorBordes,ASM,120000,1770346,1770346
ColorBordes,ASM,120000,1796016,1796016
ColorBordes,ASM,120000,2371908,2371908
ColorBordes,ASM,120000,1137742,1137742
ColorBordes,ASM,120000,1767898,1767898
ColorBordes,ASM,131072,1960508,1960508
ColorBordes,ASM,131072,2482204,2482204
ColorBordes,ASM,131072,1234404,1234404
ColorBordes,ASM,131072,1236002,1236002
ColorBordes,ASM,131072,1231140,1231140
ColorBordes,ASM,131072,1240184,1240184
ColorBordes,ASM,131072,1230970,1230970
ColorBordes,ASM,131072,1563932,1563932
ColorBordes,ASM,131072,1916750,1916750
ColorBordes,ASM,131072,1932934,1932934
ColorBordes,ASM,131072,1231038,1231038
ColorBordes,ASM,131072,1299922,1299922
ColorBordes,ASM,131072,1230936,1230936
ColorBordes,ASM,131072,1230834,1230834
ColorBordes,ASM,131072,1231412,1231412
ColorBordes,ASM,131072,1949900,1949900
ColorBordes,ASM,131072,1935178,1935178
ColorBordes,ASM,131072,1535100,1535100
ColorBordes,ASM,131072,1230698,1230698
ColorBordes,ASM,131072,1231616,1231616
ColorBordes,ASM,131072,1230800,1230800
ColorBordes,ASM,131072,1231378,1231378
ColorBordes,ASM,131072,1229882,1229882
ColorBordes,ASM,131072,1231548,1231548
ColorBordes,ASM,131072,1237566,1237566
ColorBordes,ASM,131072,1231514,1231514
ColorBordes,ASM,131072,1230120,1230120
ColorBordes,ASM,131072,1231242,1231242
ColorBordes,ASM,131072,1232058,1232058
ColorBordes,ASM,131072,1230766,1230766
ColorBordes,ASM,131072,1232228,1232228
ColorBordes,ASM,131072,1919402,1919402
ColorBordes,ASM,131072,1229678,1229678
ColorBordes,ASM,131072,1918246,1918246
ColorBordes,ASM,131072,1230222,1230222
ColorBordes,ASM,131072,1303866,1303866
ColorBordes,ASM,131072,1231106,1231106
ColorBordes,ASM,131072,1231922,1231922
ColorBordes,ASM,131072,1230120,1230120
ColorBordes,ASM,131072,1910188,1910188
ColorBordes,ASM,131072,1922598,1922598
ColorBordes,ASM,131072,1231174,1231174
ColorBordes,ASM,131072,1231106,1231106
ColorBordes,ASM,131072,1802816,1802816
ColorBordes,ASM,131072,1230902,1230902
ColorBordes,ASM,131072,1935416,1935416
ColorBordes,ASM,131072,1230018,1230018
ColorBordes,ASM,131072,1964894,1964894
ColorBordes,ASM,131072,1230222,1230222
ColorBordes,ASM,131072,1238042,1238042
ColorBordes,ASM,131072,1230868,1230868
ColorBordes,ASM,131072,2725916,2725916
ColorBordes,ASM,131072,3048542,3048542
ColorBordes,ASM,131072,3056736,3056736
ColorBordes,ASM,131072,3422372,3422372
ColorBordes,ASM,131072,1283262,1283262
ColorBordes,ASM,131072,1264528,1264528
ColorBordes,ASM,131072,2587196,2587196
ColorBordes,ASM,131072,1415386,1415386
ColorBordes,ASM,131072,1265786,1265786
ColorBordes,ASM,131072,2166888,2166888
ColorBordes,ASM,131072,1239946,1239946
ColorBordes,ASM,131072,1253206,1253206
ColorBordes,ASM,131072,1242700,1242700
ColorBordes,ASM,131072,1263202,1263202
ColorBordes,ASM,131072,1436874,1436874
ColorBordes,ASM,131072,1240524,1240524
ColorBordes,ASM,131072,1239164,1239164
ColorBordes,ASM,131072,1238144,1238144
ColorBordes,ASM,131072,1239368,1239368
ColorBordes,ASM,131072,1240524,1240524
ColorBordes,ASM,131072,1238824,1238824
ColorBordes,ASM,131072,1244366,1244366
ColorBordes,ASM,131072,1240184,1240184
ColorBordes,ASM,131072,1241714,1241714
ColorBordes,ASM,131072,1239572,1239572
ColorBordes,ASM,131072,1243278,1243278
ColorBordes,ASM,131072,1271668,1271668
ColorBordes,ASM,131072,1237634,1237634
ColorBordes,ASM,131072,1238892,1238892
ColorBordes,ASM,131072,1257014,1257014
ColorBordes,ASM,131072,1238926,1238926
ColorBordes,ASM,131072,1237464,1237464
ColorBordes,ASM,131072,1238620,1238620
ColorBordes,ASM,131072,1957516,1957516
ColorBordes,ASM,131072,1242972,1242972
ColorBordes,ASM,131072,1237260,1237260
ColorBordes,ASM,131072,2491792,2491792
ColorBordes,ASM,131072,1239572,1239572
ColorBordes,ASM,131072,1238110,1238110
ColorBordes,ASM,131072,1240762,1240762
ColorBordes,ASM,131072,1240422,1240422
ColorBordes,ASM,131072,1249398,1249398
ColorBordes,ASM,131072,1239946,1239946
ColorBordes,ASM,131072,1248820,1248820
ColorBordes,ASM,131072,1241068,1241068
ColorBordes,ASM,131072,1243482,1243482
ColorBordes,ASM,131072,1241136,1241136
ColorBordes,ASM,131072,1237464,1237464
ColorBordes,ASM,131072,1272314,1272314
ColorBordes,ASM,131072,1238926,1238926
ColorBordes,ASM,131072,1334602,1334602
ColorBordes,ASM,131072,1238790,1238790
ColorBordes,ASM,131072,1246746,1246746
ColorBordes,ASM,131072,1240422,1240422
ColorBordes,ASM,131072,1246270,1246270
ColorBordes,ASM,131072,1238620,1238620
ColorBordes,ASM,131072,1251370,1251370
ColorBordes,ASM,131072,1238824,1238824
ColorBordes,ASM,131072,1252934,1252934
ColorBordes,ASM,131072,1230596,1230596
ColorBordes,ASM,131072,1231718,1231718
ColorBordes,ASM,131072,1234472,1234472
ColorBordes,ASM,131072,1232194,1232194
ColorBordes,ASM,131072,1230290,1230290
ColorBordes,ASM,131072,2159782,2159782
ColorBordes,ASM,131072,2421582,2421582
ColorBordes,ASM,131072,1240796,1240796
ColorBordes,ASM,131072,1932254,1932254
ColorBordes,ASM,131072,1230970,1230970
ColorBordes,ASM,131072,1230732,1230732
ColorBordes,ASM,131072,1235390,1235390
ColorBordes,ASM,131072,1230562,1230562
ColorBordes,ASM,131072,1231684,1231684
ColorBordes,ASM,131072,2171036,2171036
ColorBordes,ASM,131072,1231786,1231786
ColorBordes,ASM,131072,1619828,1619828
ColorBordes,ASM,131072,1230868,1230868
ColorBordes,ASM,131072,1230324,1230324
ColorBordes,ASM,131072,1964180,1964180
ColorBordes,ASM,131072,1918144,1918144
ColorBordes,ASM,131072,1964180,1964180
ColorBordes,ASM,131072,1232772,1232772
ColorBordes,ASM,131072,1230290,1230290
ColorBordes,ASM,131072,1232840,1232840
ColorBordes,ASM,131072,1231378,1231378
ColorBordes,ASM,131072,1237464,1237464
ColorBordes,ASM,131072,1232704,1232704
ColorBordes,ASM,131072,1229474,1229474
ColorBordes,ASM,131072,1230562,1230562
ColorBordes,ASM,131072,1229508,1229508
ColorBordes,ASM,131072,1231038,1231038
ColorBordes,ASM,131072,1232806,1232806
ColorBordes,ASM,131072,1237668,1237668
ColorBordes,ASM,131072,1362890,1362890
ColorBordes,ASM,131072,1245318,1245318
ColorBordes,ASM,131072,2579070,2579070
ColorBordes,ASM,131072,1242836,1242836
ColorBordes,ASM,131072,1239266,1239266
ColorBordes,ASM,131072,1239436,1239436
ColorBordes,ASM,131072,1243380,1243380
ColorBordes,ASM,131072,1279998,1279998
ColorBordes,ASM,131072,1238314,1238314
ColorBordes,ASM,131072,1238382,1238382
ColorBordes,ASM,131072,1237090,1237090
ColorBordes,ASM,131072,1239538,1239538
ColorBordes,ASM,131072,1340858,1340858
ColorBordes,ASM,131072,1239606,1239606
ColorBordes,ASM,131072,1251846,1251846
ColorBordes,ASM,131072,1718462,1718462
ColorBordes,ASM,131072,1239708,1239708
ColorBordes,ASM,131072,1381896,1381896
ColorBordes,ASM,131072,1239742,1239742
ColorBordes,ASM,131072,1240932,1240932
ColorBordes,ASM,131072,1239062,1239062
ColorBordes,ASM,131072,1239198,1239198
ColorBordes,ASM,131072,2032962,2032962
ColorBordes,ASM,131072,1933070,1933070
ColorBordes,ASM,131072,1242292,1242292
ColorBordes,ASM,131072,1282004,1282004
ColorBordes,ASM,131072,1238654,1238654
ColorBordes,ASM,131072,5214342,5214342
ColorBordes,ASM,131072,1239640,1239640
ColorBordes,ASM,131072,1242972,1242972
ColorBordes,ASM,131072,1277380,1277380
ColorBordes,ASM,131072,2579512,2579512
ColorBordes,ASM,131072,1256028,1256028
ColorBordes,ASM,131072,1230936,1230936
ColorBordes,ASM,131072,1231004,1231004
ColorBordes,ASM,131072,1231650,1231650
ColorBordes,ASM,131072,1229916,1229916
ColorBordes,ASM,131072,1234812,1234812
ColorBordes,ASM,131072,2314958,2314958
ColorBordes,ASM,131072,1939360,1939360
ColorBordes,ASM,131072,1231616,1231616
ColorBordes,ASM,131072,1269526,1269526
ColorBordes,ASM,131072,1920150,1920150
ColorBordes,ASM,131072,1241884,1241884
ColorBordes,ASM,131072,1232126,1232126
ColorBordes,ASM,131072,1503684,1503684
ColorBordes,ASM,131072,1230256,1230256
ColorBordes,ASM,131072,1232296,1232296
ColorBordes,ASM,131072,1917770,1917770
ColorBordes,ASM,131072,1232908,1232908
ColorBordes,ASM,131072,1918144,1918144
ColorBordes,ASM,131072,1924638,1924638
ColorBordes,ASM,131072,1233180,1233180
ColorBordes,ASM,131072,1923074,1923074
ColorBordes,ASM,131072,1235288,1235288
ColorBordes,ASM,131072,1231038,1231038
ColorBordes,ASM,131072,1935246,1935246
ColorBordes,ASM,131072,1233282,1233282
ColorBordes,ASM,131072,1825052,1825052
ColorBordes,ASM,131072,2300678,2300678
ColorBordes,ASM,131072,2557174,2557174
ColorBordes,ASM,131072,1340586,1340586
ColorBordes,ASM,131072,1917362,1917362
ColorBordes,ASM,131072,1230494,1230494
ColorBordes,ASM,131072,1918076,1918076
ColorBordes,ASM,131072,1919130,1919130
ColorBordes,ASM,131072,1231922,1231922
ColorBordes,ASM,131072,1932628,1932628
ColorBordes,ASM,131072,1274660,1274660
ColorBordes,ASM,131072,1231718,1231718
ColorBordes,ASM,131072,1229984,1229984
ColorBordes,ASM,131072,1232840,1232840
ColorBordes,ASM,131072,1240150,1240150
ColorBordes,ASM,131072,1232092,1232092
ColorBordes,ASM,131072,1230834,1230834
ColorBordes,ASM,131072,1232092,1232092
ColorBordes,ASM,131072,1231106,1231106
ColorBordes,ASM,131072,1230698,1230698
ColorBordes,ASM,131072,1460878,1460878
ColorBordes,ASM,131072,1231480,1231480
ColorBordes,ASM,131072,1229508,1229508
ColorBordes,ASM,131072,2048602,2048602
ColorBordes,ASM,131072,1230426,1230426
ColorBordes,ASM,131072,1232364,1232364
ColorBordes,ASM,131072,1236818,1236818
ColorBordes,ASM,131072,1230188,1230188
ColorBordes,ASM,131072,1230052,1230052
ColorBordes,ASM,131072,1243312,1243312
ColorBordes,ASM,131072,1231514,1231514
ColorBordes,ASM,131072,1230154,1230154
ColorBordes,ASM,131072,1234540,1234540
ColorBordes,ASM,131072,1232500,1232500
ColorBordes,ASM,131072,1229712,1229712
ColorBordes,ASM,131072,1310870,1310870
ColorBordes,ASM,131072,1229780,1229780
ColorBordes,ASM,131072,1285710,1285710
ColorBordes,ASM,131072,1231480,1231480
ColorBordes,ASM,131072,1231038,1231038
ColorBordes,ASM,131072,1314100,1314100
ColorBordes,ASM,131072,1231514,1231514
ColorBordes,ASM,131072,1920966,1920966
ColorBordes,ASM,131072,1919300,1919300
ColorBordes,ASM,131072,2086070,2086070
ColorBordes,ASM,131072,1918484,1918484
ColorBordes,ASM,131072,2537862,2537862
ColorBordes,ASM,131072,1966016,1966016
ColorBordes,ASM,131072,1230086,1230086
ColorBordes,ASM,131072,1378666,1378666
ColorBordes,ASM,131072,1231004,1231004
ColorBordes,ASM,131072,1231208,1231208
ColorBordes,ASM,131072,1230766,1230766
ColorBordes,ASM,131072,1234234,1234234
ColorBordes,ASM,131072,1232194,1232194
ColorBordes,ASM,131072,1232568,1232568
ColorBordes,ASM,131072,1229168,1229168
ColorBordes,ASM,131072,1232908,1232908
ColorBordes,ASM,131072,1240252,1240252
ColorBordes,ASM,131072,1235492,1235492
ColorBordes,ASM,131072,1995800,1995800
ColorBordes,ASM,131072,1921578,1921578
ColorBordes,ASM,131072,1275510,1275510
ColorBordes,ASM,131072,1233928,1233928
ColorBordes,ASM,131072,1232602,1232602
ColorBordes,ASM,131072,1919912,1919912
ColorBordes,ASM,131072,1565870,1565870
ColorBordes,ASM,131072,1232262,1232262
ColorBordes,ASM,131072,1918790,1918790
ColorBordes,ASM,131072,1234676,1234676
ColorBordes,ASM,131072,1671304,1671304
ColorBordes,ASM,131072,1233180,1233180
ColorBordes,ASM,131072,1914098,1914098
ColorBordes,ASM,131072,1232704,1232704
ColorBordes,ASM,131072,1230392,1230392
ColorBordes,ASM,131072,1245862,1245862
ColorBordes,ASM,131072,1233248,1233248
ColorBordes,ASM,131072,1231004,1231004
ColorBordes,ASM,131072,1230936,1230936
ColorBordes,ASM,131072,1230494,1230494
ColorBordes,ASM,131072,1229780,1229780
ColorBordes,ASM,131072,1232704,1232704
ColorBordes,ASM,131072,1230052,1230052
ColorBordes,ASM,131072,1249704,1249704
ColorBordes,ASM,131072,1236274,1236274
ColorBordes,ASM,131072,1232466,1232466
ColorBordes,ASM,131072,1238688,1238688
ColorBordes,ASM,131072,1230800,1230800
ColorBordes,ASM,131072,1363808,1363808
ColorBordes,ASM,131072,1235152,1235152
ColorBordes,ASM,131072,1240898,1240898
ColorBordes,ASM,131072,1921034,1921034
ColorBordes,ASM,131072,1231276,1231276
ColorBordes,ASM,131072,1231752,1231752
ColorBordes,ASM,131072,1230086,1230086
ColorBordes,ASM,131072,1530136,1530136
ColorBordes,ASM,131072,1248038,1248038
ColorBordes,ASM,131072,1232466,1232466
ColorBordes,ASM,480000,5820596,5820596
ColorBordes,ASM,480000,5029484,5029484
ColorBordes,ASM,480000,5462372,5462372
ColorBordes,ASM,480000,4587212,4587212
ColorBordes,ASM,480000,4582418,4582418
ColorBordes,ASM,480000,4695774,4695774
ColorBordes,ASM,480000,7034668,7034668
ColorBordes,ASM,480000,7052518,7052518
ColorBordes,ASM,480000,4513296,4513296
ColorBordes,ASM,480000,5110880,5110880
ColorBordes,ASM,480000,4584934,4584934
ColorBordes,ASM,480000,5021256,5021256
ColorBordes,ASM,480000,7119498,7119498
ColorBordes,ASM,480000,7127590,7127590
ColorBordes,ASM,480000,6772052,6772052
ColorBordes,ASM,480000,7424410,7424410
ColorBordes,ASM,480000,7122014,7122014
ColorBordes,ASM,480000,4534716,4534716
ColorBordes,ASM,480000,4565996,4565996
ColorBordes,ASM,480000,4573952,4573952
ColorBordes,ASM,480000,4588708,4588708
ColorBordes,ASM,480000,4510304,4510304
ColorBordes,ASM,480000,9259118,9259118
ColorBordes,ASM,480000,6687358,6687358
ColorBordes,ASM,480000,4619784,4619784
ColorBordes,ASM,480000,4535396,4535396
ColorBordes,ASM,480000,4544134,4544134
ColorBordes,ASM,480000,4534444,4534444
ColorBordes,ASM,480000,7067036,7067036
ColorBordes,ASM,480000,7059216,7059216
ColorBordes,ASM,480000,4514282,4514282
ColorBordes,ASM,480000,5344766,5344766
ColorBordes,ASM,480000,4509386,4509386
ColorBordes,ASM,480000,5808186,5808186
ColorBordes,ASM,480000,4575516,4575516
ColorBordes,ASM,480000,7086450,7086450
ColorBordes,ASM,480000,7273620,7273620
ColorBordes,ASM,480000,5412800,5412800
ColorBordes,ASM,480000,7101138,7101138
ColorBordes,ASM,480000,4554708,4554708
ColorBordes,ASM,480000,4536416,4536416
ColorBordes,ASM,480000,4542502,4542502
ColorBordes,ASM,480000,4546582,4546582
ColorBordes,ASM,480000,4611896,4611896
ColorBordes,ASM,480000,5106868,5106868
ColorBordes,ASM,480000,4551580,4551580
ColorBordes,ASM,480000,4505986,4505986
ColorBordes,ASM,480000,4552634,4552634
ColorBordes,ASM,480000,4744394,4744394
ColorBordes,ASM,480000,4507176,4507176
ColorBordes,ASM,480000,4563820,4563820
ColorBordes,ASM,480000,5619588,5619588
ColorBordes,ASM,480000,7142176,7142176
ColorBordes,ASM,480000,7121640,7121640
ColorBordes,ASM,480000,5984884,5984884
ColorBordes,ASM,480000,7054558,7054558
ColorBordes,ASM,480000,4567900,4567900
ColorBordes,ASM,480000,4546888,4546888
ColorBordes,ASM,480000,4597616,4597616
ColorBordes,ASM,480000,7219628,7219628
ColorBordes,ASM,480000,4967162,4967162
ColorBordes,ASM,480000,6361638,6361638
ColorBordes,ASM,480000,4535974,4535974
ColorBordes,ASM,480000,6414372,6414372
ColorBordes,ASM,480000,4510338,4510338
ColorBordes,ASM,480000,4516526,4516526
ColorBordes,ASM,480000,7032594,7032594
ColorBordes,ASM,480000,6628844,6628844
ColorBordes,ASM,480000,6296324,6296324
ColorBordes,ASM,480000,5965266,5965266
ColorBordes,ASM,480000,4510712,4510712
ColorBordes,ASM,480000,7040142,7040142
ColorBordes,ASM,480000,6690418,6690418
ColorBordes,ASM,480000,4616282,4616282
ColorBordes,ASM,480000,4546004,4546004
ColorBordes,ASM,480000,4593264,4593264
ColorBordes,ASM,480000,6376564,6376564
ColorBordes,ASM,480000,4834970,4834970
ColorBordes,ASM,480000,4529208,4529208
ColorBordes,ASM,480000,4525774,4525774
ColorBordes,ASM,480000,5452308,5452308
ColorBordes,ASM,480000,5095036,5095036
ColorBordes,ASM,480000,4514588,4514588
ColorBordes,ASM,480000,4510780,4510780
ColorBordes,ASM,480000,4932482,4932482
ColorBordes,ASM,480000,4645182,4645182
ColorBordes,ASM,480000,5699760,5699760
ColorBordes,ASM,480000,4532370,4532370
ColorBordes,ASM,480000,4511902,4511902
ColorBordes,ASM,480000,4521286,4521286
ColorBordes,ASM,480000,6531740,6531740
ColorBordes,ASM,480000,4539170,4539170
ColorBordes,ASM,480000,4550628,4550628
ColorBordes,ASM,480000,5027886,5027886
ColorBordes,ASM,480000,4635492,4635492
ColorBordes,ASM,480000,5115062,5115062
ColorBordes,ASM,480000,4547126,4547126
ColorBordes,ASM,480000,6717856,6717856
ColorBordes,ASM,480000,4542638,4542638
ColorBordes,ASM,480000,4515064,4515064
ColorBordes,ASM,480000,7087198,7087198
ColorBordes,ASM,480000,4513092,4513092
ColorBordes,ASM,480000,4505442,4505442
ColorBordes,ASM,480000,5236340,5236340
ColorBordes,ASM,480000,7319078,7319078
ColorBordes,ASM,480000,4514520,4514520
ColorBordes,ASM,480000,7554970,7554970
ColorBordes,ASM,480000,6384554,6384554
ColorBordes,ASM,480000,4930306,4930306
ColorBordes,ASM,480000,4631888,4631888
ColorBordes,ASM,480000,4534138,4534138
ColorBordes,ASM,480000,4510644,4510644
ColorBordes,ASM,480000,4944858,4944858
ColorBordes,ASM,480000,5131654,5131654
ColorBordes,ASM,480000,7102328,7102328
ColorBordes,ASM,480000,6623744,6623744
ColorBordes,ASM,480000,7069144,7069144
ColorBordes,ASM,480000,6056284,6056284
ColorBordes,ASM,480000,4528392,4528392
ColorBordes,ASM,480000,4555830,4555830
ColorBordes,ASM,480000,4513466,4513466
ColorBordes,ASM,480000,9737532,9737532
ColorBordes,ASM,480000,4725150,4725150
ColorBordes,ASM,480000,4763298,4763298
ColorBordes,ASM,480000,4685064,4685064
ColorBordes,ASM,480000,4529004,4529004
ColorBordes,ASM,480000,4582690,4582690
ColorBordes,ASM,480000,4515676,4515676
ColorBordes,ASM,480000,5881184,5881184
ColorBordes,ASM,480000,4548350,4548350
ColorBordes,ASM,480000,6741724,6741724
ColorBordes,ASM,480000,5940752,5940752
ColorBordes,ASM,480000,4855608,4855608
ColorBordes,ASM,480000,7067036,7067036
ColorBordes,ASM,480000,4719880,4719880
ColorBordes,ASM,480000,6962724,6962724
ColorBordes,ASM,480000,5449418,5449418
ColorBordes,ASM,480000,6176950,6176950
ColorBordes,ASM,480000,4530024,4530024
ColorBordes,ASM,480000,7160808,7160808
ColorBordes,ASM,480000,4891580,4891580
ColorBordes,ASM,480000,5444794,5444794
ColorBordes,ASM,480000,4516118,4516118
ColorBordes,ASM,480000,6898872,6898872
ColorBordes,ASM,480000,5460298,5460298
ColorBordes,ASM,480000,5616562,5616562
ColorBordes,ASM,480000,4508842,4508842
ColorBordes,ASM,480000,4526080,4526080
ColorBordes,ASM,480000,4514180,4514180
ColorBordes,ASM,480000,4517886,4517886
ColorBordes,ASM,480000,4636682,4636682
ColorBordes,ASM,480000,4521320,4521320
ColorBordes,ASM,480000,4945232,4945232
ColorBordes,ASM,480000,5336436,5336436
ColorBordes,ASM,480000,4568274,4568274
ColorBordes,ASM,480000,4506394,4506394
ColorBordes,ASM,480000,5940480,5940480
ColorBordes,ASM,480000,4542910,4542910
ColorBordes,ASM,480000,4508332,4508332
ColorBordes,ASM,480000,4509760,4509760
ColorBordes,ASM,480000,6587160,6587160
ColorBordes,ASM,480000,7092264,7092264
ColorBordes,ASM,480000,4696726,4696726
ColorBordes,ASM,480000,6053156,6053156
ColorBordes,ASM,480000,7092468,7092468
ColorBordes,ASM,480000,4518022,4518022
ColorBordes,ASM,480000,4520742,4520742
ColorBordes,ASM,480000,4508570,4508570
ColorBordes,ASM,480000,4523054,4523054
ColorBordes,ASM,480000,5532684,5532684
ColorBordes,ASM,480000,4508060,4508060
ColorBordes,ASM,480000,4695944,4695944
ColorBordes,ASM,480000,4517206,4517206
ColorBordes,ASM,480000,5213254,5213254
ColorBordes,ASM,480000,4562528,4562528
ColorBordes,ASM,480000,4731916,4731916
ColorBordes,ASM,480000,4515540,4515540
ColorBordes,ASM,480000,5002488,5002488
ColorBordes,ASM,480000,7354812,7354812
ColorBordes,ASM,480000,4516594,4516594
ColorBordes,ASM,480000,7481258,7481258
ColorBordes,ASM,480000,5075248,5075248
ColorBordes,ASM,480000,7389322,7389322
ColorBordes,ASM,480000,7114160,7114160
ColorBordes,ASM,480000,7437500,7437500
ColorBordes,ASM,480000,4502348,4502348
ColorBordes,ASM,480000,4649806,4649806
ColorBordes,ASM,480000,4517546,4517546
ColorBordes,ASM,480000,4507108,4507108
ColorBordes,ASM,480000,4826810,4826810
ColorBordes,ASM,480000,4580480,4580480
ColorBordes,ASM,480000,6912676,6912676
ColorBordes,ASM,480000,4666024,4666024
ColorBordes,ASM,480000,4595984,4595984
ColorBordes,ASM,480000,4578338,4578338
ColorBordes,ASM,480000,4619546,4619546
ColorBordes,ASM,480000,4544882,4544882
ColorBordes,ASM,480000,4540326,4540326
ColorBordes,ASM,480000,4520708,4520708
ColorBordes,ASM,480000,4518600,4518600
ColorBordes,ASM,480000,7238702,7238702
ColorBordes,ASM,480000,4662998,4662998
ColorBordes,ASM,480000,5638900,5638900
ColorBordes,ASM,480000,4704852,4704852
ColorBordes,ASM,480000,5367648,5367648
ColorBordes,ASM,480000,4514350,4514350
ColorBordes,ASM,480000,4510678,4510678
ColorBordes,ASM,480000,4527712,4527712
ColorBordes,ASM,480000,6230976,6230976
ColorBordes,ASM,480000,7009984,7009984
ColorBordes,ASM,480000,7126808,7126808
ColorBordes,ASM,480000,6272014,6272014
ColorBordes,ASM,480000,4589524,4589524
ColorBordes,ASM,480000,6477544,6477544
ColorBordes,ASM,480000,6842466,6842466
ColorBordes,ASM,480000,6867898,6867898
ColorBordes,ASM,480000,4556646,4556646
ColorBordes,ASM,480000,4604348,4604348
ColorBordes,ASM,480000,5620676,5620676
ColorBordes,ASM,480000,4588776,4588776
ColorBordes,ASM,480000,5695816,5695816
ColorBordes,ASM,480000,4541856,4541856
ColorBordes,ASM,480000,4537334,4537334
ColorBordes,ASM,480000,4544542,4544542
ColorBordes,ASM,480000,4524176,4524176
ColorBordes,ASM,480000,6589302,6589302
ColorBordes,ASM,480000,5582052,5582052
ColorBordes,ASM,480000,7053028,7053028
ColorBordes,ASM,480000,4943668,4943668
ColorBordes,ASM,480000,4518634,4518634
ColorBordes,ASM,480000,4787846,4787846
ColorBordes,ASM,480000,5576000,5576000
ColorBordes,ASM,480000,4644366,4644366
ColorBordes,ASM,480000,5215022,5215022
ColorBordes,ASM,480000,5477196,5477196
ColorBordes,ASM,480000,5153686,5153686
ColorBordes,ASM,480000,5936978,5936978
ColorBordes,ASM,480000,5544686,5544686
ColorBordes,ASM,480000,4908512,4908512
ColorBordes,ASM,480000,5039446,5039446
ColorBordes,ASM,480000,4557020,4557020
ColorBordes,ASM,480000,5429528,5429528
ColorBordes,ASM,480000,4521014,4521014
ColorBordes,ASM,480000,4534036,4534036
ColorBordes,ASM,480000,7077032,7077032
ColorBordes,ASM,480000,4518702,4518702
ColorBordes,ASM,480000,4517546,4517546
ColorBordes,ASM,480000,7149656,7149656
ColorBordes,ASM,480000,4684690,4684690
ColorBordes,ASM,480000,4511800,4511800
ColorBordes,ASM,480000,5238720,5238720
ColorBordes,ASM,480000,4520232,4520232
ColorBordes,ASM,480000,4509454,4509454
ColorBordes,ASM,480000,4514622,4514622
ColorBordes,ASM,480000,4527882,4527882
ColorBordes,ASM,480000,4514486,4514486
ColorBordes,ASM,480000,4507584,4507584
ColorBordes,ASM,480000,4514044,4514044
ColorBordes,ASM,480000,4547058,4547058
ColorBordes,ASM,480000,4525332,4525332
ColorBordes,ASM,480000,7059352,7059352
ColorBordes,ASM,480000,4512854,4512854
ColorBordes,ASM,480000,7238804,7238804
ColorBordes,ASM,480000,7618584,7618584
ColorBordes,ASM,480000,6965172,6965172
ColorBordes,ASM,480000,6647578,6647578
ColorBordes,ASM,480000,6025004,6025004
ColorBordes,ASM,480000,5287952,5287952
ColorBordes,ASM,480000,5728728,5728728
ColorBordes,ASM,480000,5832530,5832530
ColorBordes,ASM,480000,4536382,4536382
ColorBordes,ASM,480000,4595236,4595236
ColorBordes,ASM,480000,5089800,5089800
ColorBordes,ASM,480000,4675918,4675918
ColorBordes,ASM,480000,9582186,9582186
ColorBordes,ASM,480000,4602852,4602852
ColorBordes,ASM,480000,4553858,4553858
ColorBordes,ASM,480000,4585920,4585920
ColorBordes,ASM,480000,4516594,4516594
ColorBordes,ASM,480000,5257488,5257488
ColorBordes,ASM,480000,7053776,7053776
ColorBordes,ASM,480000,7225748,7225748
ColorBordes,ASM,480000,4526216,4526216
ColorBordes,ASM,480000,4560998,4560998
ColorBordes,ASM,480000,7067920,7067920
ColorBordes,ASM,480000,7247542,7247542
ColorBordes,ASM,480000,5753888,5753888
ColorBordes,ASM,480000,4569838,4569838
ColorBordes,ASM,480000,4580616,4580616
ColorBordes,ASM,480000,6930118,6930118
ColorBordes,ASM,480000,4537028,4537028
ColorBordes,ASM,480000,4530636,4530636
ColorBordes,ASM,480000,4733208,4733208
ColorBordes,ASM,480000,4554096,4554096
ColorBordes,ASM,480000,5857962,5857962
ColorBordes,ASM,480000,4610196,4610196
ColorBordes,ASM,480000,7541506,7541506
ColorBordes,ASM,480000,4654328,4654328
ColorBordes,ASM,480000,4517036,4517036
ColorBordes,ASM,480000,4918542,4918542
ColorBordes,ASM,1920000,28553098,28553098
ColorBordes,ASM,1920000,22698400,22698400
ColorBordes,ASM,1920000,29497958,29497958
ColorBordes,ASM,1920000,28607702,28607702
ColorBordes,ASM,1920000,18160250,18160250
ColorBordes,ASM,1920000,18212270,18212270
ColorBordes,ASM,1920000,19174164,19174164
ColorBordes,ASM,1920000,18235458,18235458
ColorBordes,ASM,1920000,18250792,18250792
ColorBordes,ASM,1920000,18749470,18749470
ColorBordes,ASM,1920000,20193586,20193586
ColorBordes,ASM,1920000,28645714,28645714
ColorBordes,ASM,1920000,27213362,27213362
ColorBordes,ASM,1920000,18133764,18133764
ColorBordes,ASM,1920000,18190578,18190578
ColorBordes,ASM,1920000,18205470,18205470
ColorBordes,ASM,1920000,18050056,18050056
ColorBordes,ASM,1920000,20817656,20817656
ColorBordes,ASM,1920000,18364590,18364590
ColorBordes,ASM,1920000,18151954,18151954
ColorBordes,ASM,1920000,22794926,22794926
ColorBordes,ASM,1920000,19252398,19252398
ColorBordes,ASM,1920000,19102254,19102254
ColorBordes,ASM,1920000,18238926,18238926
ColorBordes,ASM,1920000,18337560,18337560
ColorBordes,ASM,1920000,19230910,19230910
ColorBordes,ASM,1920000,18577056,18577056
ColorBordes,ASM,1920000,21139398,21139398
ColorBordes,ASM,1920000,18054238,18054238
ColorBordes,ASM,1920000,22238380,22238380
ColorBordes,ASM,1920000,18083682,18083682
ColorBordes,ASM,1920000,23767666,23767666
ColorBordes,ASM,1920000,18939768,18939768
ColorBordes,ASM,1920000,18128052,18128052
ColorBordes,ASM,1920000,28230268,28230268
ColorBordes,ASM,1920000,18124448,18124448
ColorBordes,ASM,1920000,18098302,18098302
ColorBordes,ASM,1920000,18350276,18350276
ColorBordes,ASM,1920000,18710200,18710200
ColorBordes,ASM,1920000,18388968,18388968
ColorBordes,ASM,1920000,29201818,29201818
ColorBordes,ASM,1920000,20712766,20712766
ColorBordes,ASM,1920000,18366766,18366766
ColorBordes,ASM,1920000,28823092,28823092
ColorBordes,ASM,1920000,23011370,23011370
ColorBordes,ASM,1920000,21689144,21689144
ColorBordes,ASM,1920000,19322302,19322302
ColorBordes,ASM,1920000,18098166,18098166
ColorBordes,ASM,1920000,18045534,18045534
ColorBordes,ASM,1920000,18728254,18728254
ColorBordes,ASM,1920000,20782024,20782024
ColorBordes,ASM,1920000,20366918,20366918
ColorBordes,ASM,1920000,18106564,18106564
ColorBordes,ASM,1920000,18320424,18320424
ColorBordes,ASM,1920000,27272964,27272964
ColorBordes,ASM,1920000,19890170,19890170
ColorBordes,ASM,1920000,23260590,23260590
ColorBordes,ASM,1920000,19330564,19330564
ColorBordes,ASM,1920000,22353130,22353130
ColorBordes,ASM,1920000,18161202,18161202
ColorBordes,ASM,1920000,19877250,19877250
ColorBordes,ASM,1920000,20700560,20700560
ColorBordes,ASM,1920000,20404828,20404828
ColorBordes,ASM,1920000,18236512,18236512
ColorBordes,ASM,1920000,18313794,18313794
ColorBordes,ASM,1920000,18361394,18361394
ColorBordes,ASM,1920000,21150108,21150108
ColorBordes,ASM,1920000,19519468,19519468
ColorBordes,ASM,1920000,18213324,18213324
ColorBordes,ASM,1920000,20743808,20743808
ColorBordes,ASM,1920000,19502060,19502060
ColorBordes,ASM,1920000,20252406,20252406
ColorBordes,ASM,1920000,18776330,18776330
ColorBordes,ASM,1920000,18543464,18543464
ColorBordes,ASM,1920000,27686438,27686438
ColorBordes,ASM,1920000,44121324,44121324
ColorBordes,ASM,1920000,19935900,19935900
ColorBordes,ASM,1920000,18206388,18206388
ColorBordes,ASM,1920000,18049308,18049308
ColorBordes,ASM,1920000,18141312,18141312
ColorBordes,ASM,1920000,18193740,18193740
ColorBordes,ASM,1920000,25320684,25320684
ColorBordes,ASM,1920000,18668686,18668686
ColorBordes,ASM,1920000,18171980,18171980
ColorBordes,ASM,1920000,21544644,21544644
ColorBordes,ASM,1920000,21714984,21714984
ColorBordes,ASM,1920000,18266670,18266670
ColorBordes,ASM,1920000,18484984,18484984
ColorBordes,ASM,1920000,20842850,20842850
ColorBordes,ASM,1920000,18814682,18814682
ColorBordes,ASM,1920000,20838158,20838158
ColorBordes,ASM,1920000,23475300,23475300
ColorBordes,ASM,1920000,18076644,18076644
ColorBordes,ASM,1920000,23939502,23939502
ColorBordes,ASM,1920000,21116380,21116380
ColorBordes,ASM,1920000,18407974,18407974
ColorBordes,ASM,1920000,18694560,18694560
ColorBordes,ASM,1920000,22017176,22017176
ColorBordes,ASM,1920000,20927714,20927714
ColorBordes,ASM,1920000,19646934,19646934
ColorBordes,ASM,1920000,19401114,19401114
ColorBordes,ASM,1920000,21789342,21789342
ColorBordes,ASM,1920000,23806970,23806970
ColorBordes,ASM,1920000,19607222,19607222
ColorBordes,ASM,1920000,19603720,19603720
ColorBordes,ASM,1920000,26647772,26647772
ColorBordes,ASM,1920000,18284282,18284282
ColorBordes,ASM,1920000,20625080,20625080
ColorBordes,ASM,1920000,18466318,18466318
ColorBordes,ASM,1920000,22306754,22306754
ColorBordes,ASM,1920000,21100570,21100570
ColorBordes,ASM,1920000,20751050,20751050
ColorBordes,ASM,1920000,28317240,28317240
ColorBordes,ASM,1920000,18852014,18852014
ColorBordes,ASM,1920000,21447302,21447302
ColorBordes,ASM,1920000,21586260,21586260
ColorBordes,ASM,1920000,18818694,18818694
ColorBordes,ASM,1920000,20865834,20865834
ColorBordes,ASM,1920000,24683252,24683252
ColorBordes,ASM,1920000,19857156,19857156
ColorBordes,ASM,1920000,18139612,18139612
ColorBordes,ASM,1920000,18104388,18104388
ColorBordes,ASM,1920000,18321546,18321546
ColorBordes,ASM,1920000,21888894,21888894
ColorBordes,ASM,1920000,18582020,18582020
ColorBordes,ASM,1920000,20301842,20301842
ColorBordes,ASM,1920000,22821990,22821990
ColorBordes,ASM,1920000,18206966,18206966
ColorBordes,ASM,1920000,18044582,18044582
ColorBordes,ASM,1920000,18688508,18688508
ColorBordes,ASM,1920000,18241476,18241476
ColorBordes,ASM,1920000,18102552,18102552
ColorBordes,ASM,1920000,20889974,20889974
ColorBordes,ASM,1920000,19401148,19401148
ColorBordes,ASM,1920000,22653452,22653452
ColorBordes,ASM,1920000,21716718,21716718
ColorBordes,ASM,1920000,20605632,20605632
ColorBordes,ASM,1920000,18542478,18542478
ColorBordes,ASM,1920000,19880548,19880548
ColorBordes,ASM,1920000,18756372,18756372
ColorBordes,ASM,1920000,23708098,23708098
ColorBordes,ASM,1920000,18103980,18103980
ColorBordes,ASM,1920000,18146786,18146786
ColorBordes,ASM,1920000,18168172,18168172
ColorBordes,ASM,1920000,18131622,18131622
ColorBordes,ASM,1920000,20577072,20577072
ColorBordes,ASM,1920000,18791596,18791596
ColorBordes,ASM,1920000,18275068,18275068
ColorBordes,ASM,1920000,18682660,18682660
ColorBordes,ASM,1920000,18093814,18093814
ColorBordes,ASM,1920000,18040706,18040706
ColorBordes,ASM,1920000,18144440,18144440
ColorBordes,ASM,1920000,18042576,18042576
ColorBordes,ASM,1920000,18097724,18097724
ColorBordes,ASM,1920000,18238348,18238348
ColorBordes,ASM,1920000,19496212,19496212
ColorBordes,ASM,1920000,18475566,18475566
ColorBordes,ASM,1920000,18269764,18269764
ColorBordes,ASM,1920000,18336132,18336132
ColorBordes,ASM,1920000,18404336,18404336
ColorBordes,ASM,1920000,18081234,18081234
ColorBordes,ASM,1920000,19332774,19332774
ColorBordes,ASM,1920000,19524296,19524296
ColorBordes,ASM,1920000,18218492,18218492
ColorBordes,ASM,1920000,18090992,18090992
ColorBordes,ASM,1920000,18221892,18221892
ColorBordes,ASM,1920000,18521840,18521840
ColorBordes,ASM,1920000,18150322,18150322
ColorBordes,ASM,1920000,18080894,18080894
ColorBordes,ASM,1920000,18085314,18085314
ColorBordes,ASM,1920000,18133696,18133696
ColorBordes,ASM,1920000,18361632,18361632
ColorBordes,ASM,1920000,18211998,18211998
ColorBordes,ASM,1920000,18433202,18433202
ColorBordes,ASM,1920000,18947520,18947520
ColorBordes,ASM,1920000,25088600,25088600
ColorBordes,ASM,1920000,18052096,18052096
ColorBordes,ASM,1920000,19046562,19046562
ColorBordes,ASM,1920000,18030608,18030608
ColorBordes,ASM,1920000,18338274,18338274
ColorBordes,ASM,1920000,21116550,21116550
ColorBordes,ASM,1920000,18210536,18210536
ColorBordes,ASM,1920000,18129446,18129446
ColorBordes,ASM,1920000,18084362,18084362
ColorBordes,ASM,1920000,18045976,18045976
ColorBordes,ASM,1920000,18815736,18815736
ColorBordes,ASM,1920000,18491954,18491954
ColorBordes,ASM,1920000,18194624,18194624
ColorBordes,ASM,1920000,18699660,18699660
ColorBordes,ASM,1920000,20479288,20479288
ColorBordes,ASM,1920000,21318034,21318034
ColorBordes,ASM,1920000,18092318,18092318
ColorBordes,ASM,1920000,18050362,18050362
ColorBordes,ASM,1920000,18131214,18131214
ColorBordes,ASM,1920000,18101600,18101600
ColorBordes,ASM,1920000,18126080,18126080
ColorBordes,ASM,1920000,18042066,18042066
ColorBordes,ASM,1920000,18166676,18166676
ColorBordes,ASM,1920000,18934226,18934226
ColorBordes,ASM,1920000,20667172,20667172
ColorBordes,ASM,1920000,20773864,20773864
ColorBordes,ASM,1920000,18532482,18532482
ColorBordes,ASM,1920000,22116354,22116354
ColorBordes,ASM,1920000,18240422,18240422
ColorBordes,ASM,1920000,18133628,18133628
ColorBordes,ASM,1920000,18247290,18247290
ColorBordes,ASM,1920000,18667428,18667428
ColorBordes,ASM,1920000,18802918,18802918
ColorBordes,ASM,1920000,25045658,25045658
ColorBordes,ASM,1920000,20405984,20405984
ColorBordes,ASM,1920000,21946252,21946252
ColorBordes,ASM,1920000,19782254,19782254
ColorBordes,ASM,1920000,19445620,19445620
ColorBordes,ASM,1920000,18466182,18466182
ColorBordes,ASM,1920000,19825842,19825842
ColorBordes,ASM,1920000,22730156,22730156
ColorBordes,ASM,1920000,20602130,20602130
ColorBordes,ASM,1920000,19087396,19087396
ColorBordes,ASM,1920000,19884050,19884050
ColorBordes,ASM,1920000,18143726,18143726
ColorBordes,ASM,1920000,19566048,19566048
ColorBordes,ASM,1920000,18471180,18471180
ColorBordes,ASM,1920000,18264766,18264766
ColorBordes,ASM,1920000,18094358,18094358
ColorBordes,ASM,1920000,19021640,19021640
ColorBordes,ASM,1920000,19136288,19136288
ColorBordes,ASM,1920000,21844966,21844966
ColorBordes,ASM,1920000,18105034,18105034
ColorBordes,ASM,1920000,23318832,23318832
ColorBordes,ASM,1920000,18170246,18170246
ColorBordes,ASM,1920000,18137640,18137640
ColorBordes,ASM,1920000,18164024,18164024
ColorBordes,ASM,1920000,18755420,18755420
ColorBordes,ASM,1920000,19721292,19721292
ColorBordes,ASM,1920000,18782450,18782450
ColorBordes,ASM,1920000,19134996,19134996
ColorBordes,ASM,1920000,23785448,23785448
ColorBordes,ASM,1920000,18200778,18200778
ColorBordes,ASM,1920000,20903642,20903642
ColorBordes,ASM,1920000,20393982,20393982
ColorBordes,ASM,1920000,19404888,19404888
ColorBordes,ASM,1920000,18464686,18464686
ColorBordes,ASM,1920000,18789284,18789284
ColorBordes,ASM,1920000,20411594,20411594
ColorBordes,ASM,1920000,21065958,21065958
ColorBordes,ASM,1920000,19049996,19049996
ColorBordes,ASM,1920000,18046452,18046452
ColorBordes,ASM,1920000,18260618,18260618
ColorBordes,ASM,1920000,18048322,18048322
ColorBordes,ASM,1920000,18099526,18099526
ColorBordes,ASM,1920000,19449530,19449530
ColorBordes,ASM,1920000,19262428,19262428
ColorBordes,ASM,1920000,22216586,22216586
ColorBordes,ASM,1920000,18394510,18394510
ColorBordes,ASM,1920000,18041590,18041590
ColorBordes,ASM,1920000,18154028,18154028
ColorBordes,ASM,1920000,18550298,18550298
ColorBordes,ASM,1920000,19330598,19330598
ColorBordes,ASM,1920000,18688032,18688032
ColorBordes,ASM,1920000,18897676,18897676
ColorBordes,ASM,1920000,18542342,18542342
ColorBordes,ASM,1920000,24545246,24545246
ColorBordes,ASM,1920000,20461778,20461778
ColorBordes,ASM,1920000,18118702,18118702
ColorBordes,ASM,1920000,18047642,18047642
ColorBordes,ASM,1920000,21352374,21352374
ColorBordes,ASM,1920000,18924876,18924876
ColorBordes,ASM,1920000,19465782,19465782
ColorBordes,ASM,1920000,18050056,18050056
ColorBordes,ASM,1920000,19346782,19346782
ColorBordes,ASM,1920000,22702956,22702956
ColorBordes,ASM,1920000,22646652,22646652
ColorBordes,ASM,1920000,18616870,18616870
ColorBordes,ASM,1920000,19288710,19288710
ColorBordes,ASM,1920000,18347828,18347828
ColorBordes,ASM,1920000,19337636,19337636
ColorBordes,ASM,1920000,18044922,18044922
ColorBordes,ASM,1920000,18112922,18112922
ColorBordes,ASM,1920000,18154572,18154572
ColorBordes,ASM,1920000,18093780,18093780
ColorBordes,ASM,1920000,19201194,19201194
ColorBordes,ASM,1920000,19679608,19679608
ColorBordes,ASM,1920000,18333514,18333514
ColorBordes,ASM,1920000,18468494,18468494
ColorBordes,ASM,1920000,18446394,18446394
ColorBordes,ASM,1920000,18369180,18369180
ColorBordes,ASM,1920000,18823386,18823386
ColorBordes,ASM,1920000,18747702,18747702
ColorBordes,ASM,1920000,21456822,21456822
ColorBordes,ASM,1920000,18134852,18134852
ColorBordes,ASM,1920000,18155286,18155286
ColorBordes,ASM,1920000,18097112,18097112
ColorBordes,ASM,1920000,18644716,18644716
ColorBordes,ASM,1920000,18695376,18695376
ColorBordes,ASM,1920000,19015758,19015758
ColorBordes,ASM,1920000,18897064,18897064
ColorBordes,ASM,1920000,18388084,18388084
ColorBordes,ASM,1920000,18502426,18502426
ColorBordes,ASM,1920000,18385704,18385704
ColorBordes,ASM,1920000,18331270,18331270
