ImagenFantasma,ASM,512,11730,11730
ImagenFantasma,ASM,512,11560,11560
ImagenFantasma,ASM,512,16422,16422
ImagenFantasma,ASM,512,11356,11356
ImagenFantasma,ASM,512,12274,12274
ImagenFantasma,ASM,512,11560,11560
ImagenFantasma,ASM,512,10982,10982
ImagenFantasma,ASM,512,11662,11662
ImagenFantasma,ASM,512,11288,11288
ImagenFantasma,ASM,512,11866,11866
ImagenFantasma,ASM,512,22066,22066
ImagenFantasma,ASM,512,12036,12036
ImagenFantasma,ASM,512,11662,11662
ImagenFantasma,ASM,512,10880,10880
ImagenFantasma,ASM,512,11900,11900
ImagenFantasma,ASM,512,11322,11322
ImagenFantasma,ASM,512,11084,11084
ImagenFantasma,ASM,512,14212,14212
ImagenFantasma,ASM,512,10608,10608
ImagenFantasma,ASM,512,10880,10880
ImagenFantasma,ASM,512,11050,11050
ImagenFantasma,ASM,512,11934,11934
ImagenFantasma,ASM,512,11560,11560
ImagenFantasma,ASM,512,11458,11458
ImagenFantasma,ASM,512,11934,11934
ImagenFantasma,ASM,512,12036,12036
ImagenFantasma,ASM,512,12750,12750
ImagenFantasma,ASM,512,12308,12308
ImagenFantasma,ASM,512,13770,13770
ImagenFantasma,ASM,512,12716,12716
ImagenFantasma,ASM,512,11934,11934
ImagenFantasma,ASM,512,14518,14518
ImagenFantasma,ASM,512,11730,11730
ImagenFantasma,ASM,512,13328,13328
ImagenFantasma,ASM,512,12138,12138
ImagenFantasma,ASM,512,11390,11390
ImagenFantasma,ASM,512,11186,11186
ImagenFantasma,ASM,512,11186,11186
ImagenFantasma,ASM,512,10914,10914
ImagenFantasma,ASM,512,11050,11050
ImagenFantasma,ASM,512,11050,11050
ImagenFantasma,ASM,512,12104,12104
ImagenFantasma,ASM,512,12138,12138
ImagenFantasma,ASM,512,11322,11322
ImagenFantasma,ASM,512,12512,12512
ImagenFantasma,ASM,512,11152,11152
ImagenFantasma,ASM,512,10914,10914
ImagenFantasma,ASM,512,12308,12308
ImagenFantasma,ASM,512,11050,11050
ImagenFantasma,ASM,512,11050,11050
ImagenFantasma,ASM,512,11288,11288
ImagenFantasma,ASM,512,10812,10812
ImagenFantasma,ASM,512,11390,11390
ImagenFantasma,ASM,512,11934,11934
ImagenFantasma,ASM,512,10812,10812
ImagenFantasma,ASM,512,11356,11356
ImagenFantasma,ASM,512,12818,12818
ImagenFantasma,ASM,512,11458,11458
ImagenFantasma,ASM,512,13838,13838
ImagenFantasma,ASM,512,11900,11900
ImagenFantasma,ASM,512,12172,12172
ImagenFantasma,ASM,512,12444,12444
ImagenFantasma,ASM,512,11050,11050
ImagenFantasma,ASM,512,11662,11662
ImagenFantasma,ASM,512,14042,14042
ImagenFantasma,ASM,512,10812,10812
ImagenFantasma,ASM,512,10846,10846
ImagenFantasma,ASM,512,14178,14178
ImagenFantasma,ASM,512,12206,12206
ImagenFantasma,ASM,512,11220,11220
ImagenFantasma,ASM,512,10846,10846
ImagenFantasma,ASM,512,10608,10608
ImagenFantasma,ASM,512,11254,11254
ImagenFantasma,ASM,512,12002,12002
ImagenFantasma,ASM,512,10778,10778
ImagenFantasma,ASM,512,11628,11628
ImagenFantasma,ASM,512,11424,11424
ImagenFantasma,ASM,512,11526,11526
ImagenFantasma,ASM,512,18122,18122
ImagenFantasma,ASM,512,11152,11152
ImagenFantasma,ASM,512,18394,18394
ImagenFantasma,ASM,512,11050,11050
ImagenFantasma,ASM,512,11186,11186
ImagenFantasma,ASM,512,11696,11696
ImagenFantasma,ASM,512,11798,11798
ImagenFantasma,ASM,512,10948,10948
ImagenFantasma,ASM,512,10880,10880
ImagenFantasma,ASM,512,11764,11764
ImagenFantasma,ASM,512,10982,10982
ImagenFantasma,ASM,512,10812,10812
ImagenFantasma,ASM,512,11492,11492
ImagenFantasma,ASM,512,11356,11356
ImagenFantasma,ASM,512,12682,12682
ImagenFantasma,ASM,512,11730,11730
ImagenFantasma,ASM,512,11662,11662
ImagenFantasma,ASM,512,11288,11288
ImagenFantasma,ASM,512,11152,11152
ImagenFantasma,ASM,512,10778,10778
ImagenFantasma,ASM,512,10778,10778
ImagenFantasma,ASM,512,12546,12546
ImagenFantasma,ASM,512,12750,12750
ImagenFantasma,ASM,512,11356,11356
ImagenFantasma,ASM,512,13022,13022
ImagenFantasma,ASM,512,11764,11764
ImagenFantasma,ASM,512,13260,13260
ImagenFantasma,ASM,512,11662,11662
ImagenFantasma,ASM,512,11934,11934
ImagenFantasma,ASM,512,11866,11866
ImagenFantasma,ASM,512,13532,13532
ImagenFantasma,ASM,512,10778,10778
ImagenFantasma,ASM,512,10846,10846
ImagenFantasma,ASM,512,11968,11968
ImagenFantasma,ASM,512,11832,11832
ImagenFantasma,ASM,512,11934,11934
ImagenFantasma,ASM,512,13056,13056
ImagenFantasma,ASM,512,13022,13022
ImagenFantasma,ASM,512,11798,11798
ImagenFantasma,ASM,512,11322,11322
ImagenFantasma,ASM,512,11288,11288
ImagenFantasma,ASM,512,12274,12274
ImagenFantasma,ASM,512,14280,14280
ImagenFantasma,ASM,512,11764,11764
ImagenFantasma,ASM,512,18156,18156
ImagenFantasma,ASM,512,12852,12852
ImagenFantasma,ASM,512,14246,14246
ImagenFantasma,ASM,512,18326,18326
ImagenFantasma,ASM,512,18292,18292
ImagenFantasma,ASM,512,14280,14280
ImagenFantasma,ASM,512,11866,11866
ImagenFantasma,ASM,512,11050,11050
ImagenFantasma,ASM,512,17374,17374
ImagenFantasma,ASM,512,11356,11356
ImagenFantasma,ASM,512,11254,11254
ImagenFantasma,ASM,512,11526,11526
ImagenFantasma,ASM,512,11764,11764
ImagenFantasma,ASM,512,11866,11866
ImagenFantasma,ASM,512,11696,11696
ImagenFantasma,ASM,512,12342,12342
ImagenFantasma,ASM,512,11016,11016
ImagenFantasma,ASM,512,12410,12410
ImagenFantasma,ASM,512,11220,11220
ImagenFantasma,ASM,512,13600,13600
ImagenFantasma,ASM,512,12682,12682
ImagenFantasma,ASM,512,11458,11458
ImagenFantasma,ASM,512,12342,12342
ImagenFantasma,ASM,512,10948,10948
ImagenFantasma,ASM,512,13362,13362
ImagenFantasma,ASM,512,11016,11016
ImagenFantasma,ASM,512,11084,11084
ImagenFantasma,ASM,512,11900,11900
ImagenFantasma,ASM,512,11458,11458
ImagenFantasma,ASM,512,11764,11764
ImagenFantasma,ASM,512,11084,11084
ImagenFantasma,ASM,512,12444,12444
ImagenFantasma,ASM,512,11594,11594
ImagenFantasma,ASM,512,12546,12546
ImagenFantasma,ASM,512,11220,11220
ImagenFantasma,ASM,512,10948,10948
ImagenFantasma,ASM,512,12886,12886
ImagenFantasma,ASM,512,10914,10914
ImagenFantasma,ASM,512,10948,10948
ImagenFantasma,ASM,512,11152,11152
ImagenFantasma,ASM,512,11220,11220
ImagenFantasma,ASM,512,11084,11084
ImagenFantasma,ASM,512,11118,11118
ImagenFantasma,ASM,512,11764,11764
ImagenFantasma,ASM,512,12716,12716
ImagenFantasma,ASM,512,11254,11254
ImagenFantasma,ASM,512,11118,11118
ImagenFantasma,ASM,512,11118,11118
ImagenFantasma,ASM,512,10982,10982
ImagenFantasma,ASM,512,11016,11016
ImagenFantasma,ASM,512,10676,10676
ImagenFantasma,ASM,512,11356,11356
ImagenFantasma,ASM,512,10914,10914
ImagenFantasma,ASM,512,10982,10982
ImagenFantasma,ASM,512,11152,11152
ImagenFantasma,ASM,512,10812,10812
ImagenFantasma,ASM,512,11084,11084
ImagenFantasma,ASM,512,10880,10880
ImagenFantasma,ASM,512,10982,10982
ImagenFantasma,ASM,512,11560,11560
ImagenFantasma,ASM,512,11050,11050
ImagenFantasma,ASM,512,11526,11526
ImagenFantasma,ASM,512,11050,11050
ImagenFantasma,ASM,512,10914,10914
ImagenFantasma,ASM,512,11016,11016
ImagenFantasma,ASM,512,10948,10948
ImagenFantasma,ASM,512,10982,10982
ImagenFantasma,ASM,512,16422,16422
ImagenFantasma,ASM,512,12308,12308
ImagenFantasma,ASM,512,11628,11628
ImagenFantasma,ASM,512,11764,11764
ImagenFantasma,ASM,512,12308,12308
ImagenFantasma,ASM,512,11050,11050
ImagenFantasma,ASM,512,23902,23902
ImagenFantasma,ASM,512,13328,13328
ImagenFantasma,ASM,512,13566,13566
ImagenFantasma,ASM,512,13804,13804
ImagenFantasma,ASM,512,11900,11900
ImagenFantasma,ASM,512,10948,10948
ImagenFantasma,ASM,512,11118,11118
ImagenFantasma,ASM,512,12308,12308
ImagenFantasma,ASM,512,10846,10846
ImagenFantasma,ASM,512,10812,10812
ImagenFantasma,ASM,512,22474,22474
ImagenFantasma,ASM,512,12784,12784
ImagenFantasma,ASM,512,11288,11288
ImagenFantasma,ASM,512,11492,11492
ImagenFantasma,ASM,512,11628,11628
ImagenFantasma,ASM,512,11560,11560
ImagenFantasma,ASM,512,12002,12002
ImagenFantasma,ASM,512,14756,14756
ImagenFantasma,ASM,512,13022,13022
ImagenFantasma,ASM,512,11390,11390
ImagenFantasma,ASM,512,11118,11118
ImagenFantasma,ASM,512,11832,11832
ImagenFantasma,ASM,512,11526,11526
ImagenFantasma,ASM,512,12852,12852
ImagenFantasma,ASM,512,12852,12852
ImagenFantasma,ASM,512,10948,10948
ImagenFantasma,ASM,512,11186,11186
ImagenFantasma,ASM,512,11662,11662
ImagenFantasma,ASM,512,12138,12138
ImagenFantasma,ASM,512,11458,11458
ImagenFantasma,ASM,512,11526,11526
ImagenFantasma,ASM,512,12036,12036
ImagenFantasma,ASM,512,11526,11526
ImagenFantasma,ASM,512,12002,12002
ImagenFantasma,ASM,512,11424,11424
ImagenFantasma,ASM,512,11254,11254
ImagenFantasma,ASM,512,11968,11968
ImagenFantasma,ASM,512,11220,11220
ImagenFantasma,ASM,512,12818,12818
ImagenFantasma,ASM,512,11118,11118
ImagenFantasma,ASM,512,11118,11118
ImagenFantasma,ASM,512,13906,13906
ImagenFantasma,ASM,512,11186,11186
ImagenFantasma,ASM,512,11458,11458
ImagenFantasma,ASM,512,10914,10914
ImagenFantasma,ASM,512,11458,11458
ImagenFantasma,ASM,512,11220,11220
ImagenFantasma,ASM,512,10880,10880
ImagenFantasma,ASM,512,11934,11934
ImagenFantasma,ASM,512,11322,11322
ImagenFantasma,ASM,512,11424,11424
ImagenFantasma,ASM,512,11254,11254
ImagenFantasma,ASM,512,11084,11084
ImagenFantasma,ASM,512,11220,11220
ImagenFantasma,ASM,512,11696,11696
ImagenFantasma,ASM,512,11390,11390
ImagenFantasma,ASM,512,11322,11322
ImagenFantasma,ASM,512,11288,11288
ImagenFantasma,ASM,512,11492,11492
ImagenFantasma,ASM,512,11220,11220
ImagenFantasma,ASM,512,11186,11186
ImagenFantasma,ASM,512,60180,60180
ImagenFantasma,ASM,512,11390,11390
ImagenFantasma,ASM,512,11628,11628
ImagenFantasma,ASM,512,11356,11356
ImagenFantasma,ASM,512,12342,12342
ImagenFantasma,ASM,512,11866,11866
ImagenFantasma,ASM,512,11662,11662
ImagenFantasma,ASM,512,11118,11118
ImagenFantasma,ASM,512,12376,12376
ImagenFantasma,ASM,512,10812,10812
ImagenFantasma,ASM,512,12206,12206
ImagenFantasma,ASM,512,10812,10812
ImagenFantasma,ASM,512,14892,14892
ImagenFantasma,ASM,512,11152,11152
ImagenFantasma,ASM,512,11016,11016
ImagenFantasma,ASM,512,11118,11118
ImagenFantasma,ASM,512,12410,12410
ImagenFantasma,ASM,512,10778,10778
ImagenFantasma,ASM,512,11186,11186
ImagenFantasma,ASM,512,15946,15946
ImagenFantasma,ASM,512,12954,12954
ImagenFantasma,ASM,512,13634,13634
ImagenFantasma,ASM,512,12716,12716
ImagenFantasma,ASM,512,11900,11900
ImagenFantasma,ASM,512,10812,10812
ImagenFantasma,ASM,512,10982,10982
ImagenFantasma,ASM,512,11152,11152
ImagenFantasma,ASM,512,10846,10846
ImagenFantasma,ASM,512,11356,11356
ImagenFantasma,ASM,512,11084,11084
ImagenFantasma,ASM,512,12308,12308
ImagenFantasma,ASM,512,11356,11356
ImagenFantasma,ASM,512,12240,12240
ImagenFantasma,ASM,512,11356,11356
ImagenFantasma,ASM,512,11186,11186
ImagenFantasma,ASM,512,15096,15096
ImagenFantasma,ASM,512,11900,11900
ImagenFantasma,ASM,512,11560,11560
ImagenFantasma,ASM,512,11390,11390
ImagenFantasma,ASM,512,11220,11220
ImagenFantasma,ASM,512,11492,11492
ImagenFantasma,ASM,512,10914,10914
ImagenFantasma,ASM,512,13022,13022
ImagenFantasma,ASM,512,11254,11254
ImagenFantasma,ASM,2048,42432,42432
ImagenFantasma,ASM,2048,41956,41956
ImagenFantasma,ASM,2048,41888,41888
ImagenFantasma,ASM,2048,42636,42636
ImagenFantasma,ASM,2048,41786,41786
ImagenFantasma,ASM,2048,41752,41752
ImagenFantasma,ASM,2048,41820,41820
ImagenFantasma,ASM,2048,41854,41854
ImagenFantasma,ASM,2048,41854,41854
ImagenFantasma,ASM,2048,41752,41752
ImagenFantasma,ASM,2048,41752,41752
ImagenFantasma,ASM,2048,41888,41888
ImagenFantasma,ASM,2048,41752,41752
ImagenFantasma,ASM,2048,41752,41752
ImagenFantasma,ASM,2048,46240,46240
ImagenFantasma,ASM,2048,43214,43214
ImagenFantasma,ASM,2048,58310,58310
ImagenFantasma,ASM,2048,45220,45220
ImagenFantasma,ASM,2048,48008,48008
ImagenFantasma,ASM,2048,48144,48144
ImagenFantasma,ASM,2048,43724,43724
ImagenFantasma,ASM,2048,51816,51816
ImagenFantasma,ASM,2048,54400,54400
ImagenFantasma,ASM,2048,42228,42228
ImagenFantasma,ASM,2048,42738,42738
ImagenFantasma,ASM,2048,44948,44948
ImagenFantasma,ASM,2048,50830,50830
ImagenFantasma,ASM,2048,41990,41990
ImagenFantasma,ASM,2048,41922,41922
ImagenFantasma,ASM,2048,41922,41922
ImagenFantasma,ASM,2048,41956,41956
ImagenFantasma,ASM,2048,50932,50932
ImagenFantasma,ASM,2048,43350,43350
ImagenFantasma,ASM,2048,44914,44914
ImagenFantasma,ASM,2048,44268,44268
ImagenFantasma,ASM,2048,43214,43214
ImagenFantasma,ASM,2048,42976,42976
ImagenFantasma,ASM,2048,42636,42636
ImagenFantasma,ASM,2048,42670,42670
ImagenFantasma,ASM,2048,44370,44370
ImagenFantasma,ASM,2048,43010,43010
ImagenFantasma,ASM,2048,44064,44064
ImagenFantasma,ASM,2048,43384,43384
ImagenFantasma,ASM,2048,43044,43044
ImagenFantasma,ASM,2048,44846,44846
ImagenFantasma,ASM,2048,43554,43554
ImagenFantasma,ASM,2048,43622,43622
ImagenFantasma,ASM,2048,43588,43588
ImagenFantasma,ASM,2048,43350,43350
ImagenFantasma,ASM,2048,43180,43180
ImagenFantasma,ASM,2048,43520,43520
ImagenFantasma,ASM,2048,43452,43452
ImagenFantasma,ASM,2048,42262,42262
ImagenFantasma,ASM,2048,41922,41922
ImagenFantasma,ASM,2048,50422,50422
ImagenFantasma,ASM,2048,42126,42126
ImagenFantasma,ASM,2048,41956,41956
ImagenFantasma,ASM,2048,41752,41752
ImagenFantasma,ASM,2048,41956,41956
ImagenFantasma,ASM,2048,41752,41752
ImagenFantasma,ASM,2048,41956,41956
ImagenFantasma,ASM,2048,41752,41752
ImagenFantasma,ASM,2048,41956,41956
ImagenFantasma,ASM,2048,42092,42092
ImagenFantasma,ASM,2048,41922,41922
ImagenFantasma,ASM,2048,41854,41854
ImagenFantasma,ASM,2048,41888,41888
ImagenFantasma,ASM,2048,41752,41752
ImagenFantasma,ASM,2048,41854,41854
ImagenFantasma,ASM,2048,41854,41854
ImagenFantasma,ASM,2048,41888,41888
ImagenFantasma,ASM,2048,41786,41786
ImagenFantasma,ASM,2048,41854,41854
ImagenFantasma,ASM,2048,41752,41752
ImagenFantasma,ASM,2048,41956,41956
ImagenFantasma,ASM,2048,41718,41718
ImagenFantasma,ASM,2048,41956,41956
ImagenFantasma,ASM,2048,41752,41752
ImagenFantasma,ASM,2048,41922,41922
ImagenFantasma,ASM,2048,41786,41786
ImagenFantasma,ASM,2048,41956,41956
ImagenFantasma,ASM,2048,41718,41718
ImagenFantasma,ASM,2048,41956,41956
ImagenFantasma,ASM,2048,41752,41752
ImagenFantasma,ASM,2048,41922,41922
ImagenFantasma,ASM,2048,41718,41718
ImagenFantasma,ASM,2048,41956,41956
ImagenFantasma,ASM,2048,41752,41752
ImagenFantasma,ASM,2048,41922,41922
ImagenFantasma,ASM,2048,41752,41752
ImagenFantasma,ASM,2048,41888,41888
ImagenFantasma,ASM,2048,41752,41752
ImagenFantasma,ASM,2048,42194,42194
ImagenFantasma,ASM,2048,41786,41786
ImagenFantasma,ASM,2048,44064,44064
ImagenFantasma,ASM,2048,45560,45560
ImagenFantasma,ASM,2048,46988,46988
ImagenFantasma,ASM,2048,44982,44982
ImagenFantasma,ASM,2048,47022,47022
ImagenFantasma,ASM,2048,42126,42126
ImagenFantasma,ASM,2048,41888,41888
ImagenFantasma,ASM,2048,41786,41786
ImagenFantasma,ASM,2048,41956,41956
ImagenFantasma,ASM,2048,42058,42058
ImagenFantasma,ASM,2048,41922,41922
ImagenFantasma,ASM,2048,41786,41786
ImagenFantasma,ASM,2048,41956,41956
ImagenFantasma,ASM,2048,41786,41786
ImagenFantasma,ASM,2048,41956,41956
ImagenFantasma,ASM,2048,41752,41752
ImagenFantasma,ASM,2048,41956,41956
ImagenFantasma,ASM,2048,41786,41786
ImagenFantasma,ASM,2048,41956,41956
ImagenFantasma,ASM,2048,43180,43180
ImagenFantasma,ASM,2048,43894,43894
ImagenFantasma,ASM,2048,44438,44438
ImagenFantasma,ASM,2048,44166,44166
ImagenFantasma,ASM,2048,43894,43894
ImagenFantasma,ASM,2048,43792,43792
ImagenFantasma,ASM,2048,44948,44948
ImagenFantasma,ASM,2048,43690,43690
ImagenFantasma,ASM,2048,43826,43826
ImagenFantasma,ASM,2048,43724,43724
ImagenFantasma,ASM,2048,43690,43690
ImagenFantasma,ASM,2048,43758,43758
ImagenFantasma,ASM,2048,41786,41786
ImagenFantasma,ASM,2048,41786,41786
ImagenFantasma,ASM,2048,42058,42058
ImagenFantasma,ASM,2048,41820,41820
ImagenFantasma,ASM,2048,41820,41820
ImagenFantasma,ASM,2048,41786,41786
ImagenFantasma,ASM,2048,41752,41752
ImagenFantasma,ASM,2048,41786,41786
ImagenFantasma,ASM,2048,41854,41854
ImagenFantasma,ASM,2048,41786,41786
ImagenFantasma,ASM,2048,41786,41786
ImagenFantasma,ASM,2048,41752,41752
ImagenFantasma,ASM,2048,41854,41854
ImagenFantasma,ASM,2048,41786,41786
ImagenFantasma,ASM,2048,41752,41752
ImagenFantasma,ASM,2048,41752,41752
ImagenFantasma,ASM,2048,41854,41854
ImagenFantasma,ASM,2048,41786,41786
ImagenFantasma,ASM,2048,41752,41752
ImagenFantasma,ASM,2048,41718,41718
ImagenFantasma,ASM,2048,41820,41820
ImagenFantasma,ASM,2048,41820,41820
ImagenFantasma,ASM,2048,44132,44132
ImagenFantasma,ASM,2048,41820,41820
ImagenFantasma,ASM,2048,41888,41888
ImagenFantasma,ASM,2048,41786,41786
ImagenFantasma,ASM,2048,41752,41752
ImagenFantasma,ASM,2048,41752,41752
ImagenFantasma,ASM,2048,41888,41888
ImagenFantasma,ASM,2048,41786,41786
ImagenFantasma,ASM,2048,41752,41752
ImagenFantasma,ASM,2048,41752,41752
ImagenFantasma,ASM,2048,41888,41888
ImagenFantasma,ASM,2048,42194,42194
ImagenFantasma,ASM,2048,41786,41786
ImagenFantasma,ASM,2048,41752,41752
ImagenFantasma,ASM,2048,41854,41854
ImagenFantasma,ASM,2048,41820,41820
ImagenFantasma,ASM,2048,41786,41786
ImagenFantasma,ASM,2048,41820,41820
ImagenFantasma,ASM,2048,41752,41752
ImagenFantasma,ASM,2048,41786,41786
ImagenFantasma,ASM,2048,41786,41786
ImagenFantasma,ASM,2048,41820,41820
ImagenFantasma,ASM,2048,44132,44132
ImagenFantasma,ASM,2048,42126,42126
ImagenFantasma,ASM,2048,41888,41888
ImagenFantasma,ASM,2048,43384,43384
ImagenFantasma,ASM,2048,43248,43248
ImagenFantasma,ASM,2048,41820,41820
ImagenFantasma,ASM,2048,41820,41820
ImagenFantasma,ASM,2048,41820,41820
ImagenFantasma,ASM,2048,41786,41786
ImagenFantasma,ASM,2048,41786,41786
ImagenFantasma,ASM,2048,41752,41752
ImagenFantasma,ASM,2048,41854,41854
ImagenFantasma,ASM,2048,41786,41786
ImagenFantasma,ASM,2048,41854,41854
ImagenFantasma,ASM,2048,41786,41786
ImagenFantasma,ASM,2048,41786,41786
ImagenFantasma,ASM,2048,44030,44030
ImagenFantasma,ASM,2048,41786,41786
ImagenFantasma,ASM,2048,41956,41956
ImagenFantasma,ASM,2048,72114,72114
ImagenFantasma,ASM,2048,42194,42194
ImagenFantasma,ASM,2048,41786,41786
ImagenFantasma,ASM,2048,42432,42432
ImagenFantasma,ASM,2048,42126,42126
ImagenFantasma,ASM,2048,41888,41888
ImagenFantasma,ASM,2048,41752,41752
ImagenFantasma,ASM,2048,41752,41752
ImagenFantasma,ASM,2048,41854,41854
ImagenFantasma,ASM,2048,41752,41752
ImagenFantasma,ASM,2048,41786,41786
ImagenFantasma,ASM,2048,41786,41786
ImagenFantasma,ASM,2048,41854,41854
ImagenFantasma,ASM,2048,41786,41786
ImagenFantasma,ASM,2048,41786,41786
ImagenFantasma,ASM,2048,41752,41752
ImagenFantasma,ASM,2048,41820,41820
ImagenFantasma,ASM,2048,41786,41786
ImagenFantasma,ASM,2048,41786,41786
ImagenFantasma,ASM,2048,41752,41752
ImagenFantasma,ASM,2048,41956,41956
ImagenFantasma,ASM,2048,41752,41752
ImagenFantasma,ASM,2048,41922,41922
ImagenFantasma,ASM,2048,41752,41752
ImagenFantasma,ASM,2048,41990,41990
ImagenFantasma,ASM,2048,41752,41752
ImagenFantasma,ASM,2048,41956,41956
ImagenFantasma,ASM,2048,59398,59398
ImagenFantasma,ASM,2048,41820,41820
ImagenFantasma,ASM,2048,41786,41786
ImagenFantasma,ASM,2048,41786,41786
ImagenFantasma,ASM,2048,41752,41752
ImagenFantasma,ASM,2048,41820,41820
ImagenFantasma,ASM,2048,41752,41752
ImagenFantasma,ASM,2048,43384,43384
ImagenFantasma,ASM,2048,46002,46002
ImagenFantasma,ASM,2048,44744,44744
ImagenFantasma,ASM,2048,45288,45288
ImagenFantasma,ASM,2048,44404,44404
ImagenFantasma,ASM,2048,44608,44608
ImagenFantasma,ASM,2048,43520,43520
ImagenFantasma,ASM,2048,50184,50184
ImagenFantasma,ASM,2048,42194,42194
ImagenFantasma,ASM,2048,42500,42500
ImagenFantasma,ASM,2048,42262,42262
ImagenFantasma,ASM,2048,42194,42194
ImagenFantasma,ASM,2048,50048,50048
ImagenFantasma,ASM,2048,41956,41956
ImagenFantasma,ASM,2048,41922,41922
ImagenFantasma,ASM,2048,41786,41786
ImagenFantasma,ASM,2048,41888,41888
ImagenFantasma,ASM,2048,70108,70108
ImagenFantasma,ASM,2048,41956,41956
ImagenFantasma,ASM,2048,41752,41752
ImagenFantasma,ASM,2048,41956,41956
ImagenFantasma,ASM,2048,41752,41752
ImagenFantasma,ASM,2048,41956,41956
ImagenFantasma,ASM,2048,41752,41752
ImagenFantasma,ASM,2048,41990,41990
ImagenFantasma,ASM,2048,41820,41820
ImagenFantasma,ASM,2048,41922,41922
ImagenFantasma,ASM,2048,41786,41786
ImagenFantasma,ASM,2048,41888,41888
ImagenFantasma,ASM,2048,41922,41922
ImagenFantasma,ASM,2048,41922,41922
ImagenFantasma,ASM,2048,41786,41786
ImagenFantasma,ASM,2048,41888,41888
ImagenFantasma,ASM,2048,41888,41888
ImagenFantasma,ASM,2048,41922,41922
ImagenFantasma,ASM,2048,41786,41786
ImagenFantasma,ASM,2048,42160,42160
ImagenFantasma,ASM,2048,41786,41786
ImagenFantasma,ASM,2048,41888,41888
ImagenFantasma,ASM,2048,41854,41854
ImagenFantasma,ASM,2048,41922,41922
ImagenFantasma,ASM,2048,41752,41752
ImagenFantasma,ASM,2048,41888,41888
ImagenFantasma,ASM,2048,41854,41854
ImagenFantasma,ASM,2048,56304,56304
ImagenFantasma,ASM,2048,41752,41752
ImagenFantasma,ASM,2048,41888,41888
ImagenFantasma,ASM,2048,41854,41854
ImagenFantasma,ASM,2048,41922,41922
ImagenFantasma,ASM,2048,41752,41752
ImagenFantasma,ASM,2048,41854,41854
ImagenFantasma,ASM,2048,41820,41820
ImagenFantasma,ASM,2048,41888,41888
ImagenFantasma,ASM,2048,41752,41752
ImagenFantasma,ASM,2048,41888,41888
ImagenFantasma,ASM,2048,41820,41820
ImagenFantasma,ASM,2048,41922,41922
ImagenFantasma,ASM,2048,41786,41786
ImagenFantasma,ASM,2048,41888,41888
ImagenFantasma,ASM,2048,41820,41820
ImagenFantasma,ASM,2048,41922,41922
ImagenFantasma,ASM,2048,41752,41752
ImagenFantasma,ASM,2048,41888,41888
ImagenFantasma,ASM,2048,41854,41854
ImagenFantasma,ASM,2048,41888,41888
ImagenFantasma,ASM,2048,41786,41786
ImagenFantasma,ASM,2048,45220,45220
ImagenFantasma,ASM,2048,41786,41786
ImagenFantasma,ASM,2048,41990,41990
ImagenFantasma,ASM,2048,41786,41786
ImagenFantasma,ASM,2048,57358,57358
ImagenFantasma,ASM,2048,41752,41752
ImagenFantasma,ASM,2048,41990,41990
ImagenFantasma,ASM,2048,43180,43180
ImagenFantasma,ASM,2048,41684,41684
ImagenFantasma,ASM,2048,41616,41616
ImagenFantasma,ASM,2048,44404,44404
ImagenFantasma,ASM,2048,65654,65654
ImagenFantasma,ASM,8192,169456,169456
ImagenFantasma,ASM,8192,119612,119612
ImagenFantasma,ASM,8192,174488,174488
ImagenFantasma,ASM,8192,173128,173128
ImagenFantasma,ASM,8192,174046,174046
ImagenFantasma,ASM,8192,182750,182750
ImagenFantasma,ASM,8192,195500,195500
ImagenFantasma,ASM,8192,158814,158814
ImagenFantasma,ASM,8192,167926,167926
ImagenFantasma,ASM,8192,113356,113356
ImagenFantasma,ASM,8192,113696,113696
ImagenFantasma,ASM,8192,113662,113662
ImagenFantasma,ASM,8192,113696,113696
ImagenFantasma,ASM,8192,169150,169150
ImagenFantasma,ASM,8192,168878,168878
ImagenFantasma,ASM,8192,168742,168742
ImagenFantasma,ASM,8192,167824,167824
ImagenFantasma,ASM,8192,175950,175950
ImagenFantasma,ASM,8192,167722,167722
ImagenFantasma,ASM,8192,167654,167654
ImagenFantasma,ASM,8192,168130,168130
ImagenFantasma,ASM,8192,168232,168232
ImagenFantasma,ASM,8192,168096,168096
ImagenFantasma,ASM,8192,168810,168810
ImagenFantasma,ASM,8192,168742,168742
ImagenFantasma,ASM,8192,169558,169558
ImagenFantasma,ASM,8192,180506,180506
ImagenFantasma,ASM,8192,175746,175746
ImagenFantasma,ASM,8192,173060,173060
ImagenFantasma,ASM,8192,168912,168912
ImagenFantasma,ASM,8192,169796,169796
ImagenFantasma,ASM,8192,168742,168742
ImagenFantasma,ASM,8192,168912,168912
ImagenFantasma,ASM,8192,168674,168674
ImagenFantasma,ASM,8192,169524,169524
ImagenFantasma,ASM,8192,168742,168742
ImagenFantasma,ASM,8192,168878,168878
ImagenFantasma,ASM,8192,168946,168946
ImagenFantasma,ASM,8192,169116,169116
ImagenFantasma,ASM,8192,169116,169116
ImagenFantasma,ASM,8192,168776,168776
ImagenFantasma,ASM,8192,173230,173230
ImagenFantasma,ASM,8192,168606,168606
ImagenFantasma,ASM,8192,169388,169388
ImagenFantasma,ASM,8192,168640,168640
ImagenFantasma,ASM,8192,169354,169354
ImagenFantasma,ASM,8192,168946,168946
ImagenFantasma,ASM,8192,168980,168980
ImagenFantasma,ASM,8192,168572,168572
ImagenFantasma,ASM,8192,168810,168810
ImagenFantasma,ASM,8192,168640,168640
ImagenFantasma,ASM,8192,168878,168878
ImagenFantasma,ASM,8192,168674,168674
ImagenFantasma,ASM,8192,168776,168776
ImagenFantasma,ASM,8192,168538,168538
ImagenFantasma,ASM,8192,173604,173604
ImagenFantasma,ASM,8192,169150,169150
ImagenFantasma,ASM,8192,168912,168912
ImagenFantasma,ASM,8192,168572,168572
ImagenFantasma,ASM,8192,170612,170612
ImagenFantasma,ASM,8192,184722,184722
ImagenFantasma,ASM,8192,177344,177344
ImagenFantasma,ASM,8192,174760,174760
ImagenFantasma,ASM,8192,173332,173332
ImagenFantasma,ASM,8192,168844,168844
ImagenFantasma,ASM,8192,168470,168470
ImagenFantasma,ASM,8192,168776,168776
ImagenFantasma,ASM,8192,166090,166090
ImagenFantasma,ASM,8192,111520,111520
ImagenFantasma,ASM,8192,113628,113628
ImagenFantasma,ASM,8192,113628,113628
ImagenFantasma,ASM,8192,113662,113662
ImagenFantasma,ASM,8192,184280,184280
ImagenFantasma,ASM,8192,113662,113662
ImagenFantasma,ASM,8192,113662,113662
ImagenFantasma,ASM,8192,113662,113662
ImagenFantasma,ASM,8192,113696,113696
ImagenFantasma,ASM,8192,168946,168946
ImagenFantasma,ASM,8192,114002,114002
ImagenFantasma,ASM,8192,114104,114104
ImagenFantasma,ASM,8192,184722,184722
ImagenFantasma,ASM,8192,113900,113900
ImagenFantasma,ASM,8192,113798,113798
ImagenFantasma,ASM,8192,113662,113662
ImagenFantasma,ASM,8192,113730,113730
ImagenFantasma,ASM,8192,168878,168878
ImagenFantasma,ASM,8192,168912,168912
ImagenFantasma,ASM,8192,178772,178772
ImagenFantasma,ASM,8192,168844,168844
ImagenFantasma,ASM,8192,169184,169184
ImagenFantasma,ASM,8192,157012,157012
ImagenFantasma,ASM,8192,181390,181390
ImagenFantasma,ASM,8192,168878,168878
ImagenFantasma,ASM,8192,169048,169048
ImagenFantasma,ASM,8192,168538,168538
ImagenFantasma,ASM,8192,168096,168096
ImagenFantasma,ASM,8192,175168,175168
ImagenFantasma,ASM,8192,176630,176630
ImagenFantasma,ASM,8192,175100,175100
ImagenFantasma,ASM,8192,114138,114138
ImagenFantasma,ASM,8192,114002,114002
ImagenFantasma,ASM,8192,113696,113696
ImagenFantasma,ASM,8192,113764,113764
ImagenFantasma,ASM,8192,113662,113662
ImagenFantasma,ASM,8192,113662,113662
ImagenFantasma,ASM,8192,113662,113662
ImagenFantasma,ASM,8192,113730,113730
ImagenFantasma,ASM,8192,113628,113628
ImagenFantasma,ASM,8192,114172,114172
ImagenFantasma,ASM,8192,176290,176290
ImagenFantasma,ASM,8192,180200,180200
ImagenFantasma,ASM,8192,180540,180540
ImagenFantasma,ASM,8192,175440,175440
ImagenFantasma,ASM,8192,177208,177208
ImagenFantasma,ASM,8192,178908,178908
ImagenFantasma,ASM,8192,114036,114036
ImagenFantasma,ASM,8192,113696,113696
ImagenFantasma,ASM,8192,114104,114104
ImagenFantasma,ASM,8192,113696,113696
ImagenFantasma,ASM,8192,114036,114036
ImagenFantasma,ASM,8192,113662,113662
ImagenFantasma,ASM,8192,113628,113628
ImagenFantasma,ASM,8192,181934,181934
ImagenFantasma,ASM,8192,113696,113696
ImagenFantasma,ASM,8192,113696,113696
ImagenFantasma,ASM,8192,113696,113696
ImagenFantasma,ASM,8192,169116,169116
ImagenFantasma,ASM,8192,168504,168504
ImagenFantasma,ASM,8192,168674,168674
ImagenFantasma,ASM,8192,168674,168674
ImagenFantasma,ASM,8192,169116,169116
ImagenFantasma,ASM,8192,177990,177990
ImagenFantasma,ASM,8192,176732,176732
ImagenFantasma,ASM,8192,170374,170374
ImagenFantasma,ASM,8192,168640,168640
ImagenFantasma,ASM,8192,168572,168572
ImagenFantasma,ASM,8192,168810,168810
ImagenFantasma,ASM,8192,169116,169116
ImagenFantasma,ASM,8192,168538,168538
ImagenFantasma,ASM,8192,169388,169388
ImagenFantasma,ASM,8192,113730,113730
ImagenFantasma,ASM,8192,113662,113662
ImagenFantasma,ASM,8192,170680,170680
ImagenFantasma,ASM,8192,180030,180030
ImagenFantasma,ASM,8192,168980,168980
ImagenFantasma,ASM,8192,169184,169184
ImagenFantasma,ASM,8192,168742,168742
ImagenFantasma,ASM,8192,169184,169184
ImagenFantasma,ASM,8192,113696,113696
ImagenFantasma,ASM,8192,114036,114036
ImagenFantasma,ASM,8192,113696,113696
ImagenFantasma,ASM,8192,113662,113662
ImagenFantasma,ASM,8192,113696,113696
ImagenFantasma,ASM,8192,178296,178296
ImagenFantasma,ASM,8192,169082,169082
ImagenFantasma,ASM,8192,168776,168776
ImagenFantasma,ASM,8192,169592,169592
ImagenFantasma,ASM,8192,168980,168980
ImagenFantasma,ASM,8192,114070,114070
ImagenFantasma,ASM,8192,113662,113662
ImagenFantasma,ASM,8192,113730,113730
ImagenFantasma,ASM,8192,174828,174828
ImagenFantasma,ASM,8192,168674,168674
ImagenFantasma,ASM,8192,168878,168878
ImagenFantasma,ASM,8192,194718,194718
ImagenFantasma,ASM,8192,169252,169252
ImagenFantasma,ASM,8192,169388,169388
ImagenFantasma,ASM,8192,173638,173638
ImagenFantasma,ASM,8192,176698,176698
ImagenFantasma,ASM,8192,114036,114036
ImagenFantasma,ASM,8192,113730,113730
ImagenFantasma,ASM,8192,113662,113662
ImagenFantasma,ASM,8192,113662,113662
ImagenFantasma,ASM,8192,113662,113662
ImagenFantasma,ASM,8192,113662,113662
ImagenFantasma,ASM,8192,168402,168402
ImagenFantasma,ASM,8192,168300,168300
ImagenFantasma,ASM,8192,169014,169014
ImagenFantasma,ASM,8192,168266,168266
ImagenFantasma,ASM,8192,174624,174624
ImagenFantasma,ASM,8192,114036,114036
ImagenFantasma,ASM,8192,113662,113662
ImagenFantasma,ASM,8192,113730,113730
ImagenFantasma,ASM,8192,113628,113628
ImagenFantasma,ASM,8192,113662,113662
ImagenFantasma,ASM,8192,114002,114002
ImagenFantasma,ASM,8192,185130,185130
ImagenFantasma,ASM,8192,170306,170306
ImagenFantasma,ASM,8192,168572,168572
ImagenFantasma,ASM,8192,169082,169082
ImagenFantasma,ASM,8192,168606,168606
ImagenFantasma,ASM,8192,169218,169218
ImagenFantasma,ASM,8192,178398,178398
ImagenFantasma,ASM,8192,169082,169082
ImagenFantasma,ASM,8192,168810,168810
ImagenFantasma,ASM,8192,169286,169286
ImagenFantasma,ASM,8192,168742,168742
ImagenFantasma,ASM,8192,169388,169388
ImagenFantasma,ASM,8192,168504,168504
ImagenFantasma,ASM,8192,168912,168912
ImagenFantasma,ASM,8192,168538,168538
ImagenFantasma,ASM,8192,169524,169524
ImagenFantasma,ASM,8192,178364,178364
ImagenFantasma,ASM,8192,115192,115192
ImagenFantasma,ASM,8192,116450,116450
ImagenFantasma,ASM,8192,184926,184926
ImagenFantasma,ASM,8192,168776,168776
ImagenFantasma,ASM,8192,189958,189958
ImagenFantasma,ASM,8192,178364,178364
ImagenFantasma,ASM,8192,169184,169184
ImagenFantasma,ASM,8192,168844,168844
ImagenFantasma,ASM,8192,168878,168878
ImagenFantasma,ASM,8192,168946,168946
ImagenFantasma,ASM,8192,169014,169014
ImagenFantasma,ASM,8192,169252,169252
ImagenFantasma,ASM,8192,170306,170306
ImagenFantasma,ASM,8192,114070,114070
ImagenFantasma,ASM,8192,113730,113730
ImagenFantasma,ASM,8192,113730,113730
ImagenFantasma,ASM,8192,113696,113696
ImagenFantasma,ASM,8192,149396,149396
ImagenFantasma,ASM,8192,113662,113662
ImagenFantasma,ASM,8192,113662,113662
ImagenFantasma,ASM,8192,113662,113662
ImagenFantasma,ASM,8192,113662,113662
ImagenFantasma,ASM,8192,113662,113662
ImagenFantasma,ASM,8192,113662,113662
ImagenFantasma,ASM,8192,169490,169490
ImagenFantasma,ASM,8192,168742,168742
ImagenFantasma,ASM,8192,113764,113764
ImagenFantasma,ASM,8192,113662,113662
ImagenFantasma,ASM,8192,113628,113628
ImagenFantasma,ASM,8192,171836,171836
ImagenFantasma,ASM,8192,169014,169014
ImagenFantasma,ASM,8192,168640,168640
ImagenFantasma,ASM,8192,170714,170714
ImagenFantasma,ASM,8192,168640,168640
ImagenFantasma,ASM,8192,213588,213588
ImagenFantasma,ASM,8192,189448,189448
ImagenFantasma,ASM,8192,174522,174522
ImagenFantasma,ASM,8192,167382,167382
ImagenFantasma,ASM,8192,165580,165580
ImagenFantasma,ASM,8192,165682,165682
ImagenFantasma,ASM,8192,168776,168776
ImagenFantasma,ASM,8192,165682,165682
ImagenFantasma,ASM,8192,165444,165444
ImagenFantasma,ASM,8192,166056,166056
ImagenFantasma,ASM,8192,165580,165580
ImagenFantasma,ASM,8192,173026,173026
ImagenFantasma,ASM,8192,153918,153918
ImagenFantasma,ASM,8192,113696,113696
ImagenFantasma,ASM,8192,113696,113696
ImagenFantasma,ASM,8192,113662,113662
ImagenFantasma,ASM,8192,168844,168844
ImagenFantasma,ASM,8192,168538,168538
ImagenFantasma,ASM,8192,169184,169184
ImagenFantasma,ASM,8192,168946,168946
ImagenFantasma,ASM,8192,171258,171258
ImagenFantasma,ASM,8192,113696,113696
ImagenFantasma,ASM,8192,113662,113662
ImagenFantasma,ASM,8192,113696,113696
ImagenFantasma,ASM,8192,113662,113662
ImagenFantasma,ASM,8192,168946,168946
ImagenFantasma,ASM,8192,113696,113696
ImagenFantasma,ASM,8192,113662,113662
ImagenFantasma,ASM,8192,113662,113662
ImagenFantasma,ASM,8192,187136,187136
ImagenFantasma,ASM,8192,169048,169048
ImagenFantasma,ASM,8192,169796,169796
ImagenFantasma,ASM,8192,185810,185810
ImagenFantasma,ASM,8192,202606,202606
ImagenFantasma,ASM,8192,170374,170374
ImagenFantasma,ASM,8192,175474,175474
ImagenFantasma,ASM,8192,176086,176086
ImagenFantasma,ASM,8192,173876,173876
ImagenFantasma,ASM,8192,174454,174454
ImagenFantasma,ASM,8192,169150,169150
ImagenFantasma,ASM,8192,169048,169048
ImagenFantasma,ASM,8192,169184,169184
ImagenFantasma,ASM,8192,114138,114138
ImagenFantasma,ASM,8192,113730,113730
ImagenFantasma,ASM,8192,113662,113662
ImagenFantasma,ASM,8192,113662,113662
ImagenFantasma,ASM,8192,168810,168810
ImagenFantasma,ASM,8192,169014,169014
ImagenFantasma,ASM,8192,168878,168878
ImagenFantasma,ASM,8192,168878,168878
ImagenFantasma,ASM,8192,169082,169082
ImagenFantasma,ASM,8192,168538,168538
ImagenFantasma,ASM,8192,169320,169320
ImagenFantasma,ASM,8192,169184,169184
ImagenFantasma,ASM,8192,169082,169082
ImagenFantasma,ASM,8192,113730,113730
ImagenFantasma,ASM,8192,113662,113662
ImagenFantasma,ASM,8192,113696,113696
ImagenFantasma,ASM,8192,113628,113628
ImagenFantasma,ASM,8192,113662,113662
ImagenFantasma,ASM,8192,113696,113696
ImagenFantasma,ASM,8192,113730,113730
ImagenFantasma,ASM,8192,113628,113628
ImagenFantasma,ASM,32768,687072,687072
ImagenFantasma,ASM,32768,679762,679762
ImagenFantasma,ASM,32768,678674,678674
ImagenFantasma,ASM,32768,677110,677110
ImagenFantasma,ASM,32768,464780,464780
ImagenFantasma,ASM,32768,677314,677314
ImagenFantasma,ASM,32768,464814,464814
ImagenFantasma,ASM,32768,677246,677246
ImagenFantasma,ASM,32768,466378,466378
ImagenFantasma,ASM,32768,533698,533698
ImagenFantasma,ASM,32768,682516,682516
ImagenFantasma,ASM,32768,677450,677450
ImagenFantasma,ASM,32768,686086,686086
ImagenFantasma,ASM,32768,677144,677144
ImagenFantasma,ASM,32768,464814,464814
ImagenFantasma,ASM,32768,587656,587656
ImagenFantasma,ASM,32768,703970,703970
ImagenFantasma,ASM,32768,697374,697374
ImagenFantasma,ASM,32768,726954,726954
ImagenFantasma,ASM,32768,688806,688806
ImagenFantasma,ASM,32768,467772,467772
ImagenFantasma,ASM,32768,677144,677144
ImagenFantasma,ASM,32768,464678,464678
ImagenFantasma,ASM,32768,464644,464644
ImagenFantasma,ASM,32768,689588,689588
ImagenFantasma,ASM,32768,464848,464848
ImagenFantasma,ASM,32768,713218,713218
ImagenFantasma,ASM,32768,685984,685984
ImagenFantasma,ASM,32768,464746,464746
ImagenFantasma,ASM,32768,676974,676974
ImagenFantasma,ASM,32768,677450,677450
ImagenFantasma,ASM,32768,506974,506974
ImagenFantasma,ASM,32768,677382,677382
ImagenFantasma,ASM,32768,676804,676804
ImagenFantasma,ASM,32768,677518,677518
ImagenFantasma,ASM,32768,1061956,1061956
ImagenFantasma,ASM,32768,875840,875840
ImagenFantasma,ASM,32768,677586,677586
ImagenFantasma,ASM,32768,507110,507110
ImagenFantasma,ASM,32768,727396,727396
ImagenFantasma,ASM,32768,691934,691934
ImagenFantasma,ASM,32768,464814,464814
ImagenFantasma,ASM,32768,537098,537098
ImagenFantasma,ASM,32768,677280,677280
ImagenFantasma,ASM,32768,464780,464780
ImagenFantasma,ASM,32768,688942,688942
ImagenFantasma,ASM,32768,464814,464814
ImagenFantasma,ASM,32768,677314,677314
ImagenFantasma,ASM,32768,501908,501908
ImagenFantasma,ASM,32768,464780,464780
ImagenFantasma,ASM,32768,668916,668916
ImagenFantasma,ASM,32768,464848,464848
ImagenFantasma,ASM,32768,712436,712436
ImagenFantasma,ASM,32768,696286,696286
ImagenFantasma,ASM,32768,688704,688704
ImagenFantasma,ASM,32768,471818,471818
ImagenFantasma,ASM,32768,687276,687276
ImagenFantasma,ASM,32768,677212,677212
ImagenFantasma,ASM,32768,678130,678130
ImagenFantasma,ASM,32768,677042,677042
ImagenFantasma,ASM,32768,677756,677756
ImagenFantasma,ASM,32768,677246,677246
ImagenFantasma,ASM,32768,687140,687140
ImagenFantasma,ASM,32768,584528,584528
ImagenFantasma,ASM,32768,464746,464746
ImagenFantasma,ASM,32768,464814,464814
ImagenFantasma,ASM,32768,527238,527238
ImagenFantasma,ASM,32768,677280,677280
ImagenFantasma,ASM,32768,464712,464712
ImagenFantasma,ASM,32768,464712,464712
ImagenFantasma,ASM,32768,677688,677688
ImagenFantasma,ASM,32768,678674,678674
ImagenFantasma,ASM,32768,464678,464678
ImagenFantasma,ASM,32768,686256,686256
ImagenFantasma,ASM,32768,678572,678572
ImagenFantasma,ASM,32768,678028,678028
ImagenFantasma,ASM,32768,693634,693634
ImagenFantasma,ASM,32768,692342,692342
ImagenFantasma,ASM,32768,677790,677790
ImagenFantasma,ASM,32768,677178,677178
ImagenFantasma,ASM,32768,677688,677688
ImagenFantasma,ASM,32768,685814,685814
ImagenFantasma,ASM,32768,677552,677552
ImagenFantasma,ASM,32768,695538,695538
ImagenFantasma,ASM,32768,678334,678334
ImagenFantasma,ASM,32768,705228,705228
ImagenFantasma,ASM,32768,677654,677654
ImagenFantasma,ASM,32768,464712,464712
ImagenFantasma,ASM,32768,677178,677178
ImagenFantasma,ASM,32768,678368,678368
ImagenFantasma,ASM,32768,678232,678232
ImagenFantasma,ASM,32768,464882,464882
ImagenFantasma,ASM,32768,715190,715190
ImagenFantasma,ASM,32768,700128,700128
ImagenFantasma,ASM,32768,464780,464780
ImagenFantasma,ASM,32768,464678,464678
ImagenFantasma,ASM,32768,678640,678640
ImagenFantasma,ASM,32768,464984,464984
ImagenFantasma,ASM,32768,464848,464848
ImagenFantasma,ASM,32768,464746,464746
ImagenFantasma,ASM,32768,677212,677212
ImagenFantasma,ASM,32768,692376,692376
ImagenFantasma,ASM,32768,677586,677586
ImagenFantasma,ASM,32768,464814,464814
ImagenFantasma,ASM,32768,464406,464406
ImagenFantasma,ASM,32768,736372,736372
ImagenFantasma,ASM,32768,1345788,1345788
ImagenFantasma,ASM,32768,742186,742186
ImagenFantasma,ASM,32768,724710,724710
ImagenFantasma,ASM,32768,723758,723758
ImagenFantasma,ASM,32768,748102,748102
ImagenFantasma,ASM,32768,749938,749938
ImagenFantasma,ASM,32768,732938,732938
ImagenFantasma,ASM,32768,726750,726750
ImagenFantasma,ASM,32768,736032,736032
ImagenFantasma,ASM,32768,744498,744498
ImagenFantasma,ASM,32768,758302,758302
ImagenFantasma,ASM,32768,744498,744498
ImagenFantasma,ASM,32768,740384,740384
ImagenFantasma,ASM,32768,740112,740112
ImagenFantasma,ASM,32768,735556,735556
ImagenFantasma,ASM,32768,732190,732190
ImagenFantasma,ASM,32768,727872,727872
ImagenFantasma,ASM,32768,719406,719406
ImagenFantasma,ASM,32768,711314,711314
ImagenFantasma,ASM,32768,467432,467432
ImagenFantasma,ASM,32768,467772,467772
ImagenFantasma,ASM,32768,702338,702338
ImagenFantasma,ASM,32768,464814,464814
ImagenFantasma,ASM,32768,464780,464780
ImagenFantasma,ASM,32768,464780,464780
ImagenFantasma,ASM,32768,471138,471138
ImagenFantasma,ASM,32768,464678,464678
ImagenFantasma,ASM,32768,464338,464338
ImagenFantasma,ASM,32768,468928,468928
ImagenFantasma,ASM,32768,478142,478142
ImagenFantasma,ASM,32768,471138,471138
ImagenFantasma,ASM,32768,464406,464406
ImagenFantasma,ASM,32768,464712,464712
ImagenFantasma,ASM,32768,464678,464678
ImagenFantasma,ASM,32768,464440,464440
ImagenFantasma,ASM,32768,634032,634032
ImagenFantasma,ASM,32768,465052,465052
ImagenFantasma,ASM,32768,464372,464372
ImagenFantasma,ASM,32768,464984,464984
ImagenFantasma,ASM,32768,464406,464406
ImagenFantasma,ASM,32768,475082,475082
ImagenFantasma,ASM,32768,709580,709580
ImagenFantasma,ASM,32768,677450,677450
ImagenFantasma,ASM,32768,464338,464338
ImagenFantasma,ASM,32768,464712,464712
ImagenFantasma,ASM,32768,676940,676940
ImagenFantasma,ASM,32768,1093372,1093372
ImagenFantasma,ASM,32768,464848,464848
ImagenFantasma,ASM,32768,464916,464916
ImagenFantasma,ASM,32768,464814,464814
ImagenFantasma,ASM,32768,464780,464780
ImagenFantasma,ASM,32768,464576,464576
ImagenFantasma,ASM,32768,464780,464780
ImagenFantasma,ASM,32768,464372,464372
ImagenFantasma,ASM,32768,458796,458796
ImagenFantasma,ASM,32768,458762,458762
ImagenFantasma,ASM,32768,458354,458354
ImagenFantasma,ASM,32768,465086,465086
ImagenFantasma,ASM,32768,464950,464950
ImagenFantasma,ASM,32768,677280,677280
ImagenFantasma,ASM,32768,678096,678096
ImagenFantasma,ASM,32768,677348,677348
ImagenFantasma,ASM,32768,464916,464916
ImagenFantasma,ASM,32768,467602,467602
ImagenFantasma,ASM,32768,500208,500208
ImagenFantasma,ASM,32768,464814,464814
ImagenFantasma,ASM,32768,465086,465086
ImagenFantasma,ASM,32768,464406,464406
ImagenFantasma,ASM,32768,678198,678198
ImagenFantasma,ASM,32768,458864,458864
ImagenFantasma,ASM,32768,458524,458524
ImagenFantasma,ASM,32768,638486,638486
ImagenFantasma,ASM,32768,458966,458966
ImagenFantasma,ASM,32768,458626,458626
ImagenFantasma,ASM,32768,711824,711824
ImagenFantasma,ASM,32768,671160,671160
ImagenFantasma,ASM,32768,458966,458966
ImagenFantasma,ASM,32768,458660,458660
ImagenFantasma,ASM,32768,459170,459170
ImagenFantasma,ASM,32768,458626,458626
ImagenFantasma,ASM,32768,458762,458762
ImagenFantasma,ASM,32768,668202,668202
ImagenFantasma,ASM,32768,462094,462094
ImagenFantasma,ASM,32768,458626,458626
ImagenFantasma,ASM,32768,696694,696694
ImagenFantasma,ASM,32768,639540,639540
ImagenFantasma,ASM,32768,458524,458524
ImagenFantasma,ASM,32768,677654,677654
ImagenFantasma,ASM,32768,458796,458796
ImagenFantasma,ASM,32768,458422,458422
ImagenFantasma,ASM,32768,458762,458762
ImagenFantasma,ASM,32768,459136,459136
ImagenFantasma,ASM,32768,458830,458830
ImagenFantasma,ASM,32768,717876,717876
ImagenFantasma,ASM,32768,459000,459000
ImagenFantasma,ASM,32768,458388,458388
ImagenFantasma,ASM,32768,759016,759016
ImagenFantasma,ASM,32768,458796,458796
ImagenFantasma,ASM,32768,458524,458524
ImagenFantasma,ASM,32768,458932,458932
ImagenFantasma,ASM,32768,459272,459272
ImagenFantasma,ASM,32768,458694,458694
ImagenFantasma,ASM,32768,458898,458898
ImagenFantasma,ASM,32768,473790,473790
ImagenFantasma,ASM,32768,458320,458320
ImagenFantasma,ASM,32768,716108,716108
ImagenFantasma,ASM,32768,470594,470594
ImagenFantasma,ASM,32768,470560,470560
ImagenFantasma,ASM,32768,459034,459034
ImagenFantasma,ASM,32768,668236,668236
ImagenFantasma,ASM,32768,458762,458762
ImagenFantasma,ASM,32768,459102,459102
ImagenFantasma,ASM,32768,464644,464644
ImagenFantasma,ASM,32768,746946,746946
ImagenFantasma,ASM,32768,470662,470662
ImagenFantasma,ASM,32768,470526,470526
ImagenFantasma,ASM,32768,464848,464848
ImagenFantasma,ASM,32768,464406,464406
ImagenFantasma,ASM,32768,464576,464576
ImagenFantasma,ASM,32768,726376,726376
ImagenFantasma,ASM,32768,464610,464610
ImagenFantasma,ASM,32768,464474,464474
ImagenFantasma,ASM,32768,482970,482970
ImagenFantasma,ASM,32768,464372,464372
ImagenFantasma,ASM,32768,464882,464882
ImagenFantasma,ASM,32768,464746,464746
ImagenFantasma,ASM,32768,464372,464372
ImagenFantasma,ASM,32768,681700,681700
ImagenFantasma,ASM,32768,464882,464882
ImagenFantasma,ASM,32768,464440,464440
ImagenFantasma,ASM,32768,626348,626348
ImagenFantasma,ASM,32768,464610,464610
ImagenFantasma,ASM,32768,464338,464338
ImagenFantasma,ASM,32768,513332,513332
ImagenFantasma,ASM,32768,464644,464644
ImagenFantasma,ASM,32768,464406,464406
ImagenFantasma,ASM,32768,649400,649400
ImagenFantasma,ASM,32768,636718,636718
ImagenFantasma,ASM,32768,465494,465494
ImagenFantasma,ASM,32768,465290,465290
ImagenFantasma,ASM,32768,464916,464916
ImagenFantasma,ASM,32768,464542,464542
ImagenFantasma,ASM,32768,645286,645286
ImagenFantasma,ASM,32768,464780,464780
ImagenFantasma,ASM,32768,464372,464372
ImagenFantasma,ASM,32768,464848,464848
ImagenFantasma,ASM,32768,480658,480658
ImagenFantasma,ASM,32768,464712,464712
ImagenFantasma,ASM,32768,717536,717536
ImagenFantasma,ASM,32768,464406,464406
ImagenFantasma,ASM,32768,464474,464474
ImagenFantasma,ASM,32768,728960,728960
ImagenFantasma,ASM,32768,464406,464406
ImagenFantasma,ASM,32768,464236,464236
ImagenFantasma,ASM,32768,464746,464746
ImagenFantasma,ASM,32768,678708,678708
ImagenFantasma,ASM,32768,466786,466786
ImagenFantasma,ASM,32768,465494,465494
ImagenFantasma,ASM,32768,465256,465256
ImagenFantasma,ASM,32768,753984,753984
ImagenFantasma,ASM,32768,735114,735114
ImagenFantasma,ASM,32768,686834,686834
ImagenFantasma,ASM,32768,470696,470696
ImagenFantasma,ASM,32768,464304,464304
ImagenFantasma,ASM,32768,638996,638996
ImagenFantasma,ASM,32768,464712,464712
ImagenFantasma,ASM,32768,464984,464984
ImagenFantasma,ASM,32768,677110,677110
ImagenFantasma,ASM,32768,677790,677790
ImagenFantasma,ASM,32768,473654,473654
ImagenFantasma,ASM,32768,697306,697306
ImagenFantasma,ASM,32768,677178,677178
ImagenFantasma,ASM,32768,677790,677790
ImagenFantasma,ASM,32768,684998,684998
ImagenFantasma,ASM,32768,678130,678130
ImagenFantasma,ASM,32768,464950,464950
ImagenFantasma,ASM,32768,668372,668372
ImagenFantasma,ASM,32768,705058,705058
ImagenFantasma,ASM,32768,678266,678266
ImagenFantasma,ASM,32768,464338,464338
ImagenFantasma,ASM,32768,464746,464746
ImagenFantasma,ASM,32768,686392,686392
ImagenFantasma,ASM,32768,677382,677382
ImagenFantasma,ASM,32768,709648,709648
ImagenFantasma,ASM,32768,464542,464542
ImagenFantasma,ASM,32768,677178,677178
ImagenFantasma,ASM,32768,464440,464440
ImagenFantasma,ASM,32768,677212,677212
ImagenFantasma,ASM,32768,464848,464848
ImagenFantasma,ASM,32768,464474,464474
ImagenFantasma,ASM,32768,464304,464304
ImagenFantasma,ASM,32768,473110,473110
ImagenFantasma,ASM,32768,481168,481168
ImagenFantasma,ASM,32768,736508,736508
ImagenFantasma,ASM,120000,2539086,2539086
ImagenFantasma,ASM,120000,2741250,2741250
ImagenFantasma,ASM,120000,2509914,2509914
ImagenFantasma,ASM,120000,2531674,2531674
ImagenFantasma,ASM,120000,1867348,1867348
ImagenFantasma,ASM,120000,2515354,2515354
ImagenFantasma,ASM,120000,2619530,2619530
ImagenFantasma,ASM,120000,2523242,2523242
ImagenFantasma,ASM,120000,2729452,2729452
ImagenFantasma,ASM,120000,2510662,2510662
ImagenFantasma,ASM,120000,2616640,2616640
ImagenFantasma,ASM,120000,2509710,2509710
ImagenFantasma,ASM,120000,2545648,2545648
ImagenFantasma,ASM,120000,1753720,1753720
ImagenFantasma,ASM,120000,1805400,1805400
ImagenFantasma,ASM,120000,2102220,2102220
ImagenFantasma,ASM,120000,1778370,1778370
ImagenFantasma,ASM,120000,2511648,2511648
ImagenFantasma,ASM,120000,2664342,2664342
ImagenFantasma,ASM,120000,2512430,2512430
ImagenFantasma,ASM,120000,2518992,2518992
ImagenFantasma,ASM,120000,2709120,2709120
ImagenFantasma,ASM,120000,2547416,2547416
ImagenFantasma,ASM,120000,1785204,1785204
ImagenFantasma,ASM,120000,2534156,2534156
ImagenFantasma,ASM,120000,2630546,2630546
ImagenFantasma,ASM,120000,1731212,1731212
ImagenFantasma,ASM,120000,2170288,2170288
ImagenFantasma,ASM,120000,2129046,2129046
ImagenFantasma,ASM,120000,1733252,1733252
ImagenFantasma,ASM,120000,2473772,2473772
ImagenFantasma,ASM,120000,1731076,1731076
ImagenFantasma,ASM,120000,1989272,1989272
ImagenFantasma,ASM,120000,1730396,1730396
ImagenFantasma,ASM,120000,1842528,1842528
ImagenFantasma,ASM,120000,2159544,2159544
ImagenFantasma,ASM,120000,2501244,2501244
ImagenFantasma,ASM,120000,2677262,2677262
ImagenFantasma,ASM,120000,2476288,2476288
ImagenFantasma,ASM,120000,2495702,2495702
ImagenFantasma,ASM,120000,2487032,2487032
ImagenFantasma,ASM,120000,1980126,1980126
ImagenFantasma,ASM,120000,2490568,2490568
ImagenFantasma,ASM,120000,1732130,1732130
ImagenFantasma,ASM,120000,2504372,2504372
ImagenFantasma,ASM,120000,2490602,2490602
ImagenFantasma,ASM,120000,1734272,1734272
ImagenFantasma,ASM,120000,1732130,1732130
ImagenFantasma,ASM,120000,2498286,2498286
ImagenFantasma,ASM,120000,2483428,2483428
ImagenFantasma,ASM,120000,2482816,2482816
ImagenFantasma,ASM,120000,2513382,2513382
ImagenFantasma,ASM,120000,2564960,2564960
ImagenFantasma,ASM,120000,2516374,2516374
ImagenFantasma,ASM,120000,2480368,2480368
ImagenFantasma,ASM,120000,2545138,2545138
ImagenFantasma,ASM,120000,2978536,2978536
ImagenFantasma,ASM,120000,2475472,2475472
ImagenFantasma,ASM,120000,2491656,2491656
ImagenFantasma,ASM,120000,2323900,2323900
ImagenFantasma,ASM,120000,2572882,2572882
ImagenFantasma,ASM,120000,2523378,2523378
ImagenFantasma,ASM,120000,2580600,2580600
ImagenFantasma,ASM,120000,2544186,2544186
ImagenFantasma,ASM,120000,2571148,2571148
ImagenFantasma,ASM,120000,2525588,2525588
ImagenFantasma,ASM,120000,2528682,2528682
ImagenFantasma,ASM,120000,2696676,2696676
ImagenFantasma,ASM,120000,1767626,1767626
ImagenFantasma,ASM,120000,2294728,2294728
ImagenFantasma,ASM,120000,2551904,2551904
ImagenFantasma,ASM,120000,2592670,2592670
ImagenFantasma,ASM,120000,2527186,2527186
ImagenFantasma,ASM,120000,2700280,2700280
ImagenFantasma,ASM,120000,2539392,2539392
ImagenFantasma,ASM,120000,2148086,2148086
ImagenFantasma,ASM,120000,2528954,2528954
ImagenFantasma,ASM,120000,2541636,2541636
ImagenFantasma,ASM,120000,1779084,1779084
ImagenFantasma,ASM,120000,1765722,1765722
ImagenFantasma,ASM,120000,2378504,2378504
ImagenFantasma,ASM,120000,2535448,2535448
ImagenFantasma,ASM,120000,1905224,1905224
ImagenFantasma,ASM,120000,2528070,2528070
ImagenFantasma,ASM,120000,1764668,1764668
ImagenFantasma,ASM,120000,1765008,1765008
ImagenFantasma,ASM,120000,1764396,1764396
ImagenFantasma,ASM,120000,2624052,2624052
ImagenFantasma,ASM,120000,1764226,1764226
ImagenFantasma,ASM,120000,1765484,1765484
ImagenFantasma,ASM,120000,2727004,2727004
ImagenFantasma,ASM,120000,1766334,1766334
ImagenFantasma,ASM,120000,1821686,1821686
ImagenFantasma,ASM,120000,2557072,2557072
ImagenFantasma,ASM,120000,2596172,2596172
ImagenFantasma,ASM,120000,2290478,2290478
ImagenFantasma,ASM,120000,2658834,2658834
ImagenFantasma,ASM,120000,2765832,2765832
ImagenFantasma,ASM,120000,1765110,1765110
ImagenFantasma,ASM,120000,2527050,2527050
ImagenFantasma,ASM,120000,2574854,2574854
ImagenFantasma,ASM,120000,2555712,2555712
ImagenFantasma,ASM,120000,2536638,2536638
ImagenFantasma,ASM,120000,2538032,2538032
ImagenFantasma,ASM,120000,2780146,2780146
ImagenFantasma,ASM,120000,2190858,2190858
ImagenFantasma,ASM,120000,1796220,1796220
ImagenFantasma,ASM,120000,1925318,1925318
ImagenFantasma,ASM,120000,1765008,1765008
ImagenFantasma,ASM,120000,1789828,1789828
ImagenFantasma,ASM,120000,1780614,1780614
ImagenFantasma,ASM,120000,1766980,1766980
ImagenFantasma,ASM,120000,1745220,1745220
ImagenFantasma,ASM,120000,1730736,1730736
ImagenFantasma,ASM,120000,1732130,1732130
ImagenFantasma,ASM,120000,1953946,1953946
ImagenFantasma,ASM,120000,2479858,2479858
ImagenFantasma,ASM,120000,2732886,2732886
ImagenFantasma,ASM,120000,1750456,1750456
ImagenFantasma,ASM,120000,2455446,2455446
ImagenFantasma,ASM,120000,2477920,2477920
ImagenFantasma,ASM,120000,2492744,2492744
ImagenFantasma,ASM,120000,1926066,1926066
ImagenFantasma,ASM,120000,1773984,1773984
ImagenFantasma,ASM,120000,2732818,2732818
ImagenFantasma,ASM,120000,1765076,1765076
ImagenFantasma,ASM,120000,2527526,2527526
ImagenFantasma,ASM,120000,2137818,2137818
ImagenFantasma,ASM,120000,2536876,2536876
ImagenFantasma,ASM,120000,2634354,2634354
ImagenFantasma,ASM,120000,2758930,2758930
ImagenFantasma,ASM,120000,2524228,2524228
ImagenFantasma,ASM,120000,2566320,2566320
ImagenFantasma,ASM,120000,2574956,2574956
ImagenFantasma,ASM,120000,2599436,2599436
ImagenFantasma,ASM,120000,2718878,2718878
ImagenFantasma,ASM,120000,2680934,2680934
ImagenFantasma,ASM,120000,2315706,2315706
ImagenFantasma,ASM,120000,1764600,1764600
ImagenFantasma,ASM,120000,2573460,2573460
ImagenFantasma,ASM,120000,2557616,2557616
ImagenFantasma,ASM,120000,2524568,2524568
ImagenFantasma,ASM,120000,2551258,2551258
ImagenFantasma,ASM,120000,2510152,2510152
ImagenFantasma,ASM,120000,2525112,2525112
ImagenFantasma,ASM,120000,2730574,2730574
ImagenFantasma,ASM,120000,1779764,1779764
ImagenFantasma,ASM,120000,2478804,2478804
ImagenFantasma,ASM,120000,2567918,2567918
ImagenFantasma,ASM,120000,2449394,2449394
ImagenFantasma,ASM,120000,2564450,2564450
ImagenFantasma,ASM,120000,1782178,1782178
ImagenFantasma,ASM,120000,1826820,1826820
ImagenFantasma,ASM,120000,1765348,1765348
ImagenFantasma,ASM,120000,1797648,1797648
ImagenFantasma,ASM,120000,2457112,2457112
ImagenFantasma,ASM,120000,2528750,2528750
ImagenFantasma,ASM,120000,2534428,2534428
ImagenFantasma,ASM,120000,2604672,2604672
ImagenFantasma,ASM,120000,1766946,1766946
ImagenFantasma,ASM,120000,2553808,2553808
ImagenFantasma,ASM,120000,2524534,2524534
ImagenFantasma,ASM,120000,2528716,2528716
ImagenFantasma,ASM,120000,1768782,1768782
ImagenFantasma,ASM,120000,1764940,1764940
ImagenFantasma,ASM,120000,2634830,2634830
ImagenFantasma,ASM,120000,2526778,2526778
ImagenFantasma,ASM,120000,1903082,1903082
ImagenFantasma,ASM,120000,1814886,1814886
ImagenFantasma,ASM,120000,1793466,1793466
ImagenFantasma,ASM,120000,1772658,1772658
ImagenFantasma,ASM,120000,1764566,1764566
ImagenFantasma,ASM,120000,1861092,1861092
ImagenFantasma,ASM,120000,1781566,1781566
ImagenFantasma,ASM,120000,1765654,1765654
ImagenFantasma,ASM,120000,2697764,2697764
ImagenFantasma,ASM,120000,2547994,2547994
ImagenFantasma,ASM,120000,2621128,2621128
ImagenFantasma,ASM,120000,2525214,2525214
ImagenFantasma,ASM,120000,2547246,2547246
ImagenFantasma,ASM,120000,2537488,2537488
ImagenFantasma,ASM,120000,2542486,2542486
ImagenFantasma,ASM,120000,2687768,2687768
ImagenFantasma,ASM,120000,1772114,1772114
ImagenFantasma,ASM,120000,2527560,2527560
ImagenFantasma,ASM,120000,2543914,2543914
ImagenFantasma,ASM,120000,2558568,2558568
ImagenFantasma,ASM,120000,2526982,2526982
ImagenFantasma,ASM,120000,2563362,2563362
ImagenFantasma,ASM,120000,2553876,2553876
ImagenFantasma,ASM,120000,2128876,2128876
ImagenFantasma,ASM,120000,2539936,2539936
ImagenFantasma,ASM,120000,1763682,1763682
ImagenFantasma,ASM,120000,1767456,1767456
ImagenFantasma,ASM,120000,1763920,1763920
ImagenFantasma,ASM,120000,2206056,2206056
ImagenFantasma,ASM,120000,1765076,1765076
ImagenFantasma,ASM,120000,1859562,1859562
ImagenFantasma,ASM,120000,2548198,2548198
ImagenFantasma,ASM,120000,2572916,2572916
ImagenFantasma,ASM,120000,2547790,2547790
ImagenFantasma,ASM,120000,2557854,2557854
ImagenFantasma,ASM,120000,2529940,2529940
ImagenFantasma,ASM,120000,1730770,1730770
ImagenFantasma,ASM,120000,2667130,2667130
ImagenFantasma,ASM,120000,1733218,1733218
ImagenFantasma,ASM,120000,2496756,2496756
ImagenFantasma,ASM,120000,2503692,2503692
ImagenFantasma,ASM,120000,2165630,2165630
ImagenFantasma,ASM,120000,2607494,2607494
ImagenFantasma,ASM,120000,2514028,2514028
ImagenFantasma,ASM,120000,2587128,2587128
ImagenFantasma,ASM,120000,2529022,2529022
ImagenFantasma,ASM,120000,2670190,2670190
ImagenFantasma,ASM,120000,2547314,2547314
ImagenFantasma,ASM,120000,2567306,2567306
ImagenFantasma,ASM,120000,1764124,1764124
ImagenFantasma,ASM,120000,2539494,2539494
ImagenFantasma,ASM,120000,2412912,2412912
ImagenFantasma,ASM,120000,1768374,1768374
ImagenFantasma,ASM,120000,2682328,2682328
ImagenFantasma,ASM,120000,2558330,2558330
ImagenFantasma,ASM,120000,2530994,2530994
ImagenFantasma,ASM,120000,2524500,2524500
ImagenFantasma,ASM,120000,2554284,2554284
ImagenFantasma,ASM,120000,1765892,1765892
ImagenFantasma,ASM,120000,1769564,1769564
ImagenFantasma,ASM,120000,1731246,1731246
ImagenFantasma,ASM,120000,2499748,2499748
ImagenFantasma,ASM,120000,2600728,2600728
ImagenFantasma,ASM,120000,2535278,2535278
ImagenFantasma,ASM,120000,2662676,2662676
ImagenFantasma,ASM,120000,2581688,2581688
ImagenFantasma,ASM,120000,1966628,1966628
ImagenFantasma,ASM,120000,2607562,2607562
ImagenFantasma,ASM,120000,2559860,2559860
ImagenFantasma,ASM,120000,2639624,2639624
ImagenFantasma,ASM,120000,2526574,2526574
ImagenFantasma,ASM,120000,2530042,2530042
ImagenFantasma,ASM,120000,2564722,2564722
ImagenFantasma,ASM,120000,2553910,2553910
ImagenFantasma,ASM,120000,2612866,2612866
ImagenFantasma,ASM,120000,2635782,2635782
ImagenFantasma,ASM,120000,2525044,2525044
ImagenFantasma,ASM,120000,2561492,2561492
ImagenFantasma,ASM,120000,2552176,2552176
ImagenFantasma,ASM,120000,2528988,2528988
ImagenFantasma,ASM,120000,2527356,2527356
ImagenFantasma,ASM,120000,2344300,2344300
ImagenFantasma,ASM,120000,2645404,2645404
ImagenFantasma,ASM,120000,2535040,2535040
ImagenFantasma,ASM,120000,1764974,1764974
ImagenFantasma,ASM,120000,1848308,1848308
ImagenFantasma,ASM,120000,2605046,2605046
ImagenFantasma,ASM,120000,1764804,1764804
ImagenFantasma,ASM,120000,2620822,2620822
ImagenFantasma,ASM,120000,2628880,2628880
ImagenFantasma,ASM,120000,2660398,2660398
ImagenFantasma,ASM,120000,2660296,2660296
ImagenFantasma,ASM,120000,2648192,2648192
ImagenFantasma,ASM,120000,2632892,2632892
ImagenFantasma,ASM,120000,2650130,2650130
ImagenFantasma,ASM,120000,2660194,2660194
ImagenFantasma,ASM,120000,2766614,2766614
ImagenFantasma,ASM,120000,2667266,2667266
ImagenFantasma,ASM,120000,2668014,2668014
ImagenFantasma,ASM,120000,2631260,2631260
ImagenFantasma,ASM,120000,2677976,2677976
ImagenFantasma,ASM,120000,2703068,2703068
ImagenFantasma,ASM,120000,2626262,2626262
ImagenFantasma,ASM,120000,2675970,2675970
ImagenFantasma,ASM,120000,2630342,2630342
ImagenFantasma,ASM,120000,2646050,2646050
ImagenFantasma,ASM,120000,2635102,2635102
ImagenFantasma,ASM,120000,2673148,2673148
ImagenFantasma,ASM,120000,2635952,2635952
ImagenFantasma,ASM,120000,2636768,2636768
ImagenFantasma,ASM,120000,2651864,2651864
ImagenFantasma,ASM,120000,2629288,2629288
ImagenFantasma,ASM,120000,2650266,2650266
ImagenFantasma,ASM,120000,2630716,2630716
ImagenFantasma,ASM,120000,2693276,2693276
ImagenFantasma,ASM,120000,2634490,2634490
ImagenFantasma,ASM,120000,2675630,2675630
ImagenFantasma,ASM,120000,2630410,2630410
ImagenFantasma,ASM,120000,2644758,2644758
ImagenFantasma,ASM,120000,2641018,2641018
ImagenFantasma,ASM,120000,2644860,2644860
ImagenFantasma,ASM,120000,2633096,2633096
ImagenFantasma,ASM,120000,2685966,2685966
ImagenFantasma,ASM,120000,2632042,2632042
ImagenFantasma,ASM,120000,2653326,2653326
ImagenFantasma,ASM,120000,2633844,2633844
ImagenFantasma,ASM,120000,2653156,2653156
ImagenFantasma,ASM,120000,2634320,2634320
ImagenFantasma,ASM,120000,2658936,2658936
ImagenFantasma,ASM,120000,2106334,2106334
ImagenFantasma,ASM,120000,2535550,2535550
ImagenFantasma,ASM,120000,1944494,1944494
ImagenFantasma,ASM,120000,2572134,2572134
ImagenFantasma,ASM,131072,2712996,2712996
ImagenFantasma,ASM,131072,2758284,2758284
ImagenFantasma,ASM,131072,2903362,2903362
ImagenFantasma,ASM,131072,2379116,2379116
ImagenFantasma,ASM,131072,2961808,2961808
ImagenFantasma,ASM,131072,2756482,2756482
ImagenFantasma,ASM,131072,2901356,2901356
ImagenFantasma,ASM,131072,2814384,2814384
ImagenFantasma,ASM,131072,2835328,2835328
ImagenFantasma,ASM,131072,3395206,3395206
ImagenFantasma,ASM,131072,3058878,3058878
ImagenFantasma,ASM,131072,2783818,2783818
ImagenFantasma,ASM,131072,2457962,2457962
ImagenFantasma,ASM,131072,1955476,1955476
ImagenFantasma,ASM,131072,2607460,2607460
ImagenFantasma,ASM,131072,1964316,1964316
ImagenFantasma,ASM,131072,2871572,2871572
ImagenFantasma,ASM,131072,2852090,2852090
ImagenFantasma,ASM,131072,2901492,2901492
ImagenFantasma,ASM,131072,2754476,2754476
ImagenFantasma,ASM,131072,2766580,2766580
ImagenFantasma,ASM,131072,2738870,2738870
ImagenFantasma,ASM,131072,2744174,2744174
ImagenFantasma,ASM,131072,2427838,2427838
ImagenFantasma,ASM,131072,1917260,1917260
ImagenFantasma,ASM,131072,1914914,1914914
ImagenFantasma,ASM,131072,1946636,1946636
ImagenFantasma,ASM,131072,1889992,1889992
ImagenFantasma,ASM,131072,1891624,1891624
ImagenFantasma,ASM,131072,3354202,3354202
ImagenFantasma,ASM,131072,2707556,2707556
ImagenFantasma,ASM,131072,1914642,1914642
ImagenFantasma,ASM,131072,1919470,1919470
ImagenFantasma,ASM,131072,2029936,2029936
ImagenFantasma,ASM,131072,1916308,1916308
ImagenFantasma,ASM,131072,2397374,2397374
ImagenFantasma,ASM,131072,1938578,1938578
ImagenFantasma,ASM,131072,1914982,1914982
ImagenFantasma,ASM,131072,1921850,1921850
ImagenFantasma,ASM,131072,1928276,1928276
ImagenFantasma,ASM,131072,2007700,2007700
ImagenFantasma,ASM,131072,3058266,3058266
ImagenFantasma,ASM,131072,1930418,1930418
ImagenFantasma,ASM,131072,1922632,1922632
ImagenFantasma,ASM,131072,3575950,3575950
ImagenFantasma,ASM,131072,1927426,1927426
ImagenFantasma,ASM,131072,1929262,1929262
ImagenFantasma,ASM,131072,1917158,1917158
ImagenFantasma,ASM,131072,1987028,1987028
ImagenFantasma,ASM,131072,1929092,1929092
ImagenFantasma,ASM,131072,1947452,1947452
ImagenFantasma,ASM,131072,1919198,1919198
ImagenFantasma,ASM,131072,1946806,1946806
ImagenFantasma,ASM,131072,2745704,2745704
ImagenFantasma,ASM,131072,1929806,1929806
ImagenFantasma,ASM,131072,1915696,1915696
ImagenFantasma,ASM,131072,1921238,1921238
ImagenFantasma,ASM,131072,1918042,1918042
ImagenFantasma,ASM,131072,1979174,1979174
ImagenFantasma,ASM,131072,1918824,1918824
ImagenFantasma,ASM,131072,1924638,1924638
ImagenFantasma,ASM,131072,1914676,1914676
ImagenFantasma,ASM,131072,1920116,1920116
ImagenFantasma,ASM,131072,1916852,1916852
ImagenFantasma,ASM,131072,1914812,1914812
ImagenFantasma,ASM,131072,1916172,1916172
ImagenFantasma,ASM,131072,1977168,1977168
ImagenFantasma,ASM,131072,1924468,1924468
ImagenFantasma,ASM,131072,1914846,1914846
ImagenFantasma,ASM,131072,2757672,2757672
ImagenFantasma,ASM,131072,2004300,2004300
ImagenFantasma,ASM,131072,2470270,2470270
ImagenFantasma,ASM,131072,1931914,1931914
ImagenFantasma,ASM,131072,1889856,1889856
ImagenFantasma,ASM,131072,1937592,1937592
ImagenFantasma,ASM,131072,1908284,1908284
ImagenFantasma,ASM,131072,1893460,1893460
ImagenFantasma,ASM,131072,1893256,1893256
ImagenFantasma,ASM,131072,1889346,1889346
ImagenFantasma,ASM,131072,2277150,2277150
ImagenFantasma,ASM,131072,2048840,2048840
ImagenFantasma,ASM,131072,1942692,1942692
ImagenFantasma,ASM,131072,1890570,1890570
ImagenFantasma,ASM,131072,1891556,1891556
ImagenFantasma,ASM,131072,1942896,1942896
ImagenFantasma,ASM,131072,1890604,1890604
ImagenFantasma,ASM,131072,1911038,1911038
ImagenFantasma,ASM,131072,2073116,2073116
ImagenFantasma,ASM,131072,1913248,1913248
ImagenFantasma,ASM,131072,1930418,1930418
ImagenFantasma,ASM,131072,1966560,1966560
ImagenFantasma,ASM,131072,1890468,1890468
ImagenFantasma,ASM,131072,1892270,1892270
ImagenFantasma,ASM,131072,1892100,1892100
ImagenFantasma,ASM,131072,2572406,2572406
ImagenFantasma,ASM,131072,2041054,2041054
ImagenFantasma,ASM,131072,1940584,1940584
ImagenFantasma,ASM,131072,1889584,1889584
ImagenFantasma,ASM,131072,2059958,2059958
ImagenFantasma,ASM,131072,1893528,1893528
ImagenFantasma,ASM,131072,2732308,2732308
ImagenFantasma,ASM,131072,2778344,2778344
ImagenFantasma,ASM,131072,2708406,2708406
ImagenFantasma,ASM,131072,2262394,2262394
ImagenFantasma,ASM,131072,2564076,2564076
ImagenFantasma,ASM,131072,1892678,1892678
ImagenFantasma,ASM,131072,1889210,1889210
ImagenFantasma,ASM,131072,1889788,1889788
ImagenFantasma,ASM,131072,1889652,1889652
ImagenFantasma,ASM,131072,1889244,1889244
ImagenFantasma,ASM,131072,2843182,2843182
ImagenFantasma,ASM,131072,2027828,2027828
ImagenFantasma,ASM,131072,2310810,2310810
ImagenFantasma,ASM,131072,2854062,2854062
ImagenFantasma,ASM,131072,1890774,1890774
ImagenFantasma,ASM,131072,1894514,1894514
ImagenFantasma,ASM,131072,2981732,2981732
ImagenFantasma,ASM,131072,2032180,2032180
ImagenFantasma,ASM,131072,2405772,2405772
ImagenFantasma,ASM,131072,2688992,2688992
ImagenFantasma,ASM,131072,1914778,1914778
ImagenFantasma,ASM,131072,2697968,2697968
ImagenFantasma,ASM,131072,2085560,2085560
ImagenFantasma,ASM,131072,1926202,1926202
ImagenFantasma,ASM,131072,2708576,2708576
ImagenFantasma,ASM,131072,2716056,2716056
ImagenFantasma,ASM,131072,2746622,2746622
ImagenFantasma,ASM,131072,2846106,2846106
ImagenFantasma,ASM,131072,2426648,2426648
ImagenFantasma,ASM,131072,2810236,2810236
ImagenFantasma,ASM,131072,2714560,2714560
ImagenFantasma,ASM,131072,4467022,4467022
ImagenFantasma,ASM,131072,2715682,2715682
ImagenFantasma,ASM,131072,2703884,2703884
ImagenFantasma,ASM,131072,2725610,2725610
ImagenFantasma,ASM,131072,2043366,2043366
ImagenFantasma,ASM,131072,1958808,1958808
ImagenFantasma,ASM,131072,1952586,1952586
ImagenFantasma,ASM,131072,2801260,2801260
ImagenFantasma,ASM,131072,2755190,2755190
ImagenFantasma,ASM,131072,2775658,2775658
ImagenFantasma,ASM,131072,2808230,2808230
ImagenFantasma,ASM,131072,1918178,1918178
ImagenFantasma,ASM,131072,1914982,1914982
ImagenFantasma,ASM,131072,2748356,2748356
ImagenFantasma,ASM,131072,2051526,2051526
ImagenFantasma,ASM,131072,1928956,1928956
ImagenFantasma,ASM,131072,1929296,1929296
ImagenFantasma,ASM,131072,1914846,1914846
ImagenFantasma,ASM,131072,1923652,1923652
ImagenFantasma,ASM,131072,1928072,1928072
ImagenFantasma,ASM,131072,1915152,1915152
ImagenFantasma,ASM,131072,1937966,1937966
ImagenFantasma,ASM,131072,1917668,1917668
ImagenFantasma,ASM,131072,1915152,1915152
ImagenFantasma,ASM,131072,2043706,2043706
ImagenFantasma,ASM,131072,1943848,1943848
ImagenFantasma,ASM,131072,1914744,1914744
ImagenFantasma,ASM,131072,2650470,2650470
ImagenFantasma,ASM,131072,1917804,1917804
ImagenFantasma,ASM,131072,2747404,2747404
ImagenFantasma,ASM,131072,2138668,2138668
ImagenFantasma,ASM,131072,1916308,1916308
ImagenFantasma,ASM,131072,1914132,1914132
ImagenFantasma,ASM,131072,1921000,1921000
ImagenFantasma,ASM,131072,2858176,2858176
ImagenFantasma,ASM,131072,1914676,1914676
ImagenFantasma,ASM,131072,2744990,2744990
ImagenFantasma,ASM,131072,2744038,2744038
ImagenFantasma,ASM,131072,2791570,2791570
ImagenFantasma,ASM,131072,4030598,4030598
ImagenFantasma,ASM,131072,1916036,1916036
ImagenFantasma,ASM,131072,1947622,1947622
ImagenFantasma,ASM,131072,1940618,1940618
ImagenFantasma,ASM,131072,1945446,1945446
ImagenFantasma,ASM,131072,3955832,3955832
ImagenFantasma,ASM,131072,1917804,1917804
ImagenFantasma,ASM,131072,1914744,1914744
ImagenFantasma,ASM,131072,1914710,1914710
ImagenFantasma,ASM,131072,1999098,1999098
ImagenFantasma,ASM,131072,4710224,4710224
ImagenFantasma,ASM,131072,1916478,1916478
ImagenFantasma,ASM,131072,1914268,1914268
ImagenFantasma,ASM,131072,1890944,1890944
ImagenFantasma,ASM,131072,1947146,1947146
ImagenFantasma,ASM,131072,2778344,2778344
ImagenFantasma,ASM,131072,3010972,3010972
ImagenFantasma,ASM,131072,2717960,2717960
ImagenFantasma,ASM,131072,2723740,2723740
ImagenFantasma,ASM,131072,2474112,2474112
ImagenFantasma,ASM,131072,1900736,1900736
ImagenFantasma,ASM,131072,3806300,3806300
ImagenFantasma,ASM,131072,1891182,1891182
ImagenFantasma,ASM,131072,1897846,1897846
ImagenFantasma,ASM,131072,1904136,1904136
ImagenFantasma,ASM,131072,2855116,2855116
ImagenFantasma,ASM,131072,2892006,2892006
ImagenFantasma,ASM,131072,3175022,3175022
ImagenFantasma,ASM,131072,2892992,2892992
ImagenFantasma,ASM,131072,4014346,4014346
ImagenFantasma,ASM,131072,2847806,2847806
ImagenFantasma,ASM,131072,2730846,2730846
ImagenFantasma,ASM,131072,2793474,2793474
ImagenFantasma,ASM,131072,2830160,2830160
ImagenFantasma,ASM,131072,2257396,2257396
ImagenFantasma,ASM,131072,2685592,2685592
ImagenFantasma,ASM,131072,2815676,2815676
ImagenFantasma,ASM,131072,2860828,2860828
ImagenFantasma,ASM,131072,2473874,2473874
ImagenFantasma,ASM,131072,4343092,4343092
ImagenFantasma,ASM,131072,2283576,2283576
ImagenFantasma,ASM,131072,1935858,1935858
ImagenFantasma,ASM,131072,2827474,2827474
ImagenFantasma,ASM,131072,3504040,3504040
ImagenFantasma,ASM,131072,1917396,1917396
ImagenFantasma,ASM,131072,1915118,1915118
ImagenFantasma,ASM,131072,3438284,3438284
ImagenFantasma,ASM,131072,2759542,2759542
ImagenFantasma,ASM,131072,2176306,2176306
ImagenFantasma,ASM,131072,3918364,3918364
ImagenFantasma,ASM,131072,2553298,2553298
ImagenFantasma,ASM,131072,1928276,1928276
ImagenFantasma,ASM,131072,2802484,2802484
ImagenFantasma,ASM,131072,2808672,2808672
ImagenFantasma,ASM,131072,3014644,3014644
ImagenFantasma,ASM,131072,2995468,2995468
ImagenFantasma,ASM,131072,2815574,2815574
ImagenFantasma,ASM,131072,2815846,2815846
ImagenFantasma,ASM,131072,2787286,2787286
ImagenFantasma,ASM,131072,2774978,2774978
ImagenFantasma,ASM,131072,2997542,2997542
ImagenFantasma,ASM,131072,2636020,2636020
ImagenFantasma,ASM,131072,2283270,2283270
ImagenFantasma,ASM,131072,1960984,1960984
ImagenFantasma,ASM,131072,2438616,2438616
ImagenFantasma,ASM,131072,1932934,1932934
ImagenFantasma,ASM,131072,1972578,1972578
ImagenFantasma,ASM,131072,2552346,2552346
ImagenFantasma,ASM,131072,2755530,2755530
ImagenFantasma,ASM,131072,2632654,2632654
ImagenFantasma,ASM,131072,2453168,2453168
ImagenFantasma,ASM,131072,2754000,2754000
ImagenFantasma,ASM,131072,2979080,2979080
ImagenFantasma,ASM,131072,1974244,1974244
ImagenFantasma,ASM,131072,2766376,2766376
ImagenFantasma,ASM,131072,2757468,2757468
ImagenFantasma,ASM,131072,2112420,2112420
ImagenFantasma,ASM,131072,2758828,2758828
ImagenFantasma,ASM,131072,2896426,2896426
ImagenFantasma,ASM,131072,5030912,5030912
ImagenFantasma,ASM,131072,2747064,2747064
ImagenFantasma,ASM,131072,1913962,1913962
ImagenFantasma,ASM,131072,1914676,1914676
ImagenFantasma,ASM,131072,2116670,2116670
ImagenFantasma,ASM,131072,3552592,3552592
ImagenFantasma,ASM,131072,2106878,2106878
ImagenFantasma,ASM,131072,1913690,1913690
ImagenFantasma,ASM,131072,1914574,1914574
ImagenFantasma,ASM,131072,1915254,1915254
ImagenFantasma,ASM,131072,1937830,1937830
ImagenFantasma,ASM,131072,1917328,1917328
ImagenFantasma,ASM,131072,2217038,2217038
ImagenFantasma,ASM,131072,2809352,2809352
ImagenFantasma,ASM,131072,2623270,2623270
ImagenFantasma,ASM,131072,2073048,2073048
ImagenFantasma,ASM,131072,1919980,1919980
ImagenFantasma,ASM,131072,1894344,1894344
ImagenFantasma,ASM,131072,1907468,1907468
ImagenFantasma,ASM,131072,1889992,1889992
ImagenFantasma,ASM,131072,2821320,2821320
ImagenFantasma,ASM,131072,1897574,1897574
ImagenFantasma,ASM,131072,1896282,1896282
ImagenFantasma,ASM,131072,1910324,1910324
ImagenFantasma,ASM,131072,1903796,1903796
ImagenFantasma,ASM,131072,1890060,1890060
ImagenFantasma,ASM,131072,1890434,1890434
ImagenFantasma,ASM,131072,2708372,2708372
ImagenFantasma,ASM,131072,2759508,2759508
ImagenFantasma,ASM,131072,2525928,2525928
ImagenFantasma,ASM,131072,2755360,2755360
ImagenFantasma,ASM,131072,2805510,2805510
ImagenFantasma,ASM,131072,2781302,2781302
ImagenFantasma,ASM,131072,2605998,2605998
ImagenFantasma,ASM,131072,2504372,2504372
ImagenFantasma,ASM,131072,2726086,2726086
ImagenFantasma,ASM,131072,2259776,2259776
ImagenFantasma,ASM,131072,2717178,2717178
ImagenFantasma,ASM,131072,2502842,2502842
ImagenFantasma,ASM,131072,2716566,2716566
ImagenFantasma,ASM,131072,2498932,2498932
ImagenFantasma,ASM,131072,2453746,2453746
ImagenFantasma,ASM,131072,2518244,2518244
ImagenFantasma,ASM,131072,2756414,2756414
ImagenFantasma,ASM,131072,2713812,2713812
ImagenFantasma,ASM,131072,2103614,2103614
ImagenFantasma,ASM,131072,2760766,2760766
ImagenFantasma,ASM,131072,1963636,1963636
ImagenFantasma,ASM,131072,2677568,2677568
ImagenFantasma,ASM,131072,2153152,2153152
ImagenFantasma,ASM,131072,1914438,1914438
ImagenFantasma,ASM,480000,7762710,7762710
ImagenFantasma,ASM,480000,8010162,8010162
ImagenFantasma,ASM,480000,10326446,10326446
ImagenFantasma,ASM,480000,10606300,10606300
ImagenFantasma,ASM,480000,7933220,7933220
ImagenFantasma,ASM,480000,8504794,8504794
ImagenFantasma,ASM,480000,7537358,7537358
ImagenFantasma,ASM,480000,9776020,9776020
ImagenFantasma,ASM,480000,10317470,10317470
ImagenFantasma,ASM,480000,9176396,9176396
ImagenFantasma,ASM,480000,8493404,8493404
ImagenFantasma,ASM,480000,7978406,7978406
ImagenFantasma,ASM,480000,8767104,8767104
ImagenFantasma,ASM,480000,10689702,10689702
ImagenFantasma,ASM,480000,10737268,10737268
ImagenFantasma,ASM,480000,10477508,10477508
ImagenFantasma,ASM,480000,9439658,9439658
ImagenFantasma,ASM,480000,7796812,7796812
ImagenFantasma,ASM,480000,10576108,10576108
ImagenFantasma,ASM,480000,10596916,10596916
ImagenFantasma,ASM,480000,10361942,10361942
ImagenFantasma,ASM,480000,7669958,7669958
ImagenFantasma,ASM,480000,7893372,7893372
ImagenFantasma,ASM,480000,9085310,9085310
ImagenFantasma,ASM,480000,10160084,10160084
ImagenFantasma,ASM,480000,10641150,10641150
ImagenFantasma,ASM,480000,10449322,10449322
ImagenFantasma,ASM,480000,9935752,9935752
ImagenFantasma,ASM,480000,10730332,10730332
ImagenFantasma,ASM,480000,9347314,9347314
ImagenFantasma,ASM,480000,10344432,10344432
ImagenFantasma,ASM,480000,7811874,7811874
ImagenFantasma,ASM,480000,10429194,10429194
ImagenFantasma,ASM,480000,7518522,7518522
ImagenFantasma,ASM,480000,10377718,10377718
ImagenFantasma,ASM,480000,9853404,9853404
ImagenFantasma,ASM,480000,10573694,10573694
ImagenFantasma,ASM,480000,9817296,9817296
ImagenFantasma,ASM,480000,10504436,10504436
ImagenFantasma,ASM,480000,8258294,8258294
ImagenFantasma,ASM,480000,8866962,8866962
ImagenFantasma,ASM,480000,11087128,11087128
ImagenFantasma,ASM,480000,9964924,9964924
ImagenFantasma,ASM,480000,9583376,9583376
ImagenFantasma,ASM,480000,9035534,9035534
ImagenFantasma,ASM,480000,10226418,10226418
ImagenFantasma,ASM,480000,9462370,9462370
ImagenFantasma,ASM,480000,10269326,10269326
ImagenFantasma,ASM,480000,7959196,7959196
ImagenFantasma,ASM,480000,10157874,10157874
ImagenFantasma,ASM,480000,10428718,10428718
ImagenFantasma,ASM,480000,10359562,10359562
ImagenFantasma,ASM,480000,8747316,8747316
ImagenFantasma,ASM,480000,9809034,9809034
ImagenFantasma,ASM,480000,10322196,10322196
ImagenFantasma,ASM,480000,10392406,10392406
ImagenFantasma,ASM,480000,10387408,10387408
ImagenFantasma,ASM,480000,10365716,10365716
ImagenFantasma,ASM,480000,8032534,8032534
ImagenFantasma,ASM,480000,9676672,9676672
ImagenFantasma,ASM,480000,8496396,8496396
ImagenFantasma,ASM,480000,10400872,10400872
ImagenFantasma,ASM,480000,10400974,10400974
ImagenFantasma,ASM,480000,9972642,9972642
ImagenFantasma,ASM,480000,11689268,11689268
ImagenFantasma,ASM,480000,7322410,7322410
ImagenFantasma,ASM,480000,7341348,7341348
ImagenFantasma,ASM,480000,10358508,10358508
ImagenFantasma,ASM,480000,11466738,11466738
ImagenFantasma,ASM,480000,10280138,10280138
ImagenFantasma,ASM,480000,9443058,9443058
ImagenFantasma,ASM,480000,10597800,10597800
ImagenFantasma,ASM,480000,9541114,9541114
ImagenFantasma,ASM,480000,10360786,10360786
ImagenFantasma,ASM,480000,10317606,10317606
ImagenFantasma,ASM,480000,10317946,10317946
ImagenFantasma,ASM,480000,7394252,7394252
ImagenFantasma,ASM,480000,10447180,10447180
ImagenFantasma,ASM,480000,10369932,10369932
ImagenFantasma,ASM,480000,10239168,10239168
ImagenFantasma,ASM,480000,11020216,11020216
ImagenFantasma,ASM,480000,11321082,11321082
ImagenFantasma,ASM,480000,7574248,7574248
ImagenFantasma,ASM,480000,9936568,9936568
ImagenFantasma,ASM,480000,10763414,10763414
ImagenFantasma,ASM,480000,7391464,7391464
ImagenFantasma,ASM,480000,7274130,7274130
ImagenFantasma,ASM,480000,7258014,7258014
ImagenFantasma,ASM,480000,7780934,7780934
ImagenFantasma,ASM,480000,7783348,7783348
ImagenFantasma,ASM,480000,8513838,8513838
ImagenFantasma,ASM,480000,7603930,7603930
ImagenFantasma,ASM,480000,7164718,7164718
ImagenFantasma,ASM,480000,10281600,10281600
ImagenFantasma,ASM,480000,9016970,9016970
ImagenFantasma,ASM,480000,9214102,9214102
ImagenFantasma,ASM,480000,9841436,9841436
ImagenFantasma,ASM,480000,8894842,8894842
ImagenFantasma,ASM,480000,7164650,7164650
ImagenFantasma,ASM,480000,10716936,10716936
ImagenFantasma,ASM,480000,10323930,10323930
ImagenFantasma,ASM,480000,10530718,10530718
ImagenFantasma,ASM,480000,7406322,7406322
ImagenFantasma,ASM,480000,7462014,7462014
ImagenFantasma,ASM,480000,7490642,7490642
ImagenFantasma,ASM,480000,9453972,9453972
ImagenFantasma,ASM,480000,7659928,7659928
ImagenFantasma,ASM,480000,8580036,8580036
ImagenFantasma,ASM,480000,10303598,10303598
ImagenFantasma,ASM,480000,8406806,8406806
ImagenFantasma,ASM,480000,9639408,9639408
ImagenFantasma,ASM,480000,10273474,10273474
ImagenFantasma,ASM,480000,7462320,7462320
ImagenFantasma,ASM,480000,7865390,7865390
ImagenFantasma,ASM,480000,7166146,7166146
ImagenFantasma,ASM,480000,10249402,10249402
ImagenFantasma,ASM,480000,7265630,7265630
ImagenFantasma,ASM,480000,10509604,10509604
ImagenFantasma,ASM,480000,10439190,10439190
ImagenFantasma,ASM,480000,8796208,8796208
ImagenFantasma,ASM,480000,8846290,8846290
ImagenFantasma,ASM,480000,8842584,8842584
ImagenFantasma,ASM,480000,10416104,10416104
ImagenFantasma,ASM,480000,10379282,10379282
ImagenFantasma,ASM,480000,10014462,10014462
ImagenFantasma,ASM,480000,8570482,8570482
ImagenFantasma,ASM,480000,8777508,8777508
ImagenFantasma,ASM,480000,9004356,9004356
ImagenFantasma,ASM,480000,10084468,10084468
ImagenFantasma,ASM,480000,7710690,7710690
ImagenFantasma,ASM,480000,7252506,7252506
ImagenFantasma,ASM,480000,8424418,8424418
ImagenFantasma,ASM,480000,9653552,9653552
ImagenFantasma,ASM,480000,9481784,9481784
ImagenFantasma,ASM,480000,10274018,10274018
ImagenFantasma,ASM,480000,7656358,7656358
ImagenFantasma,ASM,480000,10132000,10132000
ImagenFantasma,ASM,480000,8000574,8000574
ImagenFantasma,ASM,480000,7884838,7884838
ImagenFantasma,ASM,480000,10404952,10404952
ImagenFantasma,ASM,480000,8317692,8317692
ImagenFantasma,ASM,480000,9569470,9569470
ImagenFantasma,ASM,480000,10255148,10255148
ImagenFantasma,ASM,480000,9939016,9939016
ImagenFantasma,ASM,480000,7903912,7903912
ImagenFantasma,ASM,480000,8074626,8074626
ImagenFantasma,ASM,480000,10239814,10239814
ImagenFantasma,ASM,480000,7377524,7377524
ImagenFantasma,ASM,480000,10226248,10226248
ImagenFantasma,ASM,480000,10328792,10328792
ImagenFantasma,ASM,480000,8548280,8548280
ImagenFantasma,ASM,480000,7277530,7277530
ImagenFantasma,ASM,480000,9911884,9911884
ImagenFantasma,ASM,480000,7263046,7263046
ImagenFantasma,ASM,480000,10165626,10165626
ImagenFantasma,ASM,480000,9932114,9932114
ImagenFantasma,ASM,480000,10005214,10005214
ImagenFantasma,ASM,480000,7376606,7376606
ImagenFantasma,ASM,480000,10297172,10297172
ImagenFantasma,ASM,480000,7365216,7365216
ImagenFantasma,ASM,480000,9724034,9724034
ImagenFantasma,ASM,480000,7338050,7338050
ImagenFantasma,ASM,480000,7733878,7733878
ImagenFantasma,ASM,480000,11611578,11611578
ImagenFantasma,ASM,480000,8939960,8939960
ImagenFantasma,ASM,480000,8265570,8265570
ImagenFantasma,ASM,480000,7286200,7286200
ImagenFantasma,ASM,480000,8094244,8094244
ImagenFantasma,ASM,480000,8265910,8265910
ImagenFantasma,ASM,480000,8386134,8386134
ImagenFantasma,ASM,480000,9954044,9954044
ImagenFantasma,ASM,480000,7267874,7267874
ImagenFantasma,ASM,480000,10290576,10290576
ImagenFantasma,ASM,480000,10250558,10250558
ImagenFantasma,ASM,480000,10414540,10414540
ImagenFantasma,ASM,480000,7274606,7274606
ImagenFantasma,ASM,480000,9034888,9034888
ImagenFantasma,ASM,480000,7382114,7382114
ImagenFantasma,ASM,480000,10207072,10207072
ImagenFantasma,ASM,480000,8211136,8211136
ImagenFantasma,ASM,480000,10065428,10065428
ImagenFantasma,ASM,480000,10278948,10278948
ImagenFantasma,ASM,480000,9076708,9076708
ImagenFantasma,ASM,480000,9957920,9957920
ImagenFantasma,ASM,480000,10071038,10071038
ImagenFantasma,ASM,480000,8390520,8390520
ImagenFantasma,ASM,480000,8694412,8694412
ImagenFantasma,ASM,480000,8668844,8668844
ImagenFantasma,ASM,480000,9950814,9950814
ImagenFantasma,ASM,480000,7991938,7991938
ImagenFantasma,ASM,480000,7182976,7182976
ImagenFantasma,ASM,480000,10283742,10283742
ImagenFantasma,ASM,480000,8662078,8662078
ImagenFantasma,ASM,480000,8062318,8062318
ImagenFantasma,ASM,480000,9107954,9107954
ImagenFantasma,ASM,480000,10068726,10068726
ImagenFantasma,ASM,480000,10246886,10246886
ImagenFantasma,ASM,480000,8743814,8743814
ImagenFantasma,ASM,480000,7238260,7238260
ImagenFantasma,ASM,480000,7384868,7384868
ImagenFantasma,ASM,480000,7340192,7340192
ImagenFantasma,ASM,480000,7171654,7171654
ImagenFantasma,ASM,480000,9442718,9442718
ImagenFantasma,ASM,480000,7675636,7675636
ImagenFantasma,ASM,480000,10639756,10639756
ImagenFantasma,ASM,480000,7307654,7307654
ImagenFantasma,ASM,480000,7735748,7735748
ImagenFantasma,ASM,480000,9874348,9874348
ImagenFantasma,ASM,480000,7306872,7306872
ImagenFantasma,ASM,480000,7386874,7386874
ImagenFantasma,ASM,480000,7265324,7265324
ImagenFantasma,ASM,480000,7747240,7747240
ImagenFantasma,ASM,480000,9614384,9614384
ImagenFantasma,ASM,480000,7343184,7343184
ImagenFantasma,ASM,480000,9598710,9598710
ImagenFantasma,ASM,480000,7505908,7505908
ImagenFantasma,ASM,480000,7169104,7169104
ImagenFantasma,ASM,480000,8572964,8572964
ImagenFantasma,ASM,480000,7299562,7299562
ImagenFantasma,ASM,480000,10342120,10342120
ImagenFantasma,ASM,480000,10214484,10214484
ImagenFantasma,ASM,480000,10488252,10488252
ImagenFantasma,ASM,480000,10182592,10182592
ImagenFantasma,ASM,480000,9800500,9800500
ImagenFantasma,ASM,480000,8286106,8286106
ImagenFantasma,ASM,480000,9521394,9521394
ImagenFantasma,ASM,480000,7606718,7606718
ImagenFantasma,ASM,480000,7261278,7261278
ImagenFantasma,ASM,480000,8586700,8586700
ImagenFantasma,ASM,480000,9865372,9865372
ImagenFantasma,ASM,480000,7387758,7387758
ImagenFantasma,ASM,480000,9476616,9476616
ImagenFantasma,ASM,480000,7173150,7173150
ImagenFantasma,ASM,480000,10265450,10265450
ImagenFantasma,ASM,480000,8961006,8961006
ImagenFantasma,ASM,480000,8018084,8018084
ImagenFantasma,ASM,480000,7263658,7263658
ImagenFantasma,ASM,480000,10653424,10653424
ImagenFantasma,ASM,480000,10320564,10320564
ImagenFantasma,ASM,480000,10015856,10015856
ImagenFantasma,ASM,480000,10336816,10336816
ImagenFantasma,ASM,480000,10262016,10262016
ImagenFantasma,ASM,480000,10529528,10529528
ImagenFantasma,ASM,480000,7309184,7309184
ImagenFantasma,ASM,480000,10314716,10314716
ImagenFantasma,ASM,480000,8381034,8381034
ImagenFantasma,ASM,480000,10434634,10434634
ImagenFantasma,ASM,480000,10410188,10410188
ImagenFantasma,ASM,480000,10353952,10353952
ImagenFantasma,ASM,480000,10352184,10352184
ImagenFantasma,ASM,480000,8720898,8720898
ImagenFantasma,ASM,480000,9636178,9636178
ImagenFantasma,ASM,480000,10291732,10291732
ImagenFantasma,ASM,480000,8976850,8976850
ImagenFantasma,ASM,480000,7185220,7185220
ImagenFantasma,ASM,480000,8480790,8480790
ImagenFantasma,ASM,480000,7994862,7994862
ImagenFantasma,ASM,480000,10382648,10382648
ImagenFantasma,ASM,480000,10549996,10549996
ImagenFantasma,ASM,480000,8290084,8290084
ImagenFantasma,ASM,480000,9151168,9151168
ImagenFantasma,ASM,480000,7257946,7257946
ImagenFantasma,ASM,480000,7494008,7494008
ImagenFantasma,ASM,480000,8822388,8822388
ImagenFantasma,ASM,480000,10773376,10773376
ImagenFantasma,ASM,480000,10674844,10674844
ImagenFantasma,ASM,480000,9689422,9689422
ImagenFantasma,ASM,480000,9296994,9296994
ImagenFantasma,ASM,480000,8133208,8133208
ImagenFantasma,ASM,480000,9288800,9288800
ImagenFantasma,ASM,480000,9769696,9769696
ImagenFantasma,ASM,480000,8667246,8667246
ImagenFantasma,ASM,480000,9578922,9578922
ImagenFantasma,ASM,480000,10213294,10213294
ImagenFantasma,ASM,480000,8390486,8390486
ImagenFantasma,ASM,480000,10342936,10342936
ImagenFantasma,ASM,480000,11486934,11486934
ImagenFantasma,ASM,480000,7992040,7992040
ImagenFantasma,ASM,480000,9617376,9617376
ImagenFantasma,ASM,480000,10138392,10138392
ImagenFantasma,ASM,480000,7184098,7184098
ImagenFantasma,ASM,480000,10058594,10058594
ImagenFantasma,ASM,480000,10123092,10123092
ImagenFantasma,ASM,480000,7274436,7274436
ImagenFantasma,ASM,480000,8826536,8826536
ImagenFantasma,ASM,480000,7462048,7462048
ImagenFantasma,ASM,480000,7179542,7179542
ImagenFantasma,ASM,480000,9419428,9419428
ImagenFantasma,ASM,480000,8372126,8372126
ImagenFantasma,ASM,480000,8365904,8365904
ImagenFantasma,ASM,480000,7360796,7360796
ImagenFantasma,ASM,480000,10199490,10199490
ImagenFantasma,ASM,480000,10798400,10798400
ImagenFantasma,ASM,480000,10198980,10198980
ImagenFantasma,ASM,480000,10255182,10255182
ImagenFantasma,ASM,480000,8288180,8288180
ImagenFantasma,ASM,480000,10256916,10256916
ImagenFantasma,ASM,480000,8963080,8963080
ImagenFantasma,ASM,480000,9735628,9735628
ImagenFantasma,ASM,480000,9971214,9971214
ImagenFantasma,ASM,1920000,42500884,42500884
ImagenFantasma,ASM,1920000,38234122,38234122
ImagenFantasma,ASM,1920000,33586866,33586866
ImagenFantasma,ASM,1920000,36894590,36894590
ImagenFantasma,ASM,1920000,38659258,38659258
ImagenFantasma,ASM,1920000,40970816,40970816
ImagenFantasma,ASM,1920000,42052866,42052866
ImagenFantasma,ASM,1920000,35143692,35143692
ImagenFantasma,ASM,1920000,31501918,31501918
ImagenFantasma,ASM,1920000,43025096,43025096
ImagenFantasma,ASM,1920000,37825850,37825850
ImagenFantasma,ASM,1920000,33724974,33724974
ImagenFantasma,ASM,1920000,35024828,35024828
ImagenFantasma,ASM,1920000,40417160,40417160
ImagenFantasma,ASM,1920000,35756066,35756066
ImagenFantasma,ASM,1920000,35459314,35459314
ImagenFantasma,ASM,1920000,36076040,36076040
ImagenFantasma,ASM,1920000,37623550,37623550
ImagenFantasma,ASM,1920000,36458948,36458948
ImagenFantasma,ASM,1920000,31828930,31828930
ImagenFantasma,ASM,1920000,34244630,34244630
ImagenFantasma,ASM,1920000,31302270,31302270
ImagenFantasma,ASM,1920000,41096854,41096854
ImagenFantasma,ASM,1920000,41935022,41935022
ImagenFantasma,ASM,1920000,42147896,42147896
ImagenFantasma,ASM,1920000,36523684,36523684
ImagenFantasma,ASM,1920000,38861116,38861116
ImagenFantasma,ASM,1920000,34280806,34280806
ImagenFantasma,ASM,1920000,34183566,34183566
ImagenFantasma,ASM,1920000,32313328,32313328
ImagenFantasma,ASM,1920000,42049738,42049738
ImagenFantasma,ASM,1920000,34089284,34089284
ImagenFantasma,ASM,1920000,39287442,39287442
ImagenFantasma,ASM,1920000,37398300,37398300
ImagenFantasma,ASM,1920000,38301612,38301612
ImagenFantasma,ASM,1920000,34091426,34091426
ImagenFantasma,ASM,1920000,40200274,40200274
ImagenFantasma,ASM,1920000,41977352,41977352
ImagenFantasma,ASM,1920000,40781164,40781164
ImagenFantasma,ASM,1920000,38018732,38018732
ImagenFantasma,ASM,1920000,34873460,34873460
ImagenFantasma,ASM,1920000,36948310,36948310
ImagenFantasma,ASM,1920000,37613282,37613282
ImagenFantasma,ASM,1920000,30684490,30684490
ImagenFantasma,ASM,1920000,39474782,39474782
ImagenFantasma,ASM,1920000,32580840,32580840
ImagenFantasma,ASM,1920000,33789336,33789336
ImagenFantasma,ASM,1920000,36471426,36471426
ImagenFantasma,ASM,1920000,31622822,31622822
ImagenFantasma,ASM,1920000,43924498,43924498
ImagenFantasma,ASM,1920000,30584190,30584190
ImagenFantasma,ASM,1920000,33619744,33619744
ImagenFantasma,ASM,1920000,34814028,34814028
ImagenFantasma,ASM,1920000,34664972,34664972
ImagenFantasma,ASM,1920000,38828272,38828272
ImagenFantasma,ASM,1920000,37588870,37588870
ImagenFantasma,ASM,1920000,34012682,34012682
ImagenFantasma,ASM,1920000,33760198,33760198
ImagenFantasma,ASM,1920000,38203896,38203896
ImagenFantasma,ASM,1920000,31089498,31089498
ImagenFantasma,ASM,1920000,32618274,32618274
ImagenFantasma,ASM,1920000,39711932,39711932
ImagenFantasma,ASM,1920000,32648296,32648296
ImagenFantasma,ASM,1920000,35912670,35912670
ImagenFantasma,ASM,1920000,42013460,42013460
ImagenFantasma,ASM,1920000,35111528,35111528
ImagenFantasma,ASM,1920000,36571760,36571760
ImagenFantasma,ASM,1920000,30641854,30641854
ImagenFantasma,ASM,1920000,37618824,37618824
ImagenFantasma,ASM,1920000,39583990,39583990
ImagenFantasma,ASM,1920000,31320358,31320358
ImagenFantasma,ASM,1920000,32784500,32784500
ImagenFantasma,ASM,1920000,33241086,33241086
ImagenFantasma,ASM,1920000,37111714,37111714
ImagenFantasma,ASM,1920000,40201872,40201872
ImagenFantasma,ASM,1920000,38321230,38321230
ImagenFantasma,ASM,1920000,33611414,33611414
ImagenFantasma,ASM,1920000,35807202,35807202
ImagenFantasma,ASM,1920000,41158360,41158360
ImagenFantasma,ASM,1920000,34859962,34859962
ImagenFantasma,ASM,1920000,40591580,40591580
ImagenFantasma,ASM,1920000,33779884,33779884
ImagenFantasma,ASM,1920000,42248910,42248910
ImagenFantasma,ASM,1920000,33468308,33468308
ImagenFantasma,ASM,1920000,38623286,38623286
ImagenFantasma,ASM,1920000,36239818,36239818
ImagenFantasma,ASM,1920000,35247324,35247324
ImagenFantasma,ASM,1920000,47119274,47119274
ImagenFantasma,ASM,1920000,31084806,31084806
ImagenFantasma,ASM,1920000,43955404,43955404
ImagenFantasma,ASM,1920000,35753720,35753720
ImagenFantasma,ASM,1920000,40988190,40988190
ImagenFantasma,ASM,1920000,31786226,31786226
ImagenFantasma,ASM,1920000,40957488,40957488
ImagenFantasma,ASM,1920000,30127876,30127876
ImagenFantasma,ASM,1920000,40680592,40680592
ImagenFantasma,ASM,1920000,32650370,32650370
ImagenFantasma,ASM,1920000,35743622,35743622
ImagenFantasma,ASM,1920000,30765478,30765478
ImagenFantasma,ASM,1920000,41380924,41380924
ImagenFantasma,ASM,1920000,37911632,37911632
ImagenFantasma,ASM,1920000,31719824,31719824
ImagenFantasma,ASM,1920000,34199104,34199104
ImagenFantasma,ASM,1920000,42074864,42074864
ImagenFantasma,ASM,1920000,33469566,33469566
ImagenFantasma,ASM,1920000,32978572,32978572
ImagenFantasma,ASM,1920000,40120850,40120850
ImagenFantasma,ASM,1920000,42952778,42952778
ImagenFantasma,ASM,1920000,36208776,36208776
ImagenFantasma,ASM,1920000,37701580,37701580
ImagenFantasma,ASM,1920000,32268482,32268482
ImagenFantasma,ASM,1920000,42481334,42481334
ImagenFantasma,ASM,1920000,33051128,33051128
ImagenFantasma,ASM,1920000,30749056,30749056
ImagenFantasma,ASM,1920000,31746820,31746820
ImagenFantasma,ASM,1920000,32426310,32426310
ImagenFantasma,ASM,1920000,31704592,31704592
ImagenFantasma,ASM,1920000,30791148,30791148
ImagenFantasma,ASM,1920000,37562418,37562418
ImagenFantasma,ASM,1920000,35100954,35100954
ImagenFantasma,ASM,1920000,39643830,39643830
ImagenFantasma,ASM,1920000,31854600,31854600
ImagenFantasma,ASM,1920000,31408554,31408554
ImagenFantasma,ASM,1920000,37074178,37074178
ImagenFantasma,ASM,1920000,31597492,31597492
ImagenFantasma,ASM,1920000,33978920,33978920
ImagenFantasma,ASM,1920000,36776406,36776406
ImagenFantasma,ASM,1920000,33301028,33301028
ImagenFantasma,ASM,1920000,31951466,31951466
ImagenFantasma,ASM,1920000,33514548,33514548
ImagenFantasma,ASM,1920000,34309740,34309740
ImagenFantasma,ASM,1920000,37379056,37379056
ImagenFantasma,ASM,1920000,34288150,34288150
ImagenFantasma,ASM,1920000,33983238,33983238
ImagenFantasma,ASM,1920000,33153672,33153672
ImagenFantasma,ASM,1920000,35037408,35037408
ImagenFantasma,ASM,1920000,42333944,42333944
ImagenFantasma,ASM,1920000,33416016,33416016
ImagenFantasma,ASM,1920000,32911184,32911184
ImagenFantasma,ASM,1920000,37705150,37705150
ImagenFantasma,ASM,1920000,31243892,31243892
ImagenFantasma,ASM,1920000,31482436,31482436
ImagenFantasma,ASM,1920000,42966242,42966242
ImagenFantasma,ASM,1920000,33455864,33455864
ImagenFantasma,ASM,1920000,34430916,34430916
ImagenFantasma,ASM,1920000,30577390,30577390
ImagenFantasma,ASM,1920000,34124950,34124950
ImagenFantasma,ASM,1920000,33636064,33636064
ImagenFantasma,ASM,1920000,34322830,34322830
ImagenFantasma,ASM,1920000,39848952,39848952
ImagenFantasma,ASM,1920000,39720126,39720126
ImagenFantasma,ASM,1920000,34781796,34781796
ImagenFantasma,ASM,1920000,41573534,41573534
ImagenFantasma,ASM,1920000,34126004,34126004
ImagenFantasma,ASM,1920000,42019750,42019750
ImagenFantasma,ASM,1920000,30424050,30424050
ImagenFantasma,ASM,1920000,38355774,38355774
ImagenFantasma,ASM,1920000,38230756,38230756
ImagenFantasma,ASM,1920000,36956130,36956130
ImagenFantasma,ASM,1920000,37580302,37580302
ImagenFantasma,ASM,1920000,33156868,33156868
ImagenFantasma,ASM,1920000,34387940,34387940
ImagenFantasma,ASM,1920000,36334950,36334950
ImagenFantasma,ASM,1920000,37617362,37617362
ImagenFantasma,ASM,1920000,36110448,36110448
ImagenFantasma,ASM,1920000,41245230,41245230
ImagenFantasma,ASM,1920000,39896926,39896926
ImagenFantasma,ASM,1920000,38782100,38782100
ImagenFantasma,ASM,1920000,34687616,34687616
ImagenFantasma,ASM,1920000,36393328,36393328
ImagenFantasma,ASM,1920000,39889242,39889242
ImagenFantasma,ASM,1920000,30844120,30844120
ImagenFantasma,ASM,1920000,41184234,41184234
ImagenFantasma,ASM,1920000,31275954,31275954
ImagenFantasma,ASM,1920000,31351910,31351910
ImagenFantasma,ASM,1920000,33560550,33560550
ImagenFantasma,ASM,1920000,37287902,37287902
ImagenFantasma,ASM,1920000,30327966,30327966
ImagenFantasma,ASM,1920000,38111008,38111008
ImagenFantasma,ASM,1920000,42966242,42966242
ImagenFantasma,ASM,1920000,30725970,30725970
ImagenFantasma,ASM,1920000,33128852,33128852
ImagenFantasma,ASM,1920000,32126838,32126838
ImagenFantasma,ASM,1920000,33318436,33318436
ImagenFantasma,ASM,1920000,34009350,34009350
ImagenFantasma,ASM,1920000,39011294,39011294
ImagenFantasma,ASM,1920000,32281334,32281334
ImagenFantasma,ASM,1920000,34672112,34672112
ImagenFantasma,ASM,1920000,42228714,42228714
ImagenFantasma,ASM,1920000,31188914,31188914
ImagenFantasma,ASM,1920000,33304938,33304938
ImagenFantasma,ASM,1920000,34185062,34185062
ImagenFantasma,ASM,1920000,40114118,40114118
ImagenFantasma,ASM,1920000,35636556,35636556
ImagenFantasma,ASM,1920000,38721410,38721410
ImagenFantasma,ASM,1920000,37910170,37910170
ImagenFantasma,ASM,1920000,38903786,38903786
ImagenFantasma,ASM,1920000,30769252,30769252
ImagenFantasma,ASM,1920000,31279218,31279218
ImagenFantasma,ASM,1920000,37635892,37635892
ImagenFantasma,ASM,1920000,40155666,40155666
ImagenFantasma,ASM,1920000,34603058,34603058
ImagenFantasma,ASM,1920000,32628304,32628304
ImagenFantasma,ASM,1920000,38310316,38310316
ImagenFantasma,ASM,1920000,42452332,42452332
ImagenFantasma,ASM,1920000,38659768,38659768
ImagenFantasma,ASM,1920000,39607246,39607246
ImagenFantasma,ASM,1920000,40571044,40571044
ImagenFantasma,ASM,1920000,33341250,33341250
ImagenFantasma,ASM,1920000,32959940,32959940
ImagenFantasma,ASM,1920000,39438844,39438844
ImagenFantasma,ASM,1920000,37350258,37350258
ImagenFantasma,ASM,1920000,34755922,34755922
ImagenFantasma,ASM,1920000,35529796,35529796
ImagenFantasma,ASM,1920000,33381710,33381710
ImagenFantasma,ASM,1920000,40628538,40628538
ImagenFantasma,ASM,1920000,31019628,31019628
ImagenFantasma,ASM,1920000,38358018,38358018
ImagenFantasma,ASM,1920000,38374134,38374134
ImagenFantasma,ASM,1920000,40619868,40619868
ImagenFantasma,ASM,1920000,36304010,36304010
ImagenFantasma,ASM,1920000,31407670,31407670
ImagenFantasma,ASM,1920000,36147814,36147814
ImagenFantasma,ASM,1920000,39622478,39622478
ImagenFantasma,ASM,1920000,33233368,33233368
ImagenFantasma,ASM,1920000,34822970,34822970
ImagenFantasma,ASM,1920000,33010022,33010022
ImagenFantasma,ASM,1920000,34575586,34575586
ImagenFantasma,ASM,1920000,33106786,33106786
ImagenFantasma,ASM,1920000,34199070,34199070
ImagenFantasma,ASM,1920000,32518960,32518960
ImagenFantasma,ASM,1920000,36393770,36393770
ImagenFantasma,ASM,1920000,30518672,30518672
ImagenFantasma,ASM,1920000,37950936,37950936
ImagenFantasma,ASM,1920000,36121634,36121634
ImagenFantasma,ASM,1920000,30481068,30481068
ImagenFantasma,ASM,1920000,33783386,33783386
ImagenFantasma,ASM,1920000,34900286,34900286
ImagenFantasma,ASM,1920000,37590468,37590468
ImagenFantasma,ASM,1920000,41135818,41135818
ImagenFantasma,ASM,1920000,36729588,36729588
ImagenFantasma,ASM,1920000,34021352,34021352
ImagenFantasma,ASM,1920000,35331134,35331134
ImagenFantasma,ASM,1920000,32122520,32122520
ImagenFantasma,ASM,1920000,36893604,36893604
ImagenFantasma,ASM,1920000,42562934,42562934
ImagenFantasma,ASM,1920000,41939136,41939136
ImagenFantasma,ASM,1920000,38935814,38935814
ImagenFantasma,ASM,1920000,31940314,31940314
ImagenFantasma,ASM,1920000,31984378,31984378
ImagenFantasma,ASM,1920000,37422440,37422440
ImagenFantasma,ASM,1920000,39008132,39008132
ImagenFantasma,ASM,1920000,37616818,37616818
ImagenFantasma,ASM,1920000,31840864,31840864
ImagenFantasma,ASM,1920000,32691272,32691272
ImagenFantasma,ASM,1920000,36742406,36742406
ImagenFantasma,ASM,1920000,34273768,34273768
ImagenFantasma,ASM,1920000,37377186,37377186
ImagenFantasma,ASM,1920000,36079746,36079746
ImagenFantasma,ASM,1920000,39902162,39902162
ImagenFantasma,ASM,1920000,39808696,39808696
ImagenFantasma,ASM,1920000,39901312,39901312
ImagenFantasma,ASM,1920000,37045584,37045584
ImagenFantasma,ASM,1920000,39556756,39556756
ImagenFantasma,ASM,1920000,38280260,38280260
ImagenFantasma,ASM,1920000,40852326,40852326
ImagenFantasma,ASM,1920000,38381614,38381614
ImagenFantasma,ASM,1920000,32235230,32235230
ImagenFantasma,ASM,1920000,38814842,38814842
ImagenFantasma,ASM,1920000,39475394,39475394
ImagenFantasma,ASM,1920000,39816278,39816278
ImagenFantasma,ASM,1920000,36230570,36230570
ImagenFantasma,ASM,1920000,36625616,36625616
ImagenFantasma,ASM,1920000,38175710,38175710
ImagenFantasma,ASM,1920000,36227102,36227102
ImagenFantasma,ASM,1920000,33797020,33797020
ImagenFantasma,ASM,1920000,34902768,34902768
ImagenFantasma,ASM,1920000,31730500,31730500
ImagenFantasma,ASM,1920000,38228648,38228648
ImagenFantasma,ASM,1920000,35432046,35432046
ImagenFantasma,ASM,1920000,35517760,35517760
ImagenFantasma,ASM,1920000,38737390,38737390
ImagenFantasma,ASM,1920000,33808104,33808104
ImagenFantasma,ASM,1920000,39851026,39851026
ImagenFantasma,ASM,1920000,42168466,42168466
ImagenFantasma,ASM,1920000,39823282,39823282
ImagenFantasma,ASM,1920000,34779926,34779926
ImagenFantasma,ASM,1920000,41699130,41699130
ImagenFantasma,ASM,1920000,33207120,33207120
ImagenFantasma,ASM,1920000,42065412,42065412
ImagenFantasma,ASM,1920000,43458086,43458086
ImagenFantasma,ASM,1920000,39691124,39691124
ImagenFantasma,ASM,1920000,34649264,34649264
ImagenFantasma,ASM,1920000,31854056,31854056
ImagenFantasma,ASM,1920000,38927620,38927620
ImagenFantasma,ASM,1920000,37922682,37922682
ImagenFantasma,ASM,1920000,32258452,32258452
ImagenFantasma,ASM,1920000,34419220,34419220
ImagenFantasma,ASM,1920000,32164102,32164102
ImagenFantasma,ASM,1920000,40123094,40123094
