ReforzarBrillo,ASM,512,11152,11152
ReforzarBrillo,ASM,512,8568,8568
ReforzarBrillo,ASM,512,7854,7854
ReforzarBrillo,ASM,512,7786,7786
ReforzarBrillo,ASM,512,7412,7412
ReforzarBrillo,ASM,512,7412,7412
ReforzarBrillo,ASM,512,7344,7344
ReforzarBrillo,ASM,512,7684,7684
ReforzarBrillo,ASM,512,7276,7276
ReforzarBrillo,ASM,512,7684,7684
ReforzarBrillo,ASM,512,7344,7344
ReforzarBrillo,ASM,512,7650,7650
ReforzarBrillo,ASM,512,7718,7718
ReforzarBrillo,ASM,512,7514,7514
ReforzarBrillo,ASM,512,7446,7446
ReforzarBrillo,ASM,512,9316,9316
ReforzarBrillo,ASM,512,7344,7344
ReforzarBrillo,ASM,512,7480,7480
ReforzarBrillo,ASM,512,7446,7446
ReforzarBrillo,ASM,512,7412,7412
ReforzarBrillo,ASM,512,7344,7344
ReforzarBrillo,ASM,512,7684,7684
ReforzarBrillo,ASM,512,7344,7344
ReforzarBrillo,ASM,512,7582,7582
ReforzarBrillo,ASM,512,7310,7310
ReforzarBrillo,ASM,512,7480,7480
ReforzarBrillo,ASM,512,7174,7174
ReforzarBrillo,ASM,512,7242,7242
ReforzarBrillo,ASM,512,5984,5984
ReforzarBrillo,ASM,512,6086,6086
ReforzarBrillo,ASM,512,6902,6902
ReforzarBrillo,ASM,512,7412,7412
ReforzarBrillo,ASM,512,7242,7242
ReforzarBrillo,ASM,512,7480,7480
ReforzarBrillo,ASM,512,7344,7344
ReforzarBrillo,ASM,512,7378,7378
ReforzarBrillo,ASM,512,7140,7140
ReforzarBrillo,ASM,512,7650,7650
ReforzarBrillo,ASM,512,7310,7310
ReforzarBrillo,ASM,512,7276,7276
ReforzarBrillo,ASM,512,7684,7684
ReforzarBrillo,ASM,512,7548,7548
ReforzarBrillo,ASM,512,5916,5916
ReforzarBrillo,ASM,512,6120,6120
ReforzarBrillo,ASM,512,7072,7072
ReforzarBrillo,ASM,512,7378,7378
ReforzarBrillo,ASM,512,7242,7242
ReforzarBrillo,ASM,512,7412,7412
ReforzarBrillo,ASM,512,7242,7242
ReforzarBrillo,ASM,512,7174,7174
ReforzarBrillo,ASM,512,6800,6800
ReforzarBrillo,ASM,512,7480,7480
ReforzarBrillo,ASM,512,8636,8636
ReforzarBrillo,ASM,512,8874,8874
ReforzarBrillo,ASM,512,7854,7854
ReforzarBrillo,ASM,512,9656,9656
ReforzarBrillo,ASM,512,7208,7208
ReforzarBrillo,ASM,512,7956,7956
ReforzarBrillo,ASM,512,9452,9452
ReforzarBrillo,ASM,512,10642,10642
ReforzarBrillo,ASM,512,7956,7956
ReforzarBrillo,ASM,512,8058,8058
ReforzarBrillo,ASM,512,7650,7650
ReforzarBrillo,ASM,512,7344,7344
ReforzarBrillo,ASM,512,6426,6426
ReforzarBrillo,ASM,512,7004,7004
ReforzarBrillo,ASM,512,7616,7616
ReforzarBrillo,ASM,512,6766,6766
ReforzarBrillo,ASM,512,7276,7276
ReforzarBrillo,ASM,512,6902,6902
ReforzarBrillo,ASM,512,6834,6834
ReforzarBrillo,ASM,512,6800,6800
ReforzarBrillo,ASM,512,6120,6120
ReforzarBrillo,ASM,512,7174,7174
ReforzarBrillo,ASM,512,6426,6426
ReforzarBrillo,ASM,512,7276,7276
ReforzarBrillo,ASM,512,6324,6324
ReforzarBrillo,ASM,512,6970,6970
ReforzarBrillo,ASM,512,7446,7446
ReforzarBrillo,ASM,512,6970,6970
ReforzarBrillo,ASM,512,10234,10234
ReforzarBrillo,ASM,512,7242,7242
ReforzarBrillo,ASM,512,7310,7310
ReforzarBrillo,ASM,512,7446,7446
ReforzarBrillo,ASM,512,7344,7344
ReforzarBrillo,ASM,512,7582,7582
ReforzarBrillo,ASM,512,7072,7072
ReforzarBrillo,ASM,512,7718,7718
ReforzarBrillo,ASM,512,14518,14518
ReforzarBrillo,ASM,512,7344,7344
ReforzarBrillo,ASM,512,8058,8058
ReforzarBrillo,ASM,512,7582,7582
ReforzarBrillo,ASM,512,7378,7378
ReforzarBrillo,ASM,512,8704,8704
ReforzarBrillo,ASM,512,7140,7140
ReforzarBrillo,ASM,512,7582,7582
ReforzarBrillo,ASM,512,7378,7378
ReforzarBrillo,ASM,512,7412,7412
ReforzarBrillo,ASM,512,7072,7072
ReforzarBrillo,ASM,512,7378,7378
ReforzarBrillo,ASM,512,7514,7514
ReforzarBrillo,ASM,512,7650,7650
ReforzarBrillo,ASM,512,6766,6766
ReforzarBrillo,ASM,512,7820,7820
ReforzarBrillo,ASM,512,5814,5814
ReforzarBrillo,ASM,512,6052,6052
ReforzarBrillo,ASM,512,5746,5746
ReforzarBrillo,ASM,512,6052,6052
ReforzarBrillo,ASM,512,5746,5746
ReforzarBrillo,ASM,512,5950,5950
ReforzarBrillo,ASM,512,5712,5712
ReforzarBrillo,ASM,512,5984,5984
ReforzarBrillo,ASM,512,5746,5746
ReforzarBrillo,ASM,512,5916,5916
ReforzarBrillo,ASM,512,7344,7344
ReforzarBrillo,ASM,512,7242,7242
ReforzarBrillo,ASM,512,6936,6936
ReforzarBrillo,ASM,512,6732,6732
ReforzarBrillo,ASM,512,7140,7140
ReforzarBrillo,ASM,512,7310,7310
ReforzarBrillo,ASM,512,7208,7208
ReforzarBrillo,ASM,512,7480,7480
ReforzarBrillo,ASM,512,7140,7140
ReforzarBrillo,ASM,512,6222,6222
ReforzarBrillo,ASM,512,7514,7514
ReforzarBrillo,ASM,512,7276,7276
ReforzarBrillo,ASM,512,7310,7310
ReforzarBrillo,ASM,512,7140,7140
ReforzarBrillo,ASM,512,7446,7446
ReforzarBrillo,ASM,512,7446,7446
ReforzarBrillo,ASM,512,7174,7174
ReforzarBrillo,ASM,512,7446,7446
ReforzarBrillo,ASM,512,7242,7242
ReforzarBrillo,ASM,512,7480,7480
ReforzarBrillo,ASM,512,7140,7140
ReforzarBrillo,ASM,512,7378,7378
ReforzarBrillo,ASM,512,7208,7208
ReforzarBrillo,ASM,512,7174,7174
ReforzarBrillo,ASM,512,7106,7106
ReforzarBrillo,ASM,512,7310,7310
ReforzarBrillo,ASM,512,7106,7106
ReforzarBrillo,ASM,512,7310,7310
ReforzarBrillo,ASM,512,7888,7888
ReforzarBrillo,ASM,512,7344,7344
ReforzarBrillo,ASM,512,7276,7276
ReforzarBrillo,ASM,512,7514,7514
ReforzarBrillo,ASM,512,7684,7684
ReforzarBrillo,ASM,512,7684,7684
ReforzarBrillo,ASM,512,7344,7344
ReforzarBrillo,ASM,512,7378,7378
ReforzarBrillo,ASM,512,6970,6970
ReforzarBrillo,ASM,512,7004,7004
ReforzarBrillo,ASM,512,7174,7174
ReforzarBrillo,ASM,512,7140,7140
ReforzarBrillo,ASM,512,7242,7242
ReforzarBrillo,ASM,512,7616,7616
ReforzarBrillo,ASM,512,7514,7514
ReforzarBrillo,ASM,512,8466,8466
ReforzarBrillo,ASM,512,7820,7820
ReforzarBrillo,ASM,512,7174,7174
ReforzarBrillo,ASM,512,7480,7480
ReforzarBrillo,ASM,512,7820,7820
ReforzarBrillo,ASM,512,7446,7446
ReforzarBrillo,ASM,512,7378,7378
ReforzarBrillo,ASM,512,7514,7514
ReforzarBrillo,ASM,512,8262,8262
ReforzarBrillo,ASM,512,7344,7344
ReforzarBrillo,ASM,512,6052,6052
ReforzarBrillo,ASM,512,8330,8330
ReforzarBrillo,ASM,512,12954,12954
ReforzarBrillo,ASM,512,7820,7820
ReforzarBrillo,ASM,512,6902,6902
ReforzarBrillo,ASM,512,7752,7752
ReforzarBrillo,ASM,512,7956,7956
ReforzarBrillo,ASM,512,7004,7004
ReforzarBrillo,ASM,512,7208,7208
ReforzarBrillo,ASM,512,7446,7446
ReforzarBrillo,ASM,512,7990,7990
ReforzarBrillo,ASM,512,7956,7956
ReforzarBrillo,ASM,512,9282,9282
ReforzarBrillo,ASM,512,7888,7888
ReforzarBrillo,ASM,512,8092,8092
ReforzarBrillo,ASM,512,7684,7684
ReforzarBrillo,ASM,512,7548,7548
ReforzarBrillo,ASM,512,6766,6766
ReforzarBrillo,ASM,512,7106,7106
ReforzarBrillo,ASM,512,5848,5848
ReforzarBrillo,ASM,512,5848,5848
ReforzarBrillo,ASM,512,5780,5780
ReforzarBrillo,ASM,512,5916,5916
ReforzarBrillo,ASM,512,5712,5712
ReforzarBrillo,ASM,512,6052,6052
ReforzarBrillo,ASM,512,5780,5780
ReforzarBrillo,ASM,512,6018,6018
ReforzarBrillo,ASM,512,5848,5848
ReforzarBrillo,ASM,512,6018,6018
ReforzarBrillo,ASM,512,5814,5814
ReforzarBrillo,ASM,512,6018,6018
ReforzarBrillo,ASM,512,5848,5848
ReforzarBrillo,ASM,512,5984,5984
ReforzarBrillo,ASM,512,5848,5848
ReforzarBrillo,ASM,512,6018,6018
ReforzarBrillo,ASM,512,5848,5848
ReforzarBrillo,ASM,512,6052,6052
ReforzarBrillo,ASM,512,5814,5814
ReforzarBrillo,ASM,512,5916,5916
ReforzarBrillo,ASM,512,5814,5814
ReforzarBrillo,ASM,512,5950,5950
ReforzarBrillo,ASM,512,5950,5950
ReforzarBrillo,ASM,512,5916,5916
ReforzarBrillo,ASM,512,5848,5848
ReforzarBrillo,ASM,512,6018,6018
ReforzarBrillo,ASM,512,5746,5746
ReforzarBrillo,ASM,512,5916,5916
ReforzarBrillo,ASM,512,5746,5746
ReforzarBrillo,ASM,512,5984,5984
ReforzarBrillo,ASM,512,5950,5950
ReforzarBrillo,ASM,512,5950,5950
ReforzarBrillo,ASM,512,5848,5848
ReforzarBrillo,ASM,512,5916,5916
ReforzarBrillo,ASM,512,5882,5882
ReforzarBrillo,ASM,512,5916,5916
ReforzarBrillo,ASM,512,5814,5814
ReforzarBrillo,ASM,512,6018,6018
ReforzarBrillo,ASM,512,5848,5848
ReforzarBrillo,ASM,512,5984,5984
ReforzarBrillo,ASM,512,5746,5746
ReforzarBrillo,ASM,512,5984,5984
ReforzarBrillo,ASM,512,5916,5916
ReforzarBrillo,ASM,512,5882,5882
ReforzarBrillo,ASM,512,5916,5916
ReforzarBrillo,ASM,512,6018,6018
ReforzarBrillo,ASM,512,5882,5882
ReforzarBrillo,ASM,512,5950,5950
ReforzarBrillo,ASM,512,5882,5882
ReforzarBrillo,ASM,512,5848,5848
ReforzarBrillo,ASM,512,5916,5916
ReforzarBrillo,ASM,512,6018,6018
ReforzarBrillo,ASM,512,5848,5848
ReforzarBrillo,ASM,512,5848,5848
ReforzarBrillo,ASM,512,5882,5882
ReforzarBrillo,ASM,512,5984,5984
ReforzarBrillo,ASM,512,5950,5950
ReforzarBrillo,ASM,512,5916,5916
ReforzarBrillo,ASM,512,5882,5882
ReforzarBrillo,ASM,512,6018,6018
ReforzarBrillo,ASM,512,6358,6358
ReforzarBrillo,ASM,512,6018,6018
ReforzarBrillo,ASM,512,6494,6494
ReforzarBrillo,ASM,512,444584,444584
ReforzarBrillo,ASM,512,8398,8398
ReforzarBrillo,ASM,512,7650,7650
ReforzarBrillo,ASM,512,6562,6562
ReforzarBrillo,ASM,512,7344,7344
ReforzarBrillo,ASM,512,6324,6324
ReforzarBrillo,ASM,512,6086,6086
ReforzarBrillo,ASM,512,5882,5882
ReforzarBrillo,ASM,512,6052,6052
ReforzarBrillo,ASM,512,5916,5916
ReforzarBrillo,ASM,512,5984,5984
ReforzarBrillo,ASM,512,5814,5814
ReforzarBrillo,ASM,512,5984,5984
ReforzarBrillo,ASM,512,5882,5882
ReforzarBrillo,ASM,512,5916,5916
ReforzarBrillo,ASM,512,5950,5950
ReforzarBrillo,ASM,512,5950,5950
ReforzarBrillo,ASM,512,5848,5848
ReforzarBrillo,ASM,512,5984,5984
ReforzarBrillo,ASM,512,5780,5780
ReforzarBrillo,ASM,512,6052,6052
ReforzarBrillo,ASM,512,5746,5746
ReforzarBrillo,ASM,512,5916,5916
ReforzarBrillo,ASM,512,5814,5814
ReforzarBrillo,ASM,512,5950,5950
ReforzarBrillo,ASM,512,5848,5848
ReforzarBrillo,ASM,512,5916,5916
ReforzarBrillo,ASM,512,5848,5848
ReforzarBrillo,ASM,512,6018,6018
ReforzarBrillo,ASM,512,5848,5848
ReforzarBrillo,ASM,512,5916,5916
ReforzarBrillo,ASM,512,5848,5848
ReforzarBrillo,ASM,512,6154,6154
ReforzarBrillo,ASM,512,6358,6358
ReforzarBrillo,ASM,512,6052,6052
ReforzarBrillo,ASM,512,5882,5882
ReforzarBrillo,ASM,512,5916,5916
ReforzarBrillo,ASM,512,5916,5916
ReforzarBrillo,ASM,512,5950,5950
ReforzarBrillo,ASM,512,5780,5780
ReforzarBrillo,ASM,512,6052,6052
ReforzarBrillo,ASM,512,5950,5950
ReforzarBrillo,ASM,512,6018,6018
ReforzarBrillo,ASM,512,5848,5848
ReforzarBrillo,ASM,512,5950,5950
ReforzarBrillo,ASM,512,7990,7990
ReforzarBrillo,ASM,512,8942,8942
ReforzarBrillo,ASM,512,7378,7378
ReforzarBrillo,ASM,512,7072,7072
ReforzarBrillo,ASM,512,7752,7752
ReforzarBrillo,ASM,512,7480,7480
ReforzarBrillo,ASM,2048,34272,34272
ReforzarBrillo,ASM,2048,29954,29954
ReforzarBrillo,ASM,2048,25976,25976
ReforzarBrillo,ASM,2048,28696,28696
ReforzarBrillo,ASM,2048,25636,25636
ReforzarBrillo,ASM,2048,25262,25262
ReforzarBrillo,ASM,2048,25398,25398
ReforzarBrillo,ASM,2048,35836,35836
ReforzarBrillo,ASM,2048,32946,32946
ReforzarBrillo,ASM,2048,33524,33524
ReforzarBrillo,ASM,2048,33830,33830
ReforzarBrillo,ASM,2048,38012,38012
ReforzarBrillo,ASM,2048,25330,25330
ReforzarBrillo,ASM,2048,25160,25160
ReforzarBrillo,ASM,2048,27302,27302
ReforzarBrillo,ASM,2048,25024,25024
ReforzarBrillo,ASM,2048,25024,25024
ReforzarBrillo,ASM,2048,24820,24820
ReforzarBrillo,ASM,2048,25160,25160
ReforzarBrillo,ASM,2048,24922,24922
ReforzarBrillo,ASM,2048,24990,24990
ReforzarBrillo,ASM,2048,24718,24718
ReforzarBrillo,ASM,2048,24956,24956
ReforzarBrillo,ASM,2048,24752,24752
ReforzarBrillo,ASM,2048,25126,25126
ReforzarBrillo,ASM,2048,24820,24820
ReforzarBrillo,ASM,2048,24990,24990
ReforzarBrillo,ASM,2048,24922,24922
ReforzarBrillo,ASM,2048,24820,24820
ReforzarBrillo,ASM,2048,24922,24922
ReforzarBrillo,ASM,2048,24956,24956
ReforzarBrillo,ASM,2048,25194,25194
ReforzarBrillo,ASM,2048,25126,25126
ReforzarBrillo,ASM,2048,24990,24990
ReforzarBrillo,ASM,2048,24990,24990
ReforzarBrillo,ASM,2048,24616,24616
ReforzarBrillo,ASM,2048,24956,24956
ReforzarBrillo,ASM,2048,24820,24820
ReforzarBrillo,ASM,2048,25228,25228
ReforzarBrillo,ASM,2048,24990,24990
ReforzarBrillo,ASM,2048,25262,25262
ReforzarBrillo,ASM,2048,24922,24922
ReforzarBrillo,ASM,2048,25024,25024
ReforzarBrillo,ASM,2048,27982,27982
ReforzarBrillo,ASM,2048,25160,25160
ReforzarBrillo,ASM,2048,24820,24820
ReforzarBrillo,ASM,2048,24990,24990
ReforzarBrillo,ASM,2048,25092,25092
ReforzarBrillo,ASM,2048,25160,25160
ReforzarBrillo,ASM,2048,24956,24956
ReforzarBrillo,ASM,2048,25126,25126
ReforzarBrillo,ASM,2048,24922,24922
ReforzarBrillo,ASM,2048,25092,25092
ReforzarBrillo,ASM,2048,24752,24752
ReforzarBrillo,ASM,2048,25092,25092
ReforzarBrillo,ASM,2048,24956,24956
ReforzarBrillo,ASM,2048,25194,25194
ReforzarBrillo,ASM,2048,24820,24820
ReforzarBrillo,ASM,2048,25058,25058
ReforzarBrillo,ASM,2048,24922,24922
ReforzarBrillo,ASM,2048,25058,25058
ReforzarBrillo,ASM,2048,25126,25126
ReforzarBrillo,ASM,2048,25024,25024
ReforzarBrillo,ASM,2048,24922,24922
ReforzarBrillo,ASM,2048,25092,25092
ReforzarBrillo,ASM,2048,25092,25092
ReforzarBrillo,ASM,2048,24888,24888
ReforzarBrillo,ASM,2048,25160,25160
ReforzarBrillo,ASM,2048,25228,25228
ReforzarBrillo,ASM,2048,31994,31994
ReforzarBrillo,ASM,2048,30124,30124
ReforzarBrillo,ASM,2048,30634,30634
ReforzarBrillo,ASM,2048,27404,27404
ReforzarBrillo,ASM,2048,25160,25160
ReforzarBrillo,ASM,2048,24888,24888
ReforzarBrillo,ASM,2048,24820,24820
ReforzarBrillo,ASM,2048,24990,24990
ReforzarBrillo,ASM,2048,24786,24786
ReforzarBrillo,ASM,2048,25160,25160
ReforzarBrillo,ASM,2048,24922,24922
ReforzarBrillo,ASM,2048,24888,24888
ReforzarBrillo,ASM,2048,24922,24922
ReforzarBrillo,ASM,2048,24990,24990
ReforzarBrillo,ASM,2048,24786,24786
ReforzarBrillo,ASM,2048,24922,24922
ReforzarBrillo,ASM,2048,24820,24820
ReforzarBrillo,ASM,2048,24888,24888
ReforzarBrillo,ASM,2048,24888,24888
ReforzarBrillo,ASM,2048,24990,24990
ReforzarBrillo,ASM,2048,25024,25024
ReforzarBrillo,ASM,2048,24956,24956
ReforzarBrillo,ASM,2048,24956,24956
ReforzarBrillo,ASM,2048,25092,25092
ReforzarBrillo,ASM,2048,24990,24990
ReforzarBrillo,ASM,2048,25126,25126
ReforzarBrillo,ASM,2048,24922,24922
ReforzarBrillo,ASM,2048,25262,25262
ReforzarBrillo,ASM,2048,25024,25024
ReforzarBrillo,ASM,2048,24888,24888
ReforzarBrillo,ASM,2048,24820,24820
ReforzarBrillo,ASM,2048,25058,25058
ReforzarBrillo,ASM,2048,27948,27948
ReforzarBrillo,ASM,2048,25024,25024
ReforzarBrillo,ASM,2048,24786,24786
ReforzarBrillo,ASM,2048,25058,25058
ReforzarBrillo,ASM,2048,24888,24888
ReforzarBrillo,ASM,2048,24990,24990
ReforzarBrillo,ASM,2048,24956,24956
ReforzarBrillo,ASM,2048,25058,25058
ReforzarBrillo,ASM,2048,25024,25024
ReforzarBrillo,ASM,2048,24990,24990
ReforzarBrillo,ASM,2048,24990,24990
ReforzarBrillo,ASM,2048,24990,24990
ReforzarBrillo,ASM,2048,24990,24990
ReforzarBrillo,ASM,2048,25602,25602
ReforzarBrillo,ASM,2048,24922,24922
ReforzarBrillo,ASM,2048,25194,25194
ReforzarBrillo,ASM,2048,24752,24752
ReforzarBrillo,ASM,2048,24956,24956
ReforzarBrillo,ASM,2048,24888,24888
ReforzarBrillo,ASM,2048,25126,25126
ReforzarBrillo,ASM,2048,24922,24922
ReforzarBrillo,ASM,2048,24956,24956
ReforzarBrillo,ASM,2048,24854,24854
ReforzarBrillo,ASM,2048,25092,25092
ReforzarBrillo,ASM,2048,25024,25024
ReforzarBrillo,ASM,2048,25228,25228
ReforzarBrillo,ASM,2048,24854,24854
ReforzarBrillo,ASM,2048,25058,25058
ReforzarBrillo,ASM,2048,24990,24990
ReforzarBrillo,ASM,2048,24956,24956
ReforzarBrillo,ASM,2048,24956,24956
ReforzarBrillo,ASM,2048,25194,25194
ReforzarBrillo,ASM,2048,24990,24990
ReforzarBrillo,ASM,2048,25058,25058
ReforzarBrillo,ASM,2048,24786,24786
ReforzarBrillo,ASM,2048,25194,25194
ReforzarBrillo,ASM,2048,24786,24786
ReforzarBrillo,ASM,2048,25024,25024
ReforzarBrillo,ASM,2048,24718,24718
ReforzarBrillo,ASM,2048,24990,24990
ReforzarBrillo,ASM,2048,25024,25024
ReforzarBrillo,ASM,2048,24956,24956
ReforzarBrillo,ASM,2048,24854,24854
ReforzarBrillo,ASM,2048,24990,24990
ReforzarBrillo,ASM,2048,24752,24752
ReforzarBrillo,ASM,2048,24820,24820
ReforzarBrillo,ASM,2048,24786,24786
ReforzarBrillo,ASM,2048,25092,25092
ReforzarBrillo,ASM,2048,26554,26554
ReforzarBrillo,ASM,2048,24854,24854
ReforzarBrillo,ASM,2048,24718,24718
ReforzarBrillo,ASM,2048,25058,25058
ReforzarBrillo,ASM,2048,25160,25160
ReforzarBrillo,ASM,2048,25194,25194
ReforzarBrillo,ASM,2048,25058,25058
ReforzarBrillo,ASM,2048,25262,25262
ReforzarBrillo,ASM,2048,25126,25126
ReforzarBrillo,ASM,2048,24956,24956
ReforzarBrillo,ASM,2048,25194,25194
ReforzarBrillo,ASM,2048,25160,25160
ReforzarBrillo,ASM,2048,25160,25160
ReforzarBrillo,ASM,2048,25092,25092
ReforzarBrillo,ASM,2048,24684,24684
ReforzarBrillo,ASM,2048,24854,24854
ReforzarBrillo,ASM,2048,25262,25262
ReforzarBrillo,ASM,2048,24854,24854
ReforzarBrillo,ASM,2048,24922,24922
ReforzarBrillo,ASM,2048,28050,28050
ReforzarBrillo,ASM,2048,26826,26826
ReforzarBrillo,ASM,2048,25126,25126
ReforzarBrillo,ASM,2048,33796,33796
ReforzarBrillo,ASM,2048,25330,25330
ReforzarBrillo,ASM,2048,25024,25024
ReforzarBrillo,ASM,2048,25092,25092
ReforzarBrillo,ASM,2048,24854,24854
ReforzarBrillo,ASM,2048,24956,24956
ReforzarBrillo,ASM,2048,24888,24888
ReforzarBrillo,ASM,2048,25126,25126
ReforzarBrillo,ASM,2048,24922,24922
ReforzarBrillo,ASM,2048,24956,24956
ReforzarBrillo,ASM,2048,25262,25262
ReforzarBrillo,ASM,2048,24956,24956
ReforzarBrillo,ASM,2048,24922,24922
ReforzarBrillo,ASM,2048,25024,25024
ReforzarBrillo,ASM,2048,24990,24990
ReforzarBrillo,ASM,2048,24854,24854
ReforzarBrillo,ASM,2048,25058,25058
ReforzarBrillo,ASM,2048,25092,25092
ReforzarBrillo,ASM,2048,25126,25126
ReforzarBrillo,ASM,2048,24990,24990
ReforzarBrillo,ASM,2048,25058,25058
ReforzarBrillo,ASM,2048,24956,24956
ReforzarBrillo,ASM,2048,24956,24956
ReforzarBrillo,ASM,2048,25058,25058
ReforzarBrillo,ASM,2048,25636,25636
ReforzarBrillo,ASM,2048,24990,24990
ReforzarBrillo,ASM,2048,24786,24786
ReforzarBrillo,ASM,2048,24888,24888
ReforzarBrillo,ASM,2048,24922,24922
ReforzarBrillo,ASM,2048,24956,24956
ReforzarBrillo,ASM,2048,25092,25092
ReforzarBrillo,ASM,2048,25024,25024
ReforzarBrillo,ASM,2048,24888,24888
ReforzarBrillo,ASM,2048,25092,25092
ReforzarBrillo,ASM,2048,25024,25024
ReforzarBrillo,ASM,2048,25126,25126
ReforzarBrillo,ASM,2048,25194,25194
ReforzarBrillo,ASM,2048,25092,25092
ReforzarBrillo,ASM,2048,25160,25160
ReforzarBrillo,ASM,2048,25160,25160
ReforzarBrillo,ASM,2048,25194,25194
ReforzarBrillo,ASM,2048,25058,25058
ReforzarBrillo,ASM,2048,24922,24922
ReforzarBrillo,ASM,2048,32606,32606
ReforzarBrillo,ASM,2048,29002,29002
ReforzarBrillo,ASM,2048,31552,31552
ReforzarBrillo,ASM,2048,30906,30906
ReforzarBrillo,ASM,2048,25092,25092
ReforzarBrillo,ASM,2048,25160,25160
ReforzarBrillo,ASM,2048,25160,25160
ReforzarBrillo,ASM,2048,24820,24820
ReforzarBrillo,ASM,2048,25024,25024
ReforzarBrillo,ASM,2048,24786,24786
ReforzarBrillo,ASM,2048,25126,25126
ReforzarBrillo,ASM,2048,24922,24922
ReforzarBrillo,ASM,2048,25126,25126
ReforzarBrillo,ASM,2048,24956,24956
ReforzarBrillo,ASM,2048,25738,25738
ReforzarBrillo,ASM,2048,24990,24990
ReforzarBrillo,ASM,2048,24922,24922
ReforzarBrillo,ASM,2048,24854,24854
ReforzarBrillo,ASM,2048,25058,25058
ReforzarBrillo,ASM,2048,25058,25058
ReforzarBrillo,ASM,2048,25636,25636
ReforzarBrillo,ASM,2048,24956,24956
ReforzarBrillo,ASM,2048,25024,25024
ReforzarBrillo,ASM,2048,41344,41344
ReforzarBrillo,ASM,2048,25228,25228
ReforzarBrillo,ASM,2048,24820,24820
ReforzarBrillo,ASM,2048,24956,24956
ReforzarBrillo,ASM,2048,24684,24684
ReforzarBrillo,ASM,2048,25058,25058
ReforzarBrillo,ASM,2048,24820,24820
ReforzarBrillo,ASM,2048,25024,25024
ReforzarBrillo,ASM,2048,24922,24922
ReforzarBrillo,ASM,2048,25024,25024
ReforzarBrillo,ASM,2048,25024,25024
ReforzarBrillo,ASM,2048,25160,25160
ReforzarBrillo,ASM,2048,25704,25704
ReforzarBrillo,ASM,2048,25092,25092
ReforzarBrillo,ASM,2048,24888,24888
ReforzarBrillo,ASM,2048,25024,25024
ReforzarBrillo,ASM,2048,24956,24956
ReforzarBrillo,ASM,2048,25160,25160
ReforzarBrillo,ASM,2048,24854,24854
ReforzarBrillo,ASM,2048,25262,25262
ReforzarBrillo,ASM,2048,24956,24956
ReforzarBrillo,ASM,2048,25024,25024
ReforzarBrillo,ASM,2048,25024,25024
ReforzarBrillo,ASM,2048,25126,25126
ReforzarBrillo,ASM,2048,24956,24956
ReforzarBrillo,ASM,2048,25126,25126
ReforzarBrillo,ASM,2048,24922,24922
ReforzarBrillo,ASM,2048,25228,25228
ReforzarBrillo,ASM,2048,24752,24752
ReforzarBrillo,ASM,2048,38692,38692
ReforzarBrillo,ASM,2048,24888,24888
ReforzarBrillo,ASM,2048,25126,25126
ReforzarBrillo,ASM,2048,25194,25194
ReforzarBrillo,ASM,2048,24990,24990
ReforzarBrillo,ASM,2048,24922,24922
ReforzarBrillo,ASM,2048,28016,28016
ReforzarBrillo,ASM,2048,24888,24888
ReforzarBrillo,ASM,2048,25092,25092
ReforzarBrillo,ASM,2048,24752,24752
ReforzarBrillo,ASM,2048,25160,25160
ReforzarBrillo,ASM,2048,24990,24990
ReforzarBrillo,ASM,2048,24990,24990
ReforzarBrillo,ASM,2048,25058,25058
ReforzarBrillo,ASM,2048,25160,25160
ReforzarBrillo,ASM,2048,24888,24888
ReforzarBrillo,ASM,2048,24990,24990
ReforzarBrillo,ASM,2048,24786,24786
ReforzarBrillo,ASM,2048,25024,25024
ReforzarBrillo,ASM,2048,24990,24990
ReforzarBrillo,ASM,2048,25058,25058
ReforzarBrillo,ASM,2048,24888,24888
ReforzarBrillo,ASM,2048,25126,25126
ReforzarBrillo,ASM,2048,24956,24956
ReforzarBrillo,ASM,2048,25160,25160
ReforzarBrillo,ASM,2048,24922,24922
ReforzarBrillo,ASM,2048,34646,34646
ReforzarBrillo,ASM,2048,32504,32504
ReforzarBrillo,ASM,2048,32470,32470
ReforzarBrillo,ASM,2048,33184,33184
ReforzarBrillo,ASM,2048,28118,28118
ReforzarBrillo,ASM,2048,24956,24956
ReforzarBrillo,ASM,2048,25330,25330
ReforzarBrillo,ASM,2048,25704,25704
ReforzarBrillo,ASM,8192,111758,111758
ReforzarBrillo,ASM,8192,101116,101116
ReforzarBrillo,ASM,8192,106386,106386
ReforzarBrillo,ASM,8192,100028,100028
ReforzarBrillo,ASM,8192,105876,105876
ReforzarBrillo,ASM,8192,88842,88842
ReforzarBrillo,ASM,8192,93194,93194
ReforzarBrillo,ASM,8192,110296,110296
ReforzarBrillo,ASM,8192,94996,94996
ReforzarBrillo,ASM,8192,88196,88196
ReforzarBrillo,ASM,8192,105978,105978
ReforzarBrillo,ASM,8192,88094,88094
ReforzarBrillo,ASM,8192,94078,94078
ReforzarBrillo,ASM,8192,358734,358734
ReforzarBrillo,ASM,8192,124304,124304
ReforzarBrillo,ASM,8192,99042,99042
ReforzarBrillo,ASM,8192,92514,92514
ReforzarBrillo,ASM,8192,87482,87482
ReforzarBrillo,ASM,8192,93534,93534
ReforzarBrillo,ASM,8192,87822,87822
ReforzarBrillo,ASM,8192,92650,92650
ReforzarBrillo,ASM,8192,87516,87516
ReforzarBrillo,ASM,8192,105774,105774
ReforzarBrillo,ASM,8192,98600,98600
ReforzarBrillo,ASM,8192,104618,104618
ReforzarBrillo,ASM,8192,98124,98124
ReforzarBrillo,ASM,8192,115600,115600
ReforzarBrillo,ASM,8192,99450,99450
ReforzarBrillo,ASM,8192,104720,104720
ReforzarBrillo,ASM,8192,99416,99416
ReforzarBrillo,ASM,8192,95268,95268
ReforzarBrillo,ASM,8192,87856,87856
ReforzarBrillo,ASM,8192,95064,95064
ReforzarBrillo,ASM,8192,88468,88468
ReforzarBrillo,ASM,8192,106488,106488
ReforzarBrillo,ASM,8192,101252,101252
ReforzarBrillo,ASM,8192,112472,112472
ReforzarBrillo,ASM,8192,101320,101320
ReforzarBrillo,ASM,8192,118286,118286
ReforzarBrillo,ASM,8192,100538,100538
ReforzarBrillo,ASM,8192,106998,106998
ReforzarBrillo,ASM,8192,100912,100912
ReforzarBrillo,ASM,8192,107304,107304
ReforzarBrillo,ASM,8192,104448,104448
ReforzarBrillo,ASM,8192,106556,106556
ReforzarBrillo,ASM,8192,110296,110296
ReforzarBrillo,ASM,8192,127058,127058
ReforzarBrillo,ASM,8192,101422,101422
ReforzarBrillo,ASM,8192,107236,107236
ReforzarBrillo,ASM,8192,101048,101048
ReforzarBrillo,ASM,8192,106590,106590
ReforzarBrillo,ASM,8192,100810,100810
ReforzarBrillo,ASM,8192,106318,106318
ReforzarBrillo,ASM,8192,100436,100436
ReforzarBrillo,ASM,8192,120632,120632
ReforzarBrillo,ASM,8192,120938,120938
ReforzarBrillo,ASM,8192,106964,106964
ReforzarBrillo,ASM,8192,99756,99756
ReforzarBrillo,ASM,8192,105842,105842
ReforzarBrillo,ASM,8192,100232,100232
ReforzarBrillo,ASM,8192,106420,106420
ReforzarBrillo,ASM,8192,100402,100402
ReforzarBrillo,ASM,8192,105944,105944
ReforzarBrillo,ASM,8192,341904,341904
ReforzarBrillo,ASM,8192,106726,106726
ReforzarBrillo,ASM,8192,99858,99858
ReforzarBrillo,ASM,8192,106216,106216
ReforzarBrillo,ASM,8192,99960,99960
ReforzarBrillo,ASM,8192,106284,106284
ReforzarBrillo,ASM,8192,100096,100096
ReforzarBrillo,ASM,8192,109752,109752
ReforzarBrillo,ASM,8192,100028,100028
ReforzarBrillo,ASM,8192,106148,106148
ReforzarBrillo,ASM,8192,100436,100436
ReforzarBrillo,ASM,8192,106522,106522
ReforzarBrillo,ASM,8192,99552,99552
ReforzarBrillo,ASM,8192,106760,106760
ReforzarBrillo,ASM,8192,99688,99688
ReforzarBrillo,ASM,8192,106590,106590
ReforzarBrillo,ASM,8192,100334,100334
ReforzarBrillo,ASM,8192,105774,105774
ReforzarBrillo,ASM,8192,104788,104788
ReforzarBrillo,ASM,8192,107032,107032
ReforzarBrillo,ASM,8192,107202,107202
ReforzarBrillo,ASM,8192,106420,106420
ReforzarBrillo,ASM,8192,100708,100708
ReforzarBrillo,ASM,8192,106012,106012
ReforzarBrillo,ASM,8192,99926,99926
ReforzarBrillo,ASM,8192,106624,106624
ReforzarBrillo,ASM,8192,100436,100436
ReforzarBrillo,ASM,8192,106318,106318
ReforzarBrillo,ASM,8192,100198,100198
ReforzarBrillo,ASM,8192,106896,106896
ReforzarBrillo,ASM,8192,119102,119102
ReforzarBrillo,ASM,8192,110500,110500
ReforzarBrillo,ASM,8192,100912,100912
ReforzarBrillo,ASM,8192,106896,106896
ReforzarBrillo,ASM,8192,100538,100538
ReforzarBrillo,ASM,8192,106012,106012
ReforzarBrillo,ASM,8192,103564,103564
ReforzarBrillo,ASM,8192,95302,95302
ReforzarBrillo,ASM,8192,88944,88944
ReforzarBrillo,ASM,8192,117776,117776
ReforzarBrillo,ASM,8192,170986,170986
ReforzarBrillo,ASM,8192,127772,127772
ReforzarBrillo,ASM,8192,101082,101082
ReforzarBrillo,ASM,8192,107236,107236
ReforzarBrillo,ASM,8192,106318,106318
ReforzarBrillo,ASM,8192,107780,107780
ReforzarBrillo,ASM,8192,101354,101354
ReforzarBrillo,ASM,8192,108018,108018
ReforzarBrillo,ASM,8192,100878,100878
ReforzarBrillo,ASM,8192,107474,107474
ReforzarBrillo,ASM,8192,100538,100538
ReforzarBrillo,ASM,8192,124678,124678
ReforzarBrillo,ASM,8192,138244,138244
ReforzarBrillo,ASM,8192,125188,125188
ReforzarBrillo,ASM,8192,101320,101320
ReforzarBrillo,ASM,8192,107474,107474
ReforzarBrillo,ASM,8192,100640,100640
ReforzarBrillo,ASM,8192,106726,106726
ReforzarBrillo,ASM,8192,100572,100572
ReforzarBrillo,ASM,8192,106794,106794
ReforzarBrillo,ASM,8192,101082,101082
ReforzarBrillo,ASM,8192,106420,106420
ReforzarBrillo,ASM,8192,100708,100708
ReforzarBrillo,ASM,8192,107066,107066
ReforzarBrillo,ASM,8192,100708,100708
ReforzarBrillo,ASM,8192,120598,120598
ReforzarBrillo,ASM,8192,100776,100776
ReforzarBrillo,ASM,8192,96424,96424
ReforzarBrillo,ASM,8192,101796,101796
ReforzarBrillo,ASM,8192,105910,105910
ReforzarBrillo,ASM,8192,99756,99756
ReforzarBrillo,ASM,8192,105638,105638
ReforzarBrillo,ASM,8192,100436,100436
ReforzarBrillo,ASM,8192,105910,105910
ReforzarBrillo,ASM,8192,100878,100878
ReforzarBrillo,ASM,8192,106522,106522
ReforzarBrillo,ASM,8192,99994,99994
ReforzarBrillo,ASM,8192,106284,106284
ReforzarBrillo,ASM,8192,121176,121176
ReforzarBrillo,ASM,8192,126616,126616
ReforzarBrillo,ASM,8192,109208,109208
ReforzarBrillo,ASM,8192,118558,118558
ReforzarBrillo,ASM,8192,106624,106624
ReforzarBrillo,ASM,8192,119680,119680
ReforzarBrillo,ASM,8192,89488,89488
ReforzarBrillo,ASM,8192,119680,119680
ReforzarBrillo,ASM,8192,89386,89386
ReforzarBrillo,ASM,8192,94248,94248
ReforzarBrillo,ASM,8192,88162,88162
ReforzarBrillo,ASM,8192,93840,93840
ReforzarBrillo,ASM,8192,87380,87380
ReforzarBrillo,ASM,8192,94112,94112
ReforzarBrillo,ASM,8192,86734,86734
ReforzarBrillo,ASM,8192,92548,92548
ReforzarBrillo,ASM,8192,86598,86598
ReforzarBrillo,ASM,8192,94078,94078
ReforzarBrillo,ASM,8192,87720,87720
ReforzarBrillo,ASM,8192,93976,93976
ReforzarBrillo,ASM,8192,101048,101048
ReforzarBrillo,ASM,8192,106760,106760
ReforzarBrillo,ASM,8192,296344,296344
ReforzarBrillo,ASM,8192,120054,120054
ReforzarBrillo,ASM,8192,120156,120156
ReforzarBrillo,ASM,8192,106454,106454
ReforzarBrillo,ASM,8192,99824,99824
ReforzarBrillo,ASM,8192,106624,106624
ReforzarBrillo,ASM,8192,115498,115498
ReforzarBrillo,ASM,8192,106284,106284
ReforzarBrillo,ASM,8192,99586,99586
ReforzarBrillo,ASM,8192,95846,95846
ReforzarBrillo,ASM,8192,100028,100028
ReforzarBrillo,ASM,8192,105570,105570
ReforzarBrillo,ASM,8192,100266,100266
ReforzarBrillo,ASM,8192,106114,106114
ReforzarBrillo,ASM,8192,100062,100062
ReforzarBrillo,ASM,8192,106080,106080
ReforzarBrillo,ASM,8192,99552,99552
ReforzarBrillo,ASM,8192,105910,105910
ReforzarBrillo,ASM,8192,100606,100606
ReforzarBrillo,ASM,8192,106590,106590
ReforzarBrillo,ASM,8192,100028,100028
ReforzarBrillo,ASM,8192,106556,106556
ReforzarBrillo,ASM,8192,100164,100164
ReforzarBrillo,ASM,8192,105502,105502
ReforzarBrillo,ASM,8192,100470,100470
ReforzarBrillo,ASM,8192,105944,105944
ReforzarBrillo,ASM,8192,99926,99926
ReforzarBrillo,ASM,8192,106692,106692
ReforzarBrillo,ASM,8192,100096,100096
ReforzarBrillo,ASM,8192,129744,129744
ReforzarBrillo,ASM,8192,100640,100640
ReforzarBrillo,ASM,8192,106658,106658
ReforzarBrillo,ASM,8192,100028,100028
ReforzarBrillo,ASM,8192,105638,105638
ReforzarBrillo,ASM,8192,99994,99994
ReforzarBrillo,ASM,8192,106284,106284
ReforzarBrillo,ASM,8192,90474,90474
ReforzarBrillo,ASM,8192,125460,125460
ReforzarBrillo,ASM,8192,100844,100844
ReforzarBrillo,ASM,8192,107168,107168
ReforzarBrillo,ASM,8192,119034,119034
ReforzarBrillo,ASM,8192,122196,122196
ReforzarBrillo,ASM,8192,120632,120632
ReforzarBrillo,ASM,8192,123522,123522
ReforzarBrillo,ASM,8192,100028,100028
ReforzarBrillo,ASM,8192,95506,95506
ReforzarBrillo,ASM,8192,89046,89046
ReforzarBrillo,ASM,8192,93806,93806
ReforzarBrillo,ASM,8192,87890,87890
ReforzarBrillo,ASM,8192,93194,93194
ReforzarBrillo,ASM,8192,87482,87482
ReforzarBrillo,ASM,8192,106930,106930
ReforzarBrillo,ASM,8192,90474,90474
ReforzarBrillo,ASM,8192,95404,95404
ReforzarBrillo,ASM,8192,89318,89318
ReforzarBrillo,ASM,8192,95200,95200
ReforzarBrillo,ASM,8192,101456,101456
ReforzarBrillo,ASM,8192,95812,95812
ReforzarBrillo,ASM,8192,108120,108120
ReforzarBrillo,ASM,8192,107440,107440
ReforzarBrillo,ASM,8192,100164,100164
ReforzarBrillo,ASM,8192,107474,107474
ReforzarBrillo,ASM,8192,114886,114886
ReforzarBrillo,ASM,8192,120598,120598
ReforzarBrillo,ASM,8192,100538,100538
ReforzarBrillo,ASM,8192,106658,106658
ReforzarBrillo,ASM,8192,100096,100096
ReforzarBrillo,ASM,8192,117878,117878
ReforzarBrillo,ASM,8192,100334,100334
ReforzarBrillo,ASM,8192,105944,105944
ReforzarBrillo,ASM,8192,89862,89862
ReforzarBrillo,ASM,8192,94146,94146
ReforzarBrillo,ASM,8192,88128,88128
ReforzarBrillo,ASM,8192,93534,93534
ReforzarBrillo,ASM,8192,353804,353804
ReforzarBrillo,ASM,8192,94826,94826
ReforzarBrillo,ASM,8192,89114,89114
ReforzarBrillo,ASM,8192,94180,94180
ReforzarBrillo,ASM,8192,88740,88740
ReforzarBrillo,ASM,8192,93704,93704
ReforzarBrillo,ASM,8192,87788,87788
ReforzarBrillo,ASM,8192,107746,107746
ReforzarBrillo,ASM,8192,100674,100674
ReforzarBrillo,ASM,8192,106930,106930
ReforzarBrillo,ASM,8192,89182,89182
ReforzarBrillo,ASM,8192,94078,94078
ReforzarBrillo,ASM,8192,88400,88400
ReforzarBrillo,ASM,8192,93942,93942
ReforzarBrillo,ASM,8192,88502,88502
ReforzarBrillo,ASM,8192,124100,124100
ReforzarBrillo,ASM,8192,89998,89998
ReforzarBrillo,ASM,8192,95302,95302
ReforzarBrillo,ASM,8192,88502,88502
ReforzarBrillo,ASM,8192,94928,94928
ReforzarBrillo,ASM,8192,100368,100368
ReforzarBrillo,ASM,8192,106012,106012
ReforzarBrillo,ASM,8192,99858,99858
ReforzarBrillo,ASM,8192,106148,106148
ReforzarBrillo,ASM,8192,100402,100402
ReforzarBrillo,ASM,8192,105842,105842
ReforzarBrillo,ASM,8192,89522,89522
ReforzarBrillo,ASM,8192,94520,94520
ReforzarBrillo,ASM,8192,88978,88978
ReforzarBrillo,ASM,8192,93466,93466
ReforzarBrillo,ASM,8192,88094,88094
ReforzarBrillo,ASM,8192,93534,93534
ReforzarBrillo,ASM,8192,90406,90406
ReforzarBrillo,ASM,8192,122264,122264
ReforzarBrillo,ASM,8192,100742,100742
ReforzarBrillo,ASM,8192,106046,106046
ReforzarBrillo,ASM,8192,120768,120768
ReforzarBrillo,ASM,8192,107270,107270
ReforzarBrillo,ASM,8192,100300,100300
ReforzarBrillo,ASM,8192,106658,106658
ReforzarBrillo,ASM,8192,112302,112302
ReforzarBrillo,ASM,8192,107508,107508
ReforzarBrillo,ASM,8192,100130,100130
ReforzarBrillo,ASM,8192,105944,105944
ReforzarBrillo,ASM,8192,99824,99824
ReforzarBrillo,ASM,8192,105876,105876
ReforzarBrillo,ASM,8192,89046,89046
ReforzarBrillo,ASM,8192,93772,93772
ReforzarBrillo,ASM,8192,90406,90406
ReforzarBrillo,ASM,8192,93806,93806
ReforzarBrillo,ASM,8192,88366,88366
ReforzarBrillo,ASM,8192,93738,93738
ReforzarBrillo,ASM,8192,87788,87788
ReforzarBrillo,ASM,8192,93806,93806
ReforzarBrillo,ASM,8192,87822,87822
ReforzarBrillo,ASM,8192,93874,93874
ReforzarBrillo,ASM,8192,88196,88196
ReforzarBrillo,ASM,8192,107984,107984
ReforzarBrillo,ASM,8192,100266,100266
ReforzarBrillo,ASM,8192,128316,128316
ReforzarBrillo,ASM,8192,89182,89182
ReforzarBrillo,ASM,8192,93908,93908
ReforzarBrillo,ASM,8192,87924,87924
ReforzarBrillo,ASM,32768,374646,374646
ReforzarBrillo,ASM,32768,369478,369478
ReforzarBrillo,ASM,32768,369308,369308
ReforzarBrillo,ASM,32768,466174,466174
ReforzarBrillo,ASM,32768,458898,458898
ReforzarBrillo,ASM,32768,320280,320280
ReforzarBrillo,ASM,32768,319328,319328
ReforzarBrillo,ASM,32768,318444,318444
ReforzarBrillo,ASM,32768,318478,318478
ReforzarBrillo,ASM,32768,317186,317186
ReforzarBrillo,ASM,32768,389266,389266
ReforzarBrillo,ASM,32768,318138,318138
ReforzarBrillo,ASM,32768,382398,382398
ReforzarBrillo,ASM,32768,380086,380086
ReforzarBrillo,ASM,32768,368696,368696
ReforzarBrillo,ASM,32768,368356,368356
ReforzarBrillo,ASM,32768,472158,472158
ReforzarBrillo,ASM,32768,412964,412964
ReforzarBrillo,ASM,32768,369920,369920
ReforzarBrillo,ASM,32768,394638,394638
ReforzarBrillo,ASM,32768,368458,368458
ReforzarBrillo,ASM,32768,368050,368050
ReforzarBrillo,ASM,32768,378930,378930
ReforzarBrillo,ASM,32768,367982,367982
ReforzarBrillo,ASM,32768,367642,367642
ReforzarBrillo,ASM,32768,368730,368730
ReforzarBrillo,ASM,32768,420240,420240
ReforzarBrillo,ASM,32768,384370,384370
ReforzarBrillo,ASM,32768,377400,377400
ReforzarBrillo,ASM,32768,385560,385560
ReforzarBrillo,ASM,32768,368254,368254
ReforzarBrillo,ASM,32768,318818,318818
ReforzarBrillo,ASM,32768,319192,319192
ReforzarBrillo,ASM,32768,320756,320756
ReforzarBrillo,ASM,32768,318648,318648
ReforzarBrillo,ASM,32768,318784,318784
ReforzarBrillo,ASM,32768,319294,319294
ReforzarBrillo,ASM,32768,382160,382160
ReforzarBrillo,ASM,32768,438498,438498
ReforzarBrillo,ASM,32768,315418,315418
ReforzarBrillo,ASM,32768,317628,317628
ReforzarBrillo,ASM,32768,313684,313684
ReforzarBrillo,ASM,32768,374714,374714
ReforzarBrillo,ASM,32768,317050,317050
ReforzarBrillo,ASM,32768,318682,318682
ReforzarBrillo,ASM,32768,318580,318580
ReforzarBrillo,ASM,32768,356422,356422
ReforzarBrillo,ASM,32768,317798,317798
ReforzarBrillo,ASM,32768,319022,319022
ReforzarBrillo,ASM,32768,366894,366894
ReforzarBrillo,ASM,32768,386478,386478
ReforzarBrillo,ASM,32768,367710,367710
ReforzarBrillo,ASM,32768,368730,368730
ReforzarBrillo,ASM,32768,318036,318036
ReforzarBrillo,ASM,32768,343196,343196
ReforzarBrillo,ASM,32768,367166,367166
ReforzarBrillo,ASM,32768,324734,324734
ReforzarBrillo,ASM,32768,316914,316914
ReforzarBrillo,ASM,32768,341020,341020
ReforzarBrillo,ASM,32768,478244,478244
ReforzarBrillo,ASM,32768,319158,319158
ReforzarBrillo,ASM,32768,318444,318444
ReforzarBrillo,ASM,32768,317900,317900
ReforzarBrillo,ASM,32768,367404,367404
ReforzarBrillo,ASM,32768,462468,462468
ReforzarBrillo,ASM,32768,417146,417146
ReforzarBrillo,ASM,32768,416738,416738
ReforzarBrillo,ASM,32768,416704,416704
ReforzarBrillo,ASM,32768,318716,318716
ReforzarBrillo,ASM,32768,318104,318104
ReforzarBrillo,ASM,32768,334118,334118
ReforzarBrillo,ASM,32768,376210,376210
ReforzarBrillo,ASM,32768,317492,317492
ReforzarBrillo,ASM,32768,367676,367676
ReforzarBrillo,ASM,32768,319634,319634
ReforzarBrillo,ASM,32768,318172,318172
ReforzarBrillo,ASM,32768,315690,315690
ReforzarBrillo,ASM,32768,470220,470220
ReforzarBrillo,ASM,32768,318886,318886
ReforzarBrillo,ASM,32768,318410,318410
ReforzarBrillo,ASM,32768,319124,319124
ReforzarBrillo,ASM,32768,317934,317934
ReforzarBrillo,ASM,32768,347004,347004
ReforzarBrillo,ASM,32768,318308,318308
ReforzarBrillo,ASM,32768,357272,357272
ReforzarBrillo,ASM,32768,316812,316812
ReforzarBrillo,ASM,32768,318614,318614
ReforzarBrillo,ASM,32768,381820,381820
ReforzarBrillo,ASM,32768,323442,323442
ReforzarBrillo,ASM,32768,367200,367200
ReforzarBrillo,ASM,32768,368458,368458
ReforzarBrillo,ASM,32768,367030,367030
ReforzarBrillo,ASM,32768,368730,368730
ReforzarBrillo,ASM,32768,366962,366962
ReforzarBrillo,ASM,32768,435880,435880
ReforzarBrillo,ASM,32768,424456,424456
ReforzarBrillo,ASM,32768,318682,318682
ReforzarBrillo,ASM,32768,319532,319532
ReforzarBrillo,ASM,32768,318750,318750
ReforzarBrillo,ASM,32768,318274,318274
ReforzarBrillo,ASM,32768,319940,319940
ReforzarBrillo,ASM,32768,317628,317628
ReforzarBrillo,ASM,32768,318716,318716
ReforzarBrillo,ASM,32768,351254,351254
ReforzarBrillo,ASM,32768,370668,370668
ReforzarBrillo,ASM,32768,407660,407660
ReforzarBrillo,ASM,32768,407082,407082
ReforzarBrillo,ASM,32768,316778,316778
ReforzarBrillo,ASM,32768,319566,319566
ReforzarBrillo,ASM,32768,318682,318682
ReforzarBrillo,ASM,32768,319464,319464
ReforzarBrillo,ASM,32768,316880,316880
ReforzarBrillo,ASM,32768,317458,317458
ReforzarBrillo,ASM,32768,317220,317220
ReforzarBrillo,ASM,32768,355878,355878
ReforzarBrillo,ASM,32768,366724,366724
ReforzarBrillo,ASM,32768,367540,367540
ReforzarBrillo,ASM,32768,368118,368118
ReforzarBrillo,ASM,32768,369274,369274
ReforzarBrillo,ASM,32768,367710,367710
ReforzarBrillo,ASM,32768,368016,368016
ReforzarBrillo,ASM,32768,318750,318750
ReforzarBrillo,ASM,32768,319022,319022
ReforzarBrillo,ASM,32768,317866,317866
ReforzarBrillo,ASM,32768,317934,317934
ReforzarBrillo,ASM,32768,317322,317322
ReforzarBrillo,ASM,32768,313378,313378
ReforzarBrillo,ASM,32768,317254,317254
ReforzarBrillo,ASM,32768,318206,318206
ReforzarBrillo,ASM,32768,318104,318104
ReforzarBrillo,ASM,32768,320212,320212
ReforzarBrillo,ASM,32768,319022,319022
ReforzarBrillo,ASM,32768,318818,318818
ReforzarBrillo,ASM,32768,341020,341020
ReforzarBrillo,ASM,32768,318920,318920
ReforzarBrillo,ASM,32768,318274,318274
ReforzarBrillo,ASM,32768,330514,330514
ReforzarBrillo,ASM,32768,315996,315996
ReforzarBrillo,ASM,32768,316268,316268
ReforzarBrillo,ASM,32768,318478,318478
ReforzarBrillo,ASM,32768,319294,319294
ReforzarBrillo,ASM,32768,316710,316710
ReforzarBrillo,ASM,32768,371824,371824
ReforzarBrillo,ASM,32768,318410,318410
ReforzarBrillo,ASM,32768,318750,318750
ReforzarBrillo,ASM,32768,387328,387328
ReforzarBrillo,ASM,32768,319634,319634
ReforzarBrillo,ASM,32768,318274,318274
ReforzarBrillo,ASM,32768,318002,318002
ReforzarBrillo,ASM,32768,367234,367234
ReforzarBrillo,ASM,32768,318988,318988
ReforzarBrillo,ASM,32768,318308,318308
ReforzarBrillo,ASM,32768,318138,318138
ReforzarBrillo,ASM,32768,393278,393278
ReforzarBrillo,ASM,32768,318920,318920
ReforzarBrillo,ASM,32768,370362,370362
ReforzarBrillo,ASM,32768,400996,400996
ReforzarBrillo,ASM,32768,366792,366792
ReforzarBrillo,ASM,32768,369070,369070
ReforzarBrillo,ASM,32768,367642,367642
ReforzarBrillo,ASM,32768,318478,318478
ReforzarBrillo,ASM,32768,317968,317968
ReforzarBrillo,ASM,32768,326366,326366
ReforzarBrillo,ASM,32768,437988,437988
ReforzarBrillo,ASM,32768,377298,377298
ReforzarBrillo,ASM,32768,367574,367574
ReforzarBrillo,ASM,32768,368050,368050
ReforzarBrillo,ASM,32768,415174,415174
ReforzarBrillo,ASM,32768,378284,378284
ReforzarBrillo,ASM,32768,367336,367336
ReforzarBrillo,ASM,32768,368526,368526
ReforzarBrillo,ASM,32768,368322,368322
ReforzarBrillo,ASM,32768,388008,388008
ReforzarBrillo,ASM,32768,368764,368764
ReforzarBrillo,ASM,32768,430168,430168
ReforzarBrillo,ASM,32768,419492,419492
ReforzarBrillo,ASM,32768,370158,370158
ReforzarBrillo,ASM,32768,377842,377842
ReforzarBrillo,ASM,32768,379202,379202
ReforzarBrillo,ASM,32768,396168,396168
ReforzarBrillo,ASM,32768,368118,368118
ReforzarBrillo,ASM,32768,366554,366554
ReforzarBrillo,ASM,32768,365534,365534
ReforzarBrillo,ASM,32768,317186,317186
ReforzarBrillo,ASM,32768,316200,316200
ReforzarBrillo,ASM,32768,423674,423674
ReforzarBrillo,ASM,32768,365976,365976
ReforzarBrillo,ASM,32768,317492,317492
ReforzarBrillo,ASM,32768,369308,369308
ReforzarBrillo,ASM,32768,385730,385730
ReforzarBrillo,ASM,32768,367574,367574
ReforzarBrillo,ASM,32768,317084,317084
ReforzarBrillo,ASM,32768,316268,316268
ReforzarBrillo,ASM,32768,398616,398616
ReforzarBrillo,ASM,32768,375938,375938
ReforzarBrillo,ASM,32768,374748,374748
ReforzarBrillo,ASM,32768,375530,375530
ReforzarBrillo,ASM,32768,372572,372572
ReforzarBrillo,ASM,32768,376040,376040
ReforzarBrillo,ASM,32768,386546,386546
ReforzarBrillo,ASM,32768,376618,376618
ReforzarBrillo,ASM,32768,375156,375156
ReforzarBrillo,ASM,32768,462672,462672
ReforzarBrillo,ASM,32768,375530,375530
ReforzarBrillo,ASM,32768,372844,372844
ReforzarBrillo,ASM,32768,467024,467024
ReforzarBrillo,ASM,32768,425340,425340
ReforzarBrillo,ASM,32768,375632,375632
ReforzarBrillo,ASM,32768,324020,324020
ReforzarBrillo,ASM,32768,322490,322490
ReforzarBrillo,ASM,32768,451962,451962
ReforzarBrillo,ASM,32768,391306,391306
ReforzarBrillo,ASM,32768,324564,324564
ReforzarBrillo,ASM,32768,378454,378454
ReforzarBrillo,ASM,32768,376142,376142
ReforzarBrillo,ASM,32768,374000,374000
ReforzarBrillo,ASM,32768,376142,376142
ReforzarBrillo,ASM,32768,323204,323204
ReforzarBrillo,ASM,32768,483888,483888
ReforzarBrillo,ASM,32768,457572,457572
ReforzarBrillo,ASM,32768,326774,326774
ReforzarBrillo,ASM,32768,324700,324700
ReforzarBrillo,ASM,32768,334730,334730
ReforzarBrillo,ASM,32768,324870,324870
ReforzarBrillo,ASM,32768,325108,325108
ReforzarBrillo,ASM,32768,374408,374408
ReforzarBrillo,ASM,32768,450806,450806
ReforzarBrillo,ASM,32768,430304,430304
ReforzarBrillo,ASM,32768,423776,423776
ReforzarBrillo,ASM,32768,377196,377196
ReforzarBrillo,ASM,32768,411434,411434
ReforzarBrillo,ASM,32768,471546,471546
ReforzarBrillo,ASM,32768,383656,383656
ReforzarBrillo,ASM,32768,379916,379916
ReforzarBrillo,ASM,32768,376550,376550
ReforzarBrillo,ASM,32768,323306,323306
ReforzarBrillo,ASM,32768,325244,325244
ReforzarBrillo,ASM,32768,319872,319872
ReforzarBrillo,ASM,32768,423334,423334
ReforzarBrillo,ASM,32768,321640,321640
ReforzarBrillo,ASM,32768,374068,374068
ReforzarBrillo,ASM,32768,437580,437580
ReforzarBrillo,ASM,32768,383078,383078
ReforzarBrillo,ASM,32768,415072,415072
ReforzarBrillo,ASM,32768,466786,466786
ReforzarBrillo,ASM,32768,327930,327930
ReforzarBrillo,ASM,32768,326366,326366
ReforzarBrillo,ASM,32768,324054,324054
ReforzarBrillo,ASM,32768,321334,321334
ReforzarBrillo,ASM,32768,375054,375054
ReforzarBrillo,ASM,32768,374782,374782
ReforzarBrillo,ASM,32768,385220,385220
ReforzarBrillo,ASM,32768,376618,376618
ReforzarBrillo,ASM,32768,374374,374374
ReforzarBrillo,ASM,32768,398446,398446
ReforzarBrillo,ASM,32768,376754,376754
ReforzarBrillo,ASM,32768,375122,375122
ReforzarBrillo,ASM,32768,445298,445298
ReforzarBrillo,ASM,32768,363766,363766
ReforzarBrillo,ASM,32768,323646,323646
ReforzarBrillo,ASM,32768,324428,324428
ReforzarBrillo,ASM,32768,368560,368560
ReforzarBrillo,ASM,32768,320892,320892
ReforzarBrillo,ASM,32768,323068,323068
ReforzarBrillo,ASM,32768,325108,325108
ReforzarBrillo,ASM,32768,378726,378726
ReforzarBrillo,ASM,32768,317968,317968
ReforzarBrillo,ASM,32768,319668,319668
ReforzarBrillo,ASM,32768,324462,324462
ReforzarBrillo,ASM,32768,323442,323442
ReforzarBrillo,ASM,32768,324462,324462
ReforzarBrillo,ASM,32768,324768,324768
ReforzarBrillo,ASM,32768,324904,324904
ReforzarBrillo,ASM,32768,323408,323408
ReforzarBrillo,ASM,32768,321028,321028
ReforzarBrillo,ASM,32768,324530,324530
ReforzarBrillo,ASM,32768,326570,326570
ReforzarBrillo,ASM,32768,325482,325482
ReforzarBrillo,ASM,32768,377332,377332
ReforzarBrillo,ASM,32768,396678,396678
ReforzarBrillo,ASM,32768,367880,367880
ReforzarBrillo,ASM,32768,477700,477700
ReforzarBrillo,ASM,32768,473790,473790
ReforzarBrillo,ASM,32768,388960,388960
ReforzarBrillo,ASM,32768,378284,378284
ReforzarBrillo,ASM,32768,341836,341836
ReforzarBrillo,ASM,32768,320212,320212
ReforzarBrillo,ASM,32768,322524,322524
ReforzarBrillo,ASM,32768,376108,376108
ReforzarBrillo,ASM,32768,373864,373864
ReforzarBrillo,ASM,32768,375224,375224
ReforzarBrillo,ASM,32768,374646,374646
ReforzarBrillo,ASM,32768,375666,375666
ReforzarBrillo,ASM,32768,375394,375394
ReforzarBrillo,ASM,32768,325924,325924
ReforzarBrillo,ASM,32768,323544,323544
ReforzarBrillo,ASM,32768,326060,326060
ReforzarBrillo,ASM,32768,378386,378386
ReforzarBrillo,ASM,32768,375904,375904
ReforzarBrillo,ASM,32768,374272,374272
ReforzarBrillo,ASM,120000,1294176,1294176
ReforzarBrillo,ASM,120000,1309918,1309918
ReforzarBrillo,ASM,120000,1308150,1308150
ReforzarBrillo,ASM,120000,1301418,1301418
ReforzarBrillo,ASM,120000,1278162,1278162
ReforzarBrillo,ASM,120000,1614422,1614422
ReforzarBrillo,ASM,120000,1469616,1469616
ReforzarBrillo,ASM,120000,1090278,1090278
ReforzarBrillo,ASM,120000,1256640,1256640
ReforzarBrillo,ASM,120000,1298018,1298018
ReforzarBrillo,ASM,120000,1625302,1625302
ReforzarBrillo,ASM,120000,2735028,2735028
ReforzarBrillo,ASM,120000,1073618,1073618
ReforzarBrillo,ASM,120000,1057774,1057774
ReforzarBrillo,ASM,120000,1075488,1075488
ReforzarBrillo,ASM,120000,1644410,1644410
ReforzarBrillo,ASM,120000,1075726,1075726
ReforzarBrillo,ASM,120000,1069266,1069266
ReforzarBrillo,ASM,120000,1092352,1092352
ReforzarBrillo,ASM,120000,1264732,1264732
ReforzarBrillo,ASM,120000,2574650,2574650
ReforzarBrillo,ASM,120000,1077766,1077766
ReforzarBrillo,ASM,120000,1059474,1059474
ReforzarBrillo,ASM,120000,1122884,1122884
ReforzarBrillo,ASM,120000,1076100,1076100
ReforzarBrillo,ASM,120000,2703884,2703884
ReforzarBrillo,ASM,120000,1055360,1055360
ReforzarBrillo,ASM,120000,1052232,1052232
ReforzarBrillo,ASM,120000,1118294,1118294
ReforzarBrillo,ASM,120000,1060290,1060290
ReforzarBrillo,ASM,120000,2216154,2216154
ReforzarBrillo,ASM,120000,1060120,1060120
ReforzarBrillo,ASM,120000,1056040,1056040
ReforzarBrillo,ASM,120000,1059984,1059984
ReforzarBrillo,ASM,120000,1067804,1067804
ReforzarBrillo,ASM,120000,1065832,1065832
ReforzarBrillo,ASM,120000,1261740,1261740
ReforzarBrillo,ASM,120000,1057944,1057944
ReforzarBrillo,ASM,120000,1290266,1290266
ReforzarBrillo,ASM,120000,1305668,1305668
ReforzarBrillo,ASM,120000,1281868,1281868
ReforzarBrillo,ASM,120000,1522418,1522418
ReforzarBrillo,ASM,120000,1263950,1263950
ReforzarBrillo,ASM,120000,1059950,1059950
ReforzarBrillo,ASM,120000,1282344,1282344
ReforzarBrillo,ASM,120000,1262046,1262046
ReforzarBrillo,ASM,120000,1283534,1283534
ReforzarBrillo,ASM,120000,1281324,1281324
ReforzarBrillo,ASM,120000,1277516,1277516
ReforzarBrillo,ASM,120000,1423274,1423274
ReforzarBrillo,ASM,120000,1093882,1093882
ReforzarBrillo,ASM,120000,1083104,1083104
ReforzarBrillo,ASM,120000,1169090,1169090
ReforzarBrillo,ASM,120000,1080928,1080928
ReforzarBrillo,ASM,120000,1074638,1074638
ReforzarBrillo,ASM,120000,1288090,1288090
ReforzarBrillo,ASM,120000,1079330,1079330
ReforzarBrillo,ASM,120000,1080486,1080486
ReforzarBrillo,ASM,120000,1061072,1061072
ReforzarBrillo,ASM,120000,1250146,1250146
ReforzarBrillo,ASM,120000,1070796,1070796
ReforzarBrillo,ASM,120000,1276394,1276394
ReforzarBrillo,ASM,120000,1359660,1359660
ReforzarBrillo,ASM,120000,1276258,1276258
ReforzarBrillo,ASM,120000,1358402,1358402
ReforzarBrillo,ASM,120000,1075420,1075420
ReforzarBrillo,ASM,120000,1071034,1071034
ReforzarBrillo,ASM,120000,1060970,1060970
ReforzarBrillo,ASM,120000,1072428,1072428
ReforzarBrillo,ASM,120000,1297678,1297678
ReforzarBrillo,ASM,120000,1071000,1071000
ReforzarBrillo,ASM,120000,1140394,1140394
ReforzarBrillo,ASM,120000,1059134,1059134
ReforzarBrillo,ASM,120000,1068722,1068722
ReforzarBrillo,ASM,120000,1059610,1059610
ReforzarBrillo,ASM,120000,1776806,1776806
ReforzarBrillo,ASM,120000,1069640,1069640
ReforzarBrillo,ASM,120000,1076066,1076066
ReforzarBrillo,ASM,120000,1066172,1066172
ReforzarBrillo,ASM,120000,1074536,1074536
ReforzarBrillo,ASM,120000,1356260,1356260
ReforzarBrillo,ASM,120000,1725568,1725568
ReforzarBrillo,ASM,120000,1079738,1079738
ReforzarBrillo,ASM,120000,1072190,1072190
ReforzarBrillo,ASM,120000,1073210,1073210
ReforzarBrillo,ASM,120000,1434222,1434222
ReforzarBrillo,ASM,120000,1071204,1071204
ReforzarBrillo,ASM,120000,1076066,1076066
ReforzarBrillo,ASM,120000,1061616,1061616
ReforzarBrillo,ASM,120000,1123190,1123190
ReforzarBrillo,ASM,120000,1082288,1082288
ReforzarBrillo,ASM,120000,1596334,1596334
ReforzarBrillo,ASM,120000,1061106,1061106
ReforzarBrillo,ASM,120000,1082016,1082016
ReforzarBrillo,ASM,120000,1072666,1072666
ReforzarBrillo,ASM,120000,1617754,1617754
ReforzarBrillo,ASM,120000,1077970,1077970
ReforzarBrillo,ASM,120000,1061820,1061820
ReforzarBrillo,ASM,120000,1067090,1067090
ReforzarBrillo,ASM,120000,1068416,1068416
ReforzarBrillo,ASM,120000,1069164,1069164
ReforzarBrillo,ASM,120000,1759568,1759568
ReforzarBrillo,ASM,120000,1264596,1264596
ReforzarBrillo,ASM,120000,1056686,1056686
ReforzarBrillo,ASM,120000,1056312,1056312
ReforzarBrillo,ASM,120000,1056176,1056176
ReforzarBrillo,ASM,120000,1061582,1061582
ReforzarBrillo,ASM,120000,2358580,2358580
ReforzarBrillo,ASM,120000,1218424,1218424
ReforzarBrillo,ASM,120000,1058692,1058692
ReforzarBrillo,ASM,120000,1045500,1045500
ReforzarBrillo,ASM,120000,1423478,1423478
ReforzarBrillo,ASM,120000,1060902,1060902
ReforzarBrillo,ASM,120000,1277448,1277448
ReforzarBrillo,ASM,120000,1262794,1262794
ReforzarBrillo,ASM,120000,1276632,1276632
ReforzarBrillo,ASM,120000,1310020,1310020
ReforzarBrillo,ASM,120000,1278298,1278298
ReforzarBrillo,ASM,120000,1278026,1278026
ReforzarBrillo,ASM,120000,1277108,1277108
ReforzarBrillo,ASM,120000,1053388,1053388
ReforzarBrillo,ASM,120000,1221518,1221518
ReforzarBrillo,ASM,120000,1275408,1275408
ReforzarBrillo,ASM,120000,1281358,1281358
ReforzarBrillo,ASM,120000,1170144,1170144
ReforzarBrillo,ASM,120000,1280576,1280576
ReforzarBrillo,ASM,120000,1445068,1445068
ReforzarBrillo,ASM,120000,1077664,1077664
ReforzarBrillo,ASM,120000,1073924,1073924
ReforzarBrillo,ASM,120000,1069674,1069674
ReforzarBrillo,ASM,120000,1276360,1276360
ReforzarBrillo,ASM,120000,1216520,1216520
ReforzarBrillo,ASM,120000,1072292,1072292
ReforzarBrillo,ASM,120000,1064472,1064472
ReforzarBrillo,ASM,120000,1283194,1283194
ReforzarBrillo,ASM,120000,1327530,1327530
ReforzarBrillo,ASM,120000,1383290,1383290
ReforzarBrillo,ASM,120000,1061276,1061276
ReforzarBrillo,ASM,120000,1071782,1071782
ReforzarBrillo,ASM,120000,1239674,1239674
ReforzarBrillo,ASM,120000,1080384,1080384
ReforzarBrillo,ASM,120000,1063826,1063826
ReforzarBrillo,ASM,120000,1076032,1076032
ReforzarBrillo,ASM,120000,1091604,1091604
ReforzarBrillo,ASM,120000,1060732,1060732
ReforzarBrillo,ASM,120000,1065356,1065356
ReforzarBrillo,ASM,120000,1070524,1070524
ReforzarBrillo,ASM,120000,1155388,1155388
ReforzarBrillo,ASM,120000,1277754,1277754
ReforzarBrillo,ASM,120000,1428374,1428374
ReforzarBrillo,ASM,120000,1296828,1296828
ReforzarBrillo,ASM,120000,1067770,1067770
ReforzarBrillo,ASM,120000,1500250,1500250
ReforzarBrillo,ASM,120000,1072190,1072190
ReforzarBrillo,ASM,120000,1073822,1073822
ReforzarBrillo,ASM,120000,1076576,1076576
ReforzarBrillo,ASM,120000,1059780,1059780
ReforzarBrillo,ASM,120000,1507526,1507526
ReforzarBrillo,ASM,120000,1187008,1187008
ReforzarBrillo,ASM,120000,1047234,1047234
ReforzarBrillo,ASM,120000,1164092,1164092
ReforzarBrillo,ASM,120000,1276632,1276632
ReforzarBrillo,ASM,120000,1266534,1266534
ReforzarBrillo,ASM,120000,1261332,1261332
ReforzarBrillo,ASM,120000,1265310,1265310
ReforzarBrillo,ASM,120000,1299616,1299616
ReforzarBrillo,ASM,120000,1136790,1136790
ReforzarBrillo,ASM,120000,1288158,1288158
ReforzarBrillo,ASM,120000,1276326,1276326
ReforzarBrillo,ASM,120000,1288498,1288498
ReforzarBrillo,ASM,120000,1427490,1427490
ReforzarBrillo,ASM,120000,1279794,1279794
ReforzarBrillo,ASM,120000,1610716,1610716
ReforzarBrillo,ASM,120000,1337322,1337322
ReforzarBrillo,ASM,120000,1262488,1262488
ReforzarBrillo,ASM,120000,1061412,1061412
ReforzarBrillo,ASM,120000,1265004,1265004
ReforzarBrillo,ASM,120000,1291456,1291456
ReforzarBrillo,ASM,120000,1268472,1268472
ReforzarBrillo,ASM,120000,1272654,1272654
ReforzarBrillo,ASM,120000,1551250,1551250
ReforzarBrillo,ASM,120000,1045228,1045228
ReforzarBrillo,ASM,120000,1262114,1262114
ReforzarBrillo,ASM,120000,1325898,1325898
ReforzarBrillo,ASM,120000,1280950,1280950
ReforzarBrillo,ASM,120000,1282174,1282174
ReforzarBrillo,ASM,120000,1292442,1292442
ReforzarBrillo,ASM,120000,1284146,1284146
ReforzarBrillo,ASM,120000,1068960,1068960
ReforzarBrillo,ASM,120000,1276666,1276666
ReforzarBrillo,ASM,120000,1368228,1368228
ReforzarBrillo,ASM,120000,1261808,1261808
ReforzarBrillo,ASM,120000,1474308,1474308
ReforzarBrillo,ASM,120000,1296182,1296182
ReforzarBrillo,ASM,120000,1265786,1265786
ReforzarBrillo,ASM,120000,1565598,1565598
ReforzarBrillo,ASM,120000,1063928,1063928
ReforzarBrillo,ASM,120000,1061820,1061820
ReforzarBrillo,ASM,120000,1358946,1358946
ReforzarBrillo,ASM,120000,1274864,1274864
ReforzarBrillo,ASM,120000,1277108,1277108
ReforzarBrillo,ASM,120000,1285608,1285608
ReforzarBrillo,ASM,120000,1261910,1261910
ReforzarBrillo,ASM,120000,1277142,1277142
ReforzarBrillo,ASM,120000,1263678,1263678
ReforzarBrillo,ASM,120000,1260482,1260482
ReforzarBrillo,ASM,120000,1276904,1276904
ReforzarBrillo,ASM,120000,1285812,1285812
ReforzarBrillo,ASM,120000,1313114,1313114
ReforzarBrillo,ASM,120000,1058760,1058760
ReforzarBrillo,ASM,120000,1504432,1504432
ReforzarBrillo,ASM,120000,1259700,1259700
ReforzarBrillo,ASM,120000,1067532,1067532
ReforzarBrillo,ASM,120000,1241170,1241170
ReforzarBrillo,ASM,120000,1265786,1265786
ReforzarBrillo,ASM,120000,1261706,1261706
ReforzarBrillo,ASM,120000,1268642,1268642
ReforzarBrillo,ASM,120000,1266126,1266126
ReforzarBrillo,ASM,120000,1264154,1264154
ReforzarBrillo,ASM,120000,1266126,1266126
ReforzarBrillo,ASM,120000,1298222,1298222
ReforzarBrillo,ASM,120000,1296080,1296080
ReforzarBrillo,ASM,120000,1056720,1056720
ReforzarBrillo,ASM,120000,1230800,1230800
ReforzarBrillo,ASM,120000,1282956,1282956
ReforzarBrillo,ASM,120000,1294278,1294278
ReforzarBrillo,ASM,120000,1212576,1212576
ReforzarBrillo,ASM,120000,1291524,1291524
ReforzarBrillo,ASM,120000,1280066,1280066
ReforzarBrillo,ASM,120000,1280440,1280440
ReforzarBrillo,ASM,120000,1306382,1306382
ReforzarBrillo,ASM,120000,1077222,1077222
ReforzarBrillo,ASM,120000,1081948,1081948
ReforzarBrillo,ASM,120000,1208258,1208258
ReforzarBrillo,ASM,120000,1080214,1080214
ReforzarBrillo,ASM,120000,1286084,1286084
ReforzarBrillo,ASM,120000,1113568,1113568
ReforzarBrillo,ASM,120000,1261502,1261502
ReforzarBrillo,ASM,120000,1507798,1507798
ReforzarBrillo,ASM,120000,1088306,1088306
ReforzarBrillo,ASM,120000,1274830,1274830
ReforzarBrillo,ASM,120000,1140428,1140428
ReforzarBrillo,ASM,120000,1069742,1069742
ReforzarBrillo,ASM,120000,1231956,1231956
ReforzarBrillo,ASM,120000,1129378,1129378
ReforzarBrillo,ASM,120000,1063112,1063112
ReforzarBrillo,ASM,120000,1046146,1046146
ReforzarBrillo,ASM,120000,1054068,1054068
ReforzarBrillo,ASM,120000,1068382,1068382
ReforzarBrillo,ASM,120000,1114350,1114350
ReforzarBrillo,ASM,120000,1054748,1054748
ReforzarBrillo,ASM,120000,1060936,1060936
ReforzarBrillo,ASM,120000,1058794,1058794
ReforzarBrillo,ASM,120000,1225564,1225564
ReforzarBrillo,ASM,120000,1112038,1112038
ReforzarBrillo,ASM,120000,1051450,1051450
ReforzarBrillo,ASM,120000,1586134,1586134
ReforzarBrillo,ASM,120000,1112786,1112786
ReforzarBrillo,ASM,120000,1043630,1043630
ReforzarBrillo,ASM,120000,1269186,1269186
ReforzarBrillo,ASM,120000,1095786,1095786
ReforzarBrillo,ASM,120000,1569236,1569236
ReforzarBrillo,ASM,120000,1267146,1267146
ReforzarBrillo,ASM,120000,1166166,1166166
ReforzarBrillo,ASM,120000,1056754,1056754
ReforzarBrillo,ASM,120000,1058250,1058250
ReforzarBrillo,ASM,120000,1590214,1590214
ReforzarBrillo,ASM,120000,1059168,1059168
ReforzarBrillo,ASM,120000,1057672,1057672
ReforzarBrillo,ASM,120000,1092658,1092658
ReforzarBrillo,ASM,120000,1059746,1059746
ReforzarBrillo,ASM,120000,1259224,1259224
ReforzarBrillo,ASM,120000,1058352,1058352
ReforzarBrillo,ASM,120000,1345788,1345788
ReforzarBrillo,ASM,120000,1180106,1180106
ReforzarBrillo,ASM,120000,1060222,1060222
ReforzarBrillo,ASM,120000,1325796,1325796
ReforzarBrillo,ASM,120000,1057094,1057094
ReforzarBrillo,ASM,120000,1059916,1059916
ReforzarBrillo,ASM,120000,1382882,1382882
ReforzarBrillo,ASM,120000,1061514,1061514
ReforzarBrillo,ASM,120000,1393558,1393558
ReforzarBrillo,ASM,120000,1335758,1335758
ReforzarBrillo,ASM,120000,1047132,1047132
ReforzarBrillo,ASM,120000,1283296,1283296
ReforzarBrillo,ASM,120000,1298154,1298154
ReforzarBrillo,ASM,120000,1075624,1075624
ReforzarBrillo,ASM,120000,1548122,1548122
ReforzarBrillo,ASM,120000,1069912,1069912
ReforzarBrillo,ASM,120000,1249534,1249534
ReforzarBrillo,ASM,120000,1078888,1078888
ReforzarBrillo,ASM,120000,1285540,1285540
ReforzarBrillo,ASM,120000,1656004,1656004
ReforzarBrillo,ASM,120000,1065628,1065628
ReforzarBrillo,ASM,120000,1304410,1304410
ReforzarBrillo,ASM,120000,1633632,1633632
ReforzarBrillo,ASM,120000,1086096,1086096
ReforzarBrillo,ASM,120000,1059100,1059100
ReforzarBrillo,ASM,120000,1521262,1521262
ReforzarBrillo,ASM,120000,1661274,1661274
ReforzarBrillo,ASM,131072,1468018,1468018
ReforzarBrillo,ASM,131072,1409334,1409334
ReforzarBrillo,ASM,131072,1325728,1325728
ReforzarBrillo,ASM,131072,1956700,1956700
ReforzarBrillo,ASM,131072,1327394,1327394
ReforzarBrillo,ASM,131072,1179460,1179460
ReforzarBrillo,ASM,131072,1342116,1342116
ReforzarBrillo,ASM,131072,1180616,1180616
ReforzarBrillo,ASM,131072,1642540,1642540
ReforzarBrillo,ASM,131072,1181364,1181364
ReforzarBrillo,ASM,131072,1253784,1253784
ReforzarBrillo,ASM,131072,1427558,1427558
ReforzarBrillo,ASM,131072,1106394,1106394
ReforzarBrillo,ASM,131072,1458600,1458600
ReforzarBrillo,ASM,131072,1552950,1552950
ReforzarBrillo,ASM,131072,1584094,1584094
ReforzarBrillo,ASM,131072,1475464,1475464
ReforzarBrillo,ASM,131072,1453432,1453432
ReforzarBrillo,ASM,131072,1733524,1733524
ReforzarBrillo,ASM,131072,1440784,1440784
ReforzarBrillo,ASM,131072,1429632,1429632
ReforzarBrillo,ASM,131072,1288158,1288158
ReforzarBrillo,ASM,131072,1356192,1356192
ReforzarBrillo,ASM,131072,1428102,1428102
ReforzarBrillo,ASM,131072,1220804,1220804
ReforzarBrillo,ASM,131072,1448944,1448944
ReforzarBrillo,ASM,131072,1113704,1113704
ReforzarBrillo,ASM,131072,1456798,1456798
ReforzarBrillo,ASM,131072,1097758,1097758
ReforzarBrillo,ASM,131072,1436670,1436670
ReforzarBrillo,ASM,131072,1100750,1100750
ReforzarBrillo,ASM,131072,1168886,1168886
ReforzarBrillo,ASM,131072,1197956,1197956
ReforzarBrillo,ASM,131072,1191020,1191020
ReforzarBrillo,ASM,131072,1099594,1099594
ReforzarBrillo,ASM,131072,1167254,1167254
ReforzarBrillo,ASM,131072,1106496,1106496
ReforzarBrillo,ASM,131072,1453636,1453636
ReforzarBrillo,ASM,131072,1110882,1110882
ReforzarBrillo,ASM,131072,1205946,1205946
ReforzarBrillo,ASM,131072,1365338,1365338
ReforzarBrillo,ASM,131072,1202274,1202274
ReforzarBrillo,ASM,131072,1125842,1125842
ReforzarBrillo,ASM,131072,1188130,1188130
ReforzarBrillo,ASM,131072,1103946,1103946
ReforzarBrillo,ASM,131072,1179324,1179324
ReforzarBrillo,ASM,131072,1107618,1107618
ReforzarBrillo,ASM,131072,1172694,1172694
ReforzarBrillo,ASM,131072,1101872,1101872
ReforzarBrillo,ASM,131072,1405356,1405356
ReforzarBrillo,ASM,131072,1103164,1103164
ReforzarBrillo,ASM,131072,1242122,1242122
ReforzarBrillo,ASM,131072,1694084,1694084
ReforzarBrillo,ASM,131072,1174428,1174428
ReforzarBrillo,ASM,131072,1340212,1340212
ReforzarBrillo,ASM,131072,1173952,1173952
ReforzarBrillo,ASM,131072,1191122,1191122
ReforzarBrillo,ASM,131072,1408994,1408994
ReforzarBrillo,ASM,131072,1085178,1085178
ReforzarBrillo,ASM,131072,1152294,1152294
ReforzarBrillo,ASM,131072,1087762,1087762
ReforzarBrillo,ASM,131072,1426402,1426402
ReforzarBrillo,ASM,131072,1341028,1341028
ReforzarBrillo,ASM,131072,1342660,1342660
ReforzarBrillo,ASM,131072,1102416,1102416
ReforzarBrillo,ASM,131072,1351160,1351160
ReforzarBrillo,ASM,131072,1094460,1094460
ReforzarBrillo,ASM,131072,1237804,1237804
ReforzarBrillo,ASM,131072,1107312,1107312
ReforzarBrillo,ASM,131072,1179698,1179698
ReforzarBrillo,ASM,131072,1114826,1114826
ReforzarBrillo,ASM,131072,1189014,1189014
ReforzarBrillo,ASM,131072,1729954,1729954
ReforzarBrillo,ASM,131072,1431400,1431400
ReforzarBrillo,ASM,131072,1100172,1100172
ReforzarBrillo,ASM,131072,1176706,1176706
ReforzarBrillo,ASM,131072,1370030,1370030
ReforzarBrillo,ASM,131072,1427014,1427014
ReforzarBrillo,ASM,131072,1357076,1357076
ReforzarBrillo,ASM,131072,1470908,1470908
ReforzarBrillo,ASM,131072,1341266,1341266
ReforzarBrillo,ASM,131072,1425110,1425110
ReforzarBrillo,ASM,131072,1355376,1355376
ReforzarBrillo,ASM,131072,1172422,1172422
ReforzarBrillo,ASM,131072,1350854,1350854
ReforzarBrillo,ASM,131072,1160250,1160250
ReforzarBrillo,ASM,131072,1347624,1347624
ReforzarBrillo,ASM,131072,1158550,1158550
ReforzarBrillo,ASM,131072,1337390,1337390
ReforzarBrillo,ASM,131072,1407872,1407872
ReforzarBrillo,ASM,131072,1098914,1098914
ReforzarBrillo,ASM,131072,1275238,1275238
ReforzarBrillo,ASM,131072,1246372,1246372
ReforzarBrillo,ASM,131072,1156238,1156238
ReforzarBrillo,ASM,131072,1122952,1122952
ReforzarBrillo,ASM,131072,1168274,1168274
ReforzarBrillo,ASM,131072,1285948,1285948
ReforzarBrillo,ASM,131072,1652774,1652774
ReforzarBrillo,ASM,131072,1098166,1098166
ReforzarBrillo,ASM,131072,1182452,1182452
ReforzarBrillo,ASM,131072,1188878,1188878
ReforzarBrillo,ASM,131072,1179426,1179426
ReforzarBrillo,ASM,131072,1113704,1113704
ReforzarBrillo,ASM,131072,1255076,1255076
ReforzarBrillo,ASM,131072,1110270,1110270
ReforzarBrillo,ASM,131072,1178576,1178576
ReforzarBrillo,ASM,131072,1111460,1111460
ReforzarBrillo,ASM,131072,1184798,1184798
ReforzarBrillo,ASM,131072,1118600,1118600
ReforzarBrillo,ASM,131072,1180276,1180276
ReforzarBrillo,ASM,131072,1102450,1102450
ReforzarBrillo,ASM,131072,1178882,1178882
ReforzarBrillo,ASM,131072,1309272,1309272
ReforzarBrillo,ASM,131072,1433270,1433270
ReforzarBrillo,ASM,131072,1339838,1339838
ReforzarBrillo,ASM,131072,1426436,1426436
ReforzarBrillo,ASM,131072,1339158,1339158
ReforzarBrillo,ASM,131072,1426130,1426130
ReforzarBrillo,ASM,131072,1365780,1365780
ReforzarBrillo,ASM,131072,1175142,1175142
ReforzarBrillo,ASM,131072,1549890,1549890
ReforzarBrillo,ASM,131072,1232772,1232772
ReforzarBrillo,ASM,131072,1354594,1354594
ReforzarBrillo,ASM,131072,1445816,1445816
ReforzarBrillo,ASM,131072,1322260,1322260
ReforzarBrillo,ASM,131072,1157564,1157564
ReforzarBrillo,ASM,131072,1082764,1082764
ReforzarBrillo,ASM,131072,1435004,1435004
ReforzarBrillo,ASM,131072,1350854,1350854
ReforzarBrillo,ASM,131072,1175958,1175958
ReforzarBrillo,ASM,131072,1094324,1094324
ReforzarBrillo,ASM,131072,1338478,1338478
ReforzarBrillo,ASM,131072,1352724,1352724
ReforzarBrillo,ASM,131072,1427966,1427966
ReforzarBrillo,ASM,131072,1351738,1351738
ReforzarBrillo,ASM,131072,1427286,1427286
ReforzarBrillo,ASM,131072,1323926,1323926
ReforzarBrillo,ASM,131072,1423954,1423954
ReforzarBrillo,ASM,131072,1341572,1341572
ReforzarBrillo,ASM,131072,1446156,1446156
ReforzarBrillo,ASM,131072,1667224,1667224
ReforzarBrillo,ASM,131072,1423648,1423648
ReforzarBrillo,ASM,131072,1341470,1341470
ReforzarBrillo,ASM,131072,1423070,1423070
ReforzarBrillo,ASM,131072,1342014,1342014
ReforzarBrillo,ASM,131072,1423784,1423784
ReforzarBrillo,ASM,131072,1376932,1376932
ReforzarBrillo,ASM,131072,1430176,1430176
ReforzarBrillo,ASM,131072,1364080,1364080
ReforzarBrillo,ASM,131072,1428306,1428306
ReforzarBrillo,ASM,131072,1258578,1258578
ReforzarBrillo,ASM,131072,1440920,1440920
ReforzarBrillo,ASM,131072,1342660,1342660
ReforzarBrillo,ASM,131072,1443368,1443368
ReforzarBrillo,ASM,131072,1343544,1343544
ReforzarBrillo,ASM,131072,1533196,1533196
ReforzarBrillo,ASM,131072,1348032,1348032
ReforzarBrillo,ASM,131072,1422730,1422730
ReforzarBrillo,ASM,131072,1340110,1340110
ReforzarBrillo,ASM,131072,1440444,1440444
ReforzarBrillo,ASM,131072,1095854,1095854
ReforzarBrillo,ASM,131072,1451630,1451630
ReforzarBrillo,ASM,131072,1352758,1352758
ReforzarBrillo,ASM,131072,1459382,1459382
ReforzarBrillo,ASM,131072,1356192,1356192
ReforzarBrillo,ASM,131072,1400936,1400936
ReforzarBrillo,ASM,131072,1355104,1355104
ReforzarBrillo,ASM,131072,1426980,1426980
ReforzarBrillo,ASM,131072,1419262,1419262
ReforzarBrillo,ASM,131072,1257286,1257286
ReforzarBrillo,ASM,131072,1571616,1571616
ReforzarBrillo,ASM,131072,1389852,1389852
ReforzarBrillo,ASM,131072,1126488,1126488
ReforzarBrillo,ASM,131072,1171504,1171504
ReforzarBrillo,ASM,131072,1340892,1340892
ReforzarBrillo,ASM,131072,1170688,1170688
ReforzarBrillo,ASM,131072,1097384,1097384
ReforzarBrillo,ASM,131072,1192720,1192720
ReforzarBrillo,ASM,131072,1161304,1161304
ReforzarBrillo,ASM,131072,1360578,1360578
ReforzarBrillo,ASM,131072,1131554,1131554
ReforzarBrillo,ASM,131072,1290198,1290198
ReforzarBrillo,ASM,131072,1340042,1340042
ReforzarBrillo,ASM,131072,1520038,1520038
ReforzarBrillo,ASM,131072,1345210,1345210
ReforzarBrillo,ASM,131072,1163650,1163650
ReforzarBrillo,ASM,131072,1283670,1283670
ReforzarBrillo,ASM,131072,1171470,1171470
ReforzarBrillo,ASM,131072,1300670,1300670
ReforzarBrillo,ASM,131072,1162052,1162052
ReforzarBrillo,ASM,131072,1104286,1104286
ReforzarBrillo,ASM,131072,1447686,1447686
ReforzarBrillo,ASM,131072,1336846,1336846
ReforzarBrillo,ASM,131072,1454214,1454214
ReforzarBrillo,ASM,131072,1315596,1315596
ReforzarBrillo,ASM,131072,1173408,1173408
ReforzarBrillo,ASM,131072,1294448,1294448
ReforzarBrillo,ASM,131072,1424634,1424634
ReforzarBrillo,ASM,131072,1154300,1154300
ReforzarBrillo,ASM,131072,1171776,1171776
ReforzarBrillo,ASM,131072,1373906,1373906
ReforzarBrillo,ASM,131072,1428748,1428748
ReforzarBrillo,ASM,131072,1212916,1212916
ReforzarBrillo,ASM,131072,1505860,1505860
ReforzarBrillo,ASM,131072,1334840,1334840
ReforzarBrillo,ASM,131072,1441498,1441498
ReforzarBrillo,ASM,131072,1341844,1341844
ReforzarBrillo,ASM,131072,1423104,1423104
ReforzarBrillo,ASM,131072,1099390,1099390
ReforzarBrillo,ASM,131072,1209312,1209312
ReforzarBrillo,ASM,131072,1102076,1102076
ReforzarBrillo,ASM,131072,1181432,1181432
ReforzarBrillo,ASM,131072,1109114,1109114
ReforzarBrillo,ASM,131072,1513408,1513408
ReforzarBrillo,ASM,131072,1342830,1342830
ReforzarBrillo,ASM,131072,1214990,1214990
ReforzarBrillo,ASM,131072,1087762,1087762
ReforzarBrillo,ASM,131072,1163276,1163276
ReforzarBrillo,ASM,131072,1610852,1610852
ReforzarBrillo,ASM,131072,1162664,1162664
ReforzarBrillo,ASM,131072,1097078,1097078
ReforzarBrillo,ASM,131072,1345516,1345516
ReforzarBrillo,ASM,131072,1338444,1338444
ReforzarBrillo,ASM,131072,1210230,1210230
ReforzarBrillo,ASM,131072,1335112,1335112
ReforzarBrillo,ASM,131072,1156068,1156068
ReforzarBrillo,ASM,131072,1181908,1181908
ReforzarBrillo,ASM,131072,1161712,1161712
ReforzarBrillo,ASM,131072,1268506,1268506
ReforzarBrillo,ASM,131072,1406478,1406478
ReforzarBrillo,ASM,131072,1098132,1098132
ReforzarBrillo,ASM,131072,1406614,1406614
ReforzarBrillo,ASM,131072,1213392,1213392
ReforzarBrillo,ASM,131072,1454622,1454622
ReforzarBrillo,ASM,131072,1156510,1156510
ReforzarBrillo,ASM,131072,1266024,1266024
ReforzarBrillo,ASM,131072,1358640,1358640
ReforzarBrillo,ASM,131072,1380298,1380298
ReforzarBrillo,ASM,131072,1349188,1349188
ReforzarBrillo,ASM,131072,1423274,1423274
ReforzarBrillo,ASM,131072,1104694,1104694
ReforzarBrillo,ASM,131072,1459348,1459348
ReforzarBrillo,ASM,131072,1100886,1100886
ReforzarBrillo,ASM,131072,1502630,1502630
ReforzarBrillo,ASM,131072,1357314,1357314
ReforzarBrillo,ASM,131072,1264154,1264154
ReforzarBrillo,ASM,131072,1199214,1199214
ReforzarBrillo,ASM,131072,1183608,1183608
ReforzarBrillo,ASM,131072,1650326,1650326
ReforzarBrillo,ASM,131072,1305770,1305770
ReforzarBrillo,ASM,131072,1110712,1110712
ReforzarBrillo,ASM,131072,1167628,1167628
ReforzarBrillo,ASM,131072,1097078,1097078
ReforzarBrillo,ASM,131072,1165928,1165928
ReforzarBrillo,ASM,131072,1088782,1088782
ReforzarBrillo,ASM,131072,1413176,1413176
ReforzarBrillo,ASM,131072,1116322,1116322
ReforzarBrillo,ASM,131072,1167458,1167458
ReforzarBrillo,ASM,131072,1181194,1181194
ReforzarBrillo,ASM,131072,1188980,1188980
ReforzarBrillo,ASM,131072,1107720,1107720
ReforzarBrillo,ASM,131072,1183030,1183030
ReforzarBrillo,ASM,131072,1363604,1363604
ReforzarBrillo,ASM,131072,1470670,1470670
ReforzarBrillo,ASM,131072,1343102,1343102
ReforzarBrillo,ASM,131072,1445476,1445476
ReforzarBrillo,ASM,131072,1349970,1349970
ReforzarBrillo,ASM,131072,1434630,1434630
ReforzarBrillo,ASM,131072,1344768,1344768
ReforzarBrillo,ASM,131072,1437962,1437962
ReforzarBrillo,ASM,131072,1341844,1341844
ReforzarBrillo,ASM,131072,1607180,1607180
ReforzarBrillo,ASM,131072,1358368,1358368
ReforzarBrillo,ASM,131072,1430074,1430074
ReforzarBrillo,ASM,131072,1341096,1341096
ReforzarBrillo,ASM,131072,1426878,1426878
ReforzarBrillo,ASM,131072,1095684,1095684
ReforzarBrillo,ASM,131072,1426130,1426130
ReforzarBrillo,ASM,131072,1077936,1077936
ReforzarBrillo,ASM,131072,1156170,1156170
ReforzarBrillo,ASM,131072,1102790,1102790
ReforzarBrillo,ASM,131072,1448978,1448978
ReforzarBrillo,ASM,131072,1100138,1100138
ReforzarBrillo,ASM,131072,1483182,1483182
ReforzarBrillo,ASM,131072,1356906,1356906
ReforzarBrillo,ASM,131072,1184356,1184356
ReforzarBrillo,ASM,131072,1099696,1099696
ReforzarBrillo,ASM,131072,1186668,1186668
ReforzarBrillo,ASM,131072,1116764,1116764
ReforzarBrillo,ASM,131072,1208564,1208564
ReforzarBrillo,ASM,131072,1354458,1354458
ReforzarBrillo,ASM,131072,1243516,1243516
ReforzarBrillo,ASM,131072,1349902,1349902
ReforzarBrillo,ASM,131072,1426674,1426674
ReforzarBrillo,ASM,131072,1188776,1188776
ReforzarBrillo,ASM,131072,1439934,1439934
ReforzarBrillo,ASM,131072,1110950,1110950
ReforzarBrillo,ASM,131072,1427116,1427116
ReforzarBrillo,ASM,131072,1342014,1342014
ReforzarBrillo,ASM,131072,1454146,1454146
ReforzarBrillo,ASM,480000,3736668,3736668
ReforzarBrillo,ASM,480000,4574326,4574326
ReforzarBrillo,ASM,480000,3678902,3678902
ReforzarBrillo,ASM,480000,5242562,5242562
ReforzarBrillo,ASM,480000,5476958,5476958
ReforzarBrillo,ASM,480000,3676556,3676556
ReforzarBrillo,ASM,480000,4816746,4816746
ReforzarBrillo,ASM,480000,3665642,3665642
ReforzarBrillo,ASM,480000,5407224,5407224
ReforzarBrillo,ASM,480000,3685430,3685430
ReforzarBrillo,ASM,480000,4624136,4624136
ReforzarBrillo,ASM,480000,3622802,3622802
ReforzarBrillo,ASM,480000,3622632,3622632
ReforzarBrillo,ASM,480000,4737254,4737254
ReforzarBrillo,ASM,480000,4794952,4794952
ReforzarBrillo,ASM,480000,4650214,4650214
ReforzarBrillo,ASM,480000,3924382,3924382
ReforzarBrillo,ASM,480000,4522986,4522986
ReforzarBrillo,ASM,480000,3691754,3691754
ReforzarBrillo,ASM,480000,3685396,3685396
ReforzarBrillo,ASM,480000,4743544,4743544
ReforzarBrillo,ASM,480000,4575686,4575686
ReforzarBrillo,ASM,480000,3653232,3653232
ReforzarBrillo,ASM,480000,4778258,4778258
ReforzarBrillo,ASM,480000,3628854,3628854
ReforzarBrillo,ASM,480000,3833568,3833568
ReforzarBrillo,ASM,480000,3721198,3721198
ReforzarBrillo,ASM,480000,3716132,3716132
ReforzarBrillo,ASM,480000,3680704,3680704
ReforzarBrillo,ASM,480000,3654490,3654490
ReforzarBrillo,ASM,480000,3941722,3941722
ReforzarBrillo,ASM,480000,3694270,3694270
ReforzarBrillo,ASM,480000,4503402,4503402
ReforzarBrillo,ASM,480000,4327554,4327554
ReforzarBrillo,ASM,480000,5248682,5248682
ReforzarBrillo,ASM,480000,3678086,3678086
ReforzarBrillo,ASM,480000,4748678,4748678
ReforzarBrillo,ASM,480000,4014108,4014108
ReforzarBrillo,ASM,480000,3981978,3981978
ReforzarBrillo,ASM,480000,4588062,4588062
ReforzarBrillo,ASM,480000,4647358,4647358
ReforzarBrillo,ASM,480000,4567832,4567832
ReforzarBrillo,ASM,480000,4959886,4959886
ReforzarBrillo,ASM,480000,4691354,4691354
ReforzarBrillo,ASM,480000,4661944,4661944
ReforzarBrillo,ASM,480000,5234402,5234402
ReforzarBrillo,ASM,480000,3677338,3677338
ReforzarBrillo,ASM,480000,3971540,3971540
ReforzarBrillo,ASM,480000,4109478,4109478
ReforzarBrillo,ASM,480000,3665030,3665030
ReforzarBrillo,ASM,480000,4189990,4189990
ReforzarBrillo,ASM,480000,3628140,3628140
ReforzarBrillo,ASM,480000,4733854,4733854
ReforzarBrillo,ASM,480000,3643780,3643780
ReforzarBrillo,ASM,480000,4821302,4821302
ReforzarBrillo,ASM,480000,3749758,3749758
ReforzarBrillo,ASM,480000,4456482,4456482
ReforzarBrillo,ASM,480000,4038044,4038044
ReforzarBrillo,ASM,480000,4298688,4298688
ReforzarBrillo,ASM,480000,3893374,3893374
ReforzarBrillo,ASM,480000,4208690,4208690
ReforzarBrillo,ASM,480000,4076022,4076022
ReforzarBrillo,ASM,480000,3956104,3956104
ReforzarBrillo,ASM,480000,3609712,3609712
ReforzarBrillo,ASM,480000,3948114,3948114
ReforzarBrillo,ASM,480000,4111484,4111484
ReforzarBrillo,ASM,480000,3832242,3832242
ReforzarBrillo,ASM,480000,4795190,4795190
ReforzarBrillo,ASM,480000,4148544,4148544
ReforzarBrillo,ASM,480000,3643882,3643882
ReforzarBrillo,ASM,480000,4587076,4587076
ReforzarBrillo,ASM,480000,4288454,4288454
ReforzarBrillo,ASM,480000,3806504,3806504
ReforzarBrillo,ASM,480000,4654974,4654974
ReforzarBrillo,ASM,480000,4622334,4622334
ReforzarBrillo,ASM,480000,3636708,3636708
ReforzarBrillo,ASM,480000,3630112,3630112
ReforzarBrillo,ASM,480000,3816534,3816534
ReforzarBrillo,ASM,480000,4657014,4657014
ReforzarBrillo,ASM,480000,4573816,4573816
ReforzarBrillo,ASM,480000,3624808,3624808
ReforzarBrillo,ASM,480000,4700568,4700568
ReforzarBrillo,ASM,480000,3902452,3902452
ReforzarBrillo,ASM,480000,4525842,4525842
ReforzarBrillo,ASM,480000,3708006,3708006
ReforzarBrillo,ASM,480000,3674210,3674210
ReforzarBrillo,ASM,480000,3796168,3796168
ReforzarBrillo,ASM,480000,3625318,3625318
ReforzarBrillo,ASM,480000,3674176,3674176
ReforzarBrillo,ASM,480000,3736566,3736566
ReforzarBrillo,ASM,480000,4687750,4687750
ReforzarBrillo,ASM,480000,4395520,4395520
ReforzarBrillo,ASM,480000,3598662,3598662
ReforzarBrillo,ASM,480000,3933256,3933256
ReforzarBrillo,ASM,480000,4690708,4690708
ReforzarBrillo,ASM,480000,4599758,4599758
ReforzarBrillo,ASM,480000,3684308,3684308
ReforzarBrillo,ASM,480000,3894428,3894428
ReforzarBrillo,ASM,480000,4187202,4187202
ReforzarBrillo,ASM,480000,3599342,3599342
ReforzarBrillo,ASM,480000,3637286,3637286
ReforzarBrillo,ASM,480000,4415240,4415240
ReforzarBrillo,ASM,480000,4218618,4218618
ReforzarBrillo,ASM,480000,3837274,3837274
ReforzarBrillo,ASM,480000,4728414,4728414
ReforzarBrillo,ASM,480000,3652892,3652892
ReforzarBrillo,ASM,480000,3671048,3671048
ReforzarBrillo,ASM,480000,4872098,4872098
ReforzarBrillo,ASM,480000,4904840,4904840
ReforzarBrillo,ASM,480000,3632492,3632492
ReforzarBrillo,ASM,480000,3670844,3670844
ReforzarBrillo,ASM,480000,4557972,4557972
ReforzarBrillo,ASM,480000,3767880,3767880
ReforzarBrillo,ASM,480000,4699990,4699990
ReforzarBrillo,ASM,480000,4256970,4256970
ReforzarBrillo,ASM,480000,3909524,3909524
ReforzarBrillo,ASM,480000,3715418,3715418
ReforzarBrillo,ASM,480000,3922512,3922512
ReforzarBrillo,ASM,480000,3722864,3722864
ReforzarBrillo,ASM,480000,4132564,4132564
ReforzarBrillo,ASM,480000,3626032,3626032
ReforzarBrillo,ASM,480000,4293180,4293180
ReforzarBrillo,ASM,480000,5006296,5006296
ReforzarBrillo,ASM,480000,5228690,5228690
ReforzarBrillo,ASM,480000,4434586,4434586
ReforzarBrillo,ASM,480000,4310860,4310860
ReforzarBrillo,ASM,480000,4662182,4662182
ReforzarBrillo,ASM,480000,4234190,4234190
ReforzarBrillo,ASM,480000,3666628,3666628
ReforzarBrillo,ASM,480000,3793924,3793924
ReforzarBrillo,ASM,480000,5347962,5347962
ReforzarBrillo,ASM,480000,3696174,3696174
ReforzarBrillo,ASM,480000,4133346,4133346
ReforzarBrillo,ASM,480000,4915108,4915108
ReforzarBrillo,ASM,480000,4695264,4695264
ReforzarBrillo,ASM,480000,4781998,4781998
ReforzarBrillo,ASM,480000,3843292,3843292
ReforzarBrillo,ASM,480000,3719736,3719736
ReforzarBrillo,ASM,480000,3611038,3611038
ReforzarBrillo,ASM,480000,3638748,3638748
ReforzarBrillo,ASM,480000,4628114,4628114
ReforzarBrillo,ASM,480000,3686416,3686416
ReforzarBrillo,ASM,480000,3941076,3941076
ReforzarBrillo,ASM,480000,3669960,3669960
ReforzarBrillo,ASM,480000,4604552,4604552
ReforzarBrillo,ASM,480000,4558924,4558924
ReforzarBrillo,ASM,480000,3636266,3636266
ReforzarBrillo,ASM,480000,3624094,3624094
ReforzarBrillo,ASM,480000,3624366,3624366
ReforzarBrillo,ASM,480000,4181626,4181626
ReforzarBrillo,ASM,480000,4325276,4325276
ReforzarBrillo,ASM,480000,3630180,3630180
ReforzarBrillo,ASM,480000,3854240,3854240
ReforzarBrillo,ASM,480000,4053752,4053752
ReforzarBrillo,ASM,480000,4624850,4624850
ReforzarBrillo,ASM,480000,3608386,3608386
ReforzarBrillo,ASM,480000,3657550,3657550
ReforzarBrillo,ASM,480000,4284272,4284272
ReforzarBrillo,ASM,480000,3635076,3635076
ReforzarBrillo,ASM,480000,4854486,4854486
ReforzarBrillo,ASM,480000,4750650,4750650
ReforzarBrillo,ASM,480000,4517852,4517852
ReforzarBrillo,ASM,480000,4257820,4257820
ReforzarBrillo,ASM,480000,3664486,3664486
ReforzarBrillo,ASM,480000,4630392,4630392
ReforzarBrillo,ASM,480000,3621952,3621952
ReforzarBrillo,ASM,480000,4225078,4225078
ReforzarBrillo,ASM,480000,4147796,4147796
ReforzarBrillo,ASM,480000,4687648,4687648
ReforzarBrillo,ASM,480000,4581296,4581296
ReforzarBrillo,ASM,480000,4734466,4734466
ReforzarBrillo,ASM,480000,4689688,4689688
ReforzarBrillo,ASM,480000,4734500,4734500
ReforzarBrillo,ASM,480000,4689246,4689246
ReforzarBrillo,ASM,480000,3702430,3702430
ReforzarBrillo,ASM,480000,3651294,3651294
ReforzarBrillo,ASM,480000,4652016,4652016
ReforzarBrillo,ASM,480000,4320652,4320652
ReforzarBrillo,ASM,480000,4532574,4532574
ReforzarBrillo,ASM,480000,4741946,4741946
ReforzarBrillo,ASM,480000,5629414,5629414
ReforzarBrillo,ASM,480000,4607850,4607850
ReforzarBrillo,ASM,480000,4654566,4654566
ReforzarBrillo,ASM,480000,4561610,4561610
ReforzarBrillo,ASM,480000,4727564,4727564
ReforzarBrillo,ASM,480000,6179840,6179840
ReforzarBrillo,ASM,480000,4654362,4654362
ReforzarBrillo,ASM,480000,4683466,4683466
ReforzarBrillo,ASM,480000,3942606,3942606
ReforzarBrillo,ASM,480000,3706442,3706442
ReforzarBrillo,ASM,480000,3617532,3617532
ReforzarBrillo,ASM,480000,3872804,3872804
ReforzarBrillo,ASM,480000,3650070,3650070
ReforzarBrillo,ASM,480000,4648752,4648752
ReforzarBrillo,ASM,480000,3719226,3719226
ReforzarBrillo,ASM,480000,4659598,4659598
ReforzarBrillo,ASM,480000,3894156,3894156
ReforzarBrillo,ASM,480000,4638994,4638994
ReforzarBrillo,ASM,480000,4628692,4628692
ReforzarBrillo,ASM,480000,9020404,9020404
ReforzarBrillo,ASM,480000,5162560,5162560
ReforzarBrillo,ASM,480000,3679038,3679038
ReforzarBrillo,ASM,480000,3712018,3712018
ReforzarBrillo,ASM,480000,3699880,3699880
ReforzarBrillo,ASM,480000,4624136,4624136
ReforzarBrillo,ASM,480000,6569650,6569650
ReforzarBrillo,ASM,480000,3622564,3622564
ReforzarBrillo,ASM,480000,3696854,3696854
ReforzarBrillo,ASM,480000,3637218,3637218
ReforzarBrillo,ASM,480000,4669798,4669798
ReforzarBrillo,ASM,480000,3676420,3676420
ReforzarBrillo,ASM,480000,8158470,8158470
ReforzarBrillo,ASM,480000,5035128,5035128
ReforzarBrillo,ASM,480000,3934956,3934956
ReforzarBrillo,ASM,480000,4954378,4954378
ReforzarBrillo,ASM,480000,4590918,4590918
ReforzarBrillo,ASM,480000,3964910,3964910
ReforzarBrillo,ASM,480000,8337888,8337888
ReforzarBrillo,ASM,480000,4174724,4174724
ReforzarBrillo,ASM,480000,4815862,4815862
ReforzarBrillo,ASM,480000,3635824,3635824
ReforzarBrillo,ASM,480000,4158472,4158472
ReforzarBrillo,ASM,480000,4540156,4540156
ReforzarBrillo,ASM,480000,3761794,3761794
ReforzarBrillo,ASM,480000,4718860,4718860
ReforzarBrillo,ASM,480000,3616138,3616138
ReforzarBrillo,ASM,480000,3630452,3630452
ReforzarBrillo,ASM,480000,3622734,3622734
ReforzarBrillo,ASM,480000,5841030,5841030
ReforzarBrillo,ASM,480000,5843172,5843172
ReforzarBrillo,ASM,480000,4304740,4304740
ReforzarBrillo,ASM,480000,3627426,3627426
ReforzarBrillo,ASM,480000,3630282,3630282
ReforzarBrillo,ASM,480000,3680704,3680704
ReforzarBrillo,ASM,480000,7342198,7342198
ReforzarBrillo,ASM,480000,4090438,4090438
ReforzarBrillo,ASM,480000,3681860,3681860
ReforzarBrillo,ASM,480000,4242656,4242656
ReforzarBrillo,ASM,480000,3639360,3639360
ReforzarBrillo,ASM,480000,3639530,3639530
ReforzarBrillo,ASM,480000,9743346,9743346
ReforzarBrillo,ASM,480000,5294344,5294344
ReforzarBrillo,ASM,480000,4121412,4121412
ReforzarBrillo,ASM,480000,4124200,4124200
ReforzarBrillo,ASM,480000,4154358,4154358
ReforzarBrillo,ASM,480000,3607298,3607298
ReforzarBrillo,ASM,480000,9413036,9413036
ReforzarBrillo,ASM,480000,3604272,3604272
ReforzarBrillo,ASM,480000,3776550,3776550
ReforzarBrillo,ASM,480000,4131782,4131782
ReforzarBrillo,ASM,480000,3633002,3633002
ReforzarBrillo,ASM,480000,4564840,4564840
ReforzarBrillo,ASM,480000,7109230,7109230
ReforzarBrillo,ASM,480000,4118896,4118896
ReforzarBrillo,ASM,480000,4055996,4055996
ReforzarBrillo,ASM,480000,3887322,3887322
ReforzarBrillo,ASM,480000,4682140,4682140
ReforzarBrillo,ASM,480000,4137290,4137290
ReforzarBrillo,ASM,480000,4037092,4037092
ReforzarBrillo,ASM,480000,4059940,4059940
ReforzarBrillo,ASM,480000,4116618,4116618
ReforzarBrillo,ASM,480000,4143206,4143206
ReforzarBrillo,ASM,480000,4202196,4202196
ReforzarBrillo,ASM,480000,3628106,3628106
ReforzarBrillo,ASM,480000,3667954,3667954
ReforzarBrillo,ASM,480000,5649440,5649440
ReforzarBrillo,ASM,480000,3684682,3684682
ReforzarBrillo,ASM,480000,5100714,5100714
ReforzarBrillo,ASM,480000,4623422,4623422
ReforzarBrillo,ASM,480000,3669756,3669756
ReforzarBrillo,ASM,480000,4357236,4357236
ReforzarBrillo,ASM,480000,4020364,4020364
ReforzarBrillo,ASM,480000,4574258,4574258
ReforzarBrillo,ASM,480000,3669484,3669484
ReforzarBrillo,ASM,480000,4307562,4307562
ReforzarBrillo,ASM,480000,3691142,3691142
ReforzarBrillo,ASM,480000,4432886,4432886
ReforzarBrillo,ASM,480000,4686934,4686934
ReforzarBrillo,ASM,480000,3984222,3984222
ReforzarBrillo,ASM,480000,4685914,4685914
ReforzarBrillo,ASM,480000,3622632,3622632
ReforzarBrillo,ASM,480000,4596392,4596392
ReforzarBrillo,ASM,480000,3816432,3816432
ReforzarBrillo,ASM,480000,4686594,4686594
ReforzarBrillo,ASM,480000,3625896,3625896
ReforzarBrillo,ASM,480000,4232388,4232388
ReforzarBrillo,ASM,480000,3666254,3666254
ReforzarBrillo,ASM,480000,3742040,3742040
ReforzarBrillo,ASM,480000,3662956,3662956
ReforzarBrillo,ASM,480000,3624570,3624570
ReforzarBrillo,ASM,480000,5827056,5827056
ReforzarBrillo,ASM,480000,4342344,4342344
ReforzarBrillo,ASM,480000,4458862,4458862
ReforzarBrillo,ASM,480000,4358902,4358902
ReforzarBrillo,ASM,480000,4200156,4200156
ReforzarBrillo,ASM,480000,4914496,4914496
ReforzarBrillo,ASM,480000,3928122,3928122
ReforzarBrillo,ASM,480000,3674346,3674346
ReforzarBrillo,ASM,480000,4715664,4715664
ReforzarBrillo,ASM,480000,3701274,3701274
ReforzarBrillo,ASM,1920000,17117164,17117164
ReforzarBrillo,ASM,1920000,16153978,16153978
ReforzarBrillo,ASM,1920000,15623306,15623306
ReforzarBrillo,ASM,1920000,14564410,14564410
ReforzarBrillo,ASM,1920000,13555426,13555426
ReforzarBrillo,ASM,1920000,14999678,14999678
ReforzarBrillo,ASM,1920000,13967268,13967268
ReforzarBrillo,ASM,1920000,18509124,18509124
ReforzarBrillo,ASM,1920000,16665610,16665610
ReforzarBrillo,ASM,1920000,13611016,13611016
ReforzarBrillo,ASM,1920000,16473850,16473850
ReforzarBrillo,ASM,1920000,14779358,14779358
ReforzarBrillo,ASM,1920000,16281240,16281240
ReforzarBrillo,ASM,1920000,14449966,14449966
ReforzarBrillo,ASM,1920000,13092176,13092176
ReforzarBrillo,ASM,1920000,14499334,14499334
ReforzarBrillo,ASM,1920000,13609656,13609656
ReforzarBrillo,ASM,1920000,14618266,14618266
ReforzarBrillo,ASM,1920000,17918442,17918442
ReforzarBrillo,ASM,1920000,15980816,15980816
ReforzarBrillo,ASM,1920000,14387814,14387814
ReforzarBrillo,ASM,1920000,14702348,14702348
ReforzarBrillo,ASM,1920000,14142470,14142470
ReforzarBrillo,ASM,1920000,14885710,14885710
ReforzarBrillo,ASM,1920000,16405646,16405646
ReforzarBrillo,ASM,1920000,16321836,16321836
ReforzarBrillo,ASM,1920000,15736628,15736628
ReforzarBrillo,ASM,1920000,17247282,17247282
ReforzarBrillo,ASM,1920000,13158578,13158578
ReforzarBrillo,ASM,1920000,13983350,13983350
ReforzarBrillo,ASM,1920000,14364762,14364762
ReforzarBrillo,ASM,1920000,15672776,15672776
ReforzarBrillo,ASM,1920000,15351102,15351102
ReforzarBrillo,ASM,1920000,15406964,15406964
ReforzarBrillo,ASM,1920000,13374784,13374784
ReforzarBrillo,ASM,1920000,15986086,15986086
ReforzarBrillo,ASM,1920000,21275670,21275670
ReforzarBrillo,ASM,1920000,21555252,21555252
ReforzarBrillo,ASM,1920000,21023662,21023662
ReforzarBrillo,ASM,1920000,13618088,13618088
ReforzarBrillo,ASM,1920000,13028528,13028528
ReforzarBrillo,ASM,1920000,14851064,14851064
ReforzarBrillo,ASM,1920000,15316184,15316184
ReforzarBrillo,ASM,1920000,16344888,16344888
ReforzarBrillo,ASM,1920000,15264028,15264028
ReforzarBrillo,ASM,1920000,17122230,17122230
ReforzarBrillo,ASM,1920000,17235552,17235552
ReforzarBrillo,ASM,1920000,15578732,15578732
ReforzarBrillo,ASM,1920000,14795508,14795508
ReforzarBrillo,ASM,1920000,18411136,18411136
ReforzarBrillo,ASM,1920000,16516010,16516010
ReforzarBrillo,ASM,1920000,19416924,19416924
ReforzarBrillo,ASM,1920000,15074988,15074988
ReforzarBrillo,ASM,1920000,15541978,15541978
ReforzarBrillo,ASM,1920000,15428316,15428316
ReforzarBrillo,ASM,1920000,16844756,16844756
ReforzarBrillo,ASM,1920000,13114446,13114446
ReforzarBrillo,ASM,1920000,13824026,13824026
ReforzarBrillo,ASM,1920000,13087484,13087484
ReforzarBrillo,ASM,1920000,17162316,17162316
ReforzarBrillo,ASM,1920000,16873316,16873316
ReforzarBrillo,ASM,1920000,17331160,17331160
ReforzarBrillo,ASM,1920000,17200056,17200056
ReforzarBrillo,ASM,1920000,15706436,15706436
ReforzarBrillo,ASM,1920000,12878758,12878758
ReforzarBrillo,ASM,1920000,21873254,21873254
ReforzarBrillo,ASM,1920000,13579328,13579328
ReforzarBrillo,ASM,1920000,14812372,14812372
ReforzarBrillo,ASM,1920000,13027780,13027780
ReforzarBrillo,ASM,1920000,13706658,13706658
ReforzarBrillo,ASM,1920000,14483048,14483048
ReforzarBrillo,ASM,1920000,15408324,15408324
ReforzarBrillo,ASM,1920000,15243764,15243764
ReforzarBrillo,ASM,1920000,15377214,15377214
ReforzarBrillo,ASM,1920000,16089004,16089004
ReforzarBrillo,ASM,1920000,17349656,17349656
ReforzarBrillo,ASM,1920000,17241842,17241842
ReforzarBrillo,ASM,1920000,16657654,16657654
ReforzarBrillo,ASM,1920000,14884554,14884554
ReforzarBrillo,ASM,1920000,14636422,14636422
ReforzarBrillo,ASM,1920000,13466006,13466006
ReforzarBrillo,ASM,1920000,14524630,14524630
ReforzarBrillo,ASM,1920000,14732880,14732880
ReforzarBrillo,ASM,1920000,16158670,16158670
ReforzarBrillo,ASM,1920000,17781864,17781864
ReforzarBrillo,ASM,1920000,14596234,14596234
ReforzarBrillo,ASM,1920000,13796112,13796112
ReforzarBrillo,ASM,1920000,13590752,13590752
ReforzarBrillo,ASM,1920000,13340512,13340512
ReforzarBrillo,ASM,1920000,14277178,14277178
ReforzarBrillo,ASM,1920000,13527104,13527104
ReforzarBrillo,ASM,1920000,16841186,16841186
ReforzarBrillo,ASM,1920000,16127356,16127356
ReforzarBrillo,ASM,1920000,17041072,17041072
ReforzarBrillo,ASM,1920000,13510308,13510308
ReforzarBrillo,ASM,1920000,14974178,14974178
ReforzarBrillo,ASM,1920000,14672564,14672564
ReforzarBrillo,ASM,1920000,14970506,14970506
ReforzarBrillo,ASM,1920000,15864162,15864162
ReforzarBrillo,ASM,1920000,16547154,16547154
ReforzarBrillo,ASM,1920000,14320596,14320596
ReforzarBrillo,ASM,1920000,14781806,14781806
ReforzarBrillo,ASM,1920000,13232732,13232732
ReforzarBrillo,ASM,1920000,13595818,13595818
ReforzarBrillo,ASM,1920000,13490214,13490214
ReforzarBrillo,ASM,1920000,16568608,16568608
ReforzarBrillo,ASM,1920000,17523566,17523566
ReforzarBrillo,ASM,1920000,17205768,17205768
ReforzarBrillo,ASM,1920000,15340800,15340800
ReforzarBrillo,ASM,1920000,14241682,14241682
ReforzarBrillo,ASM,1920000,14133970,14133970
ReforzarBrillo,ASM,1920000,15963952,15963952
ReforzarBrillo,ASM,1920000,14638122,14638122
ReforzarBrillo,ASM,1920000,14628296,14628296
ReforzarBrillo,ASM,1920000,13955504,13955504
ReforzarBrillo,ASM,1920000,14564614,14564614
ReforzarBrillo,ASM,1920000,15268108,15268108
ReforzarBrillo,ASM,1920000,17751808,17751808
ReforzarBrillo,ASM,1920000,13257552,13257552
ReforzarBrillo,ASM,1920000,15169950,15169950
ReforzarBrillo,ASM,1920000,15656422,15656422
ReforzarBrillo,ASM,1920000,16476468,16476468
ReforzarBrillo,ASM,1920000,13539378,13539378
ReforzarBrillo,ASM,1920000,14988730,14988730
ReforzarBrillo,ASM,1920000,14794216,14794216
ReforzarBrillo,ASM,1920000,13876148,13876148
ReforzarBrillo,ASM,1920000,14389514,14389514
ReforzarBrillo,ASM,1920000,15800718,15800718
ReforzarBrillo,ASM,1920000,13956082,13956082
ReforzarBrillo,ASM,1920000,14585456,14585456
ReforzarBrillo,ASM,1920000,15017596,15017596
ReforzarBrillo,ASM,1920000,14456154,14456154
ReforzarBrillo,ASM,1920000,14671850,14671850
ReforzarBrillo,ASM,1920000,15902990,15902990
ReforzarBrillo,ASM,1920000,13415176,13415176
ReforzarBrillo,ASM,1920000,15478228,15478228
ReforzarBrillo,ASM,1920000,13557330,13557330
ReforzarBrillo,ASM,1920000,16014272,16014272
ReforzarBrillo,ASM,1920000,13691630,13691630
ReforzarBrillo,ASM,1920000,13892672,13892672
ReforzarBrillo,ASM,1920000,14177286,14177286
ReforzarBrillo,ASM,1920000,14681914,14681914
ReforzarBrillo,ASM,1920000,15661760,15661760
ReforzarBrillo,ASM,1920000,18638630,18638630
ReforzarBrillo,ASM,1920000,14510520,14510520
ReforzarBrillo,ASM,1920000,17523260,17523260
ReforzarBrillo,ASM,1920000,14805572,14805572
ReforzarBrillo,ASM,1920000,15802418,15802418
ReforzarBrillo,ASM,1920000,16003766,16003766
ReforzarBrillo,ASM,1920000,17587860,17587860
ReforzarBrillo,ASM,1920000,14890844,14890844
ReforzarBrillo,ASM,1920000,18324334,18324334
ReforzarBrillo,ASM,1920000,16903882,16903882
ReforzarBrillo,ASM,1920000,15737002,15737002
ReforzarBrillo,ASM,1920000,19453372,19453372
ReforzarBrillo,ASM,1920000,17129472,17129472
ReforzarBrillo,ASM,1920000,14795168,14795168
ReforzarBrillo,ASM,1920000,16043206,16043206
ReforzarBrillo,ASM,1920000,13749498,13749498
ReforzarBrillo,ASM,1920000,15427670,15427670
ReforzarBrillo,ASM,1920000,14414130,14414130
ReforzarBrillo,ASM,1920000,14616702,14616702
ReforzarBrillo,ASM,1920000,17253300,17253300
ReforzarBrillo,ASM,1920000,15854030,15854030
ReforzarBrillo,ASM,1920000,14838688,14838688
ReforzarBrillo,ASM,1920000,18066920,18066920
ReforzarBrillo,ASM,1920000,13295904,13295904
ReforzarBrillo,ASM,1920000,13805428,13805428
ReforzarBrillo,ASM,1920000,15855288,15855288
ReforzarBrillo,ASM,1920000,14991280,14991280
ReforzarBrillo,ASM,1920000,15466090,15466090
ReforzarBrillo,ASM,1920000,18761302,18761302
ReforzarBrillo,ASM,1920000,22436940,22436940
ReforzarBrillo,ASM,1920000,16584146,16584146
ReforzarBrillo,ASM,1920000,12997690,12997690
ReforzarBrillo,ASM,1920000,13946698,13946698
ReforzarBrillo,ASM,1920000,14024116,14024116
ReforzarBrillo,ASM,1920000,14807136,14807136
ReforzarBrillo,ASM,1920000,15515220,15515220
ReforzarBrillo,ASM,1920000,16140582,16140582
ReforzarBrillo,ASM,1920000,15889424,15889424
ReforzarBrillo,ASM,1920000,15796128,15796128
ReforzarBrillo,ASM,1920000,16029334,16029334
ReforzarBrillo,ASM,1920000,13749838,13749838
ReforzarBrillo,ASM,1920000,12991366,12991366
ReforzarBrillo,ASM,1920000,17765102,17765102
ReforzarBrillo,ASM,1920000,17167178,17167178
ReforzarBrillo,ASM,1920000,13854218,13854218
ReforzarBrillo,ASM,1920000,13106626,13106626
ReforzarBrillo,ASM,1920000,14094224,14094224
ReforzarBrillo,ASM,1920000,14518748,14518748
ReforzarBrillo,ASM,1920000,15381498,15381498
ReforzarBrillo,ASM,1920000,13324498,13324498
ReforzarBrillo,ASM,1920000,19772632,19772632
ReforzarBrillo,ASM,1920000,13688264,13688264
ReforzarBrillo,ASM,1920000,15193478,15193478
ReforzarBrillo,ASM,1920000,14593344,14593344
ReforzarBrillo,ASM,1920000,15101746,15101746
ReforzarBrillo,ASM,1920000,15071928,15071928
ReforzarBrillo,ASM,1920000,16912348,16912348
ReforzarBrillo,ASM,1920000,18813526,18813526
ReforzarBrillo,ASM,1920000,14266808,14266808
ReforzarBrillo,ASM,1920000,13807944,13807944
ReforzarBrillo,ASM,1920000,15247742,15247742
ReforzarBrillo,ASM,1920000,17109446,17109446
ReforzarBrillo,ASM,1920000,15587606,15587606
ReforzarBrillo,ASM,1920000,15758660,15758660
ReforzarBrillo,ASM,1920000,15849712,15849712
ReforzarBrillo,ASM,1920000,14653252,14653252
ReforzarBrillo,ASM,1920000,16632256,16632256
ReforzarBrillo,ASM,1920000,17540634,17540634
ReforzarBrillo,ASM,1920000,16577074,16577074
ReforzarBrillo,ASM,1920000,15287726,15287726
ReforzarBrillo,ASM,1920000,14751376,14751376
ReforzarBrillo,ASM,1920000,13683878,13683878
ReforzarBrillo,ASM,1920000,15970888,15970888
ReforzarBrillo,ASM,1920000,15618308,15618308
ReforzarBrillo,ASM,1920000,13769864,13769864
ReforzarBrillo,ASM,1920000,15129218,15129218
ReforzarBrillo,ASM,1920000,14541460,14541460
ReforzarBrillo,ASM,1920000,14035540,14035540
ReforzarBrillo,ASM,1920000,17707506,17707506
ReforzarBrillo,ASM,1920000,13627812,13627812
ReforzarBrillo,ASM,1920000,17402866,17402866
ReforzarBrillo,ASM,1920000,14094394,14094394
ReforzarBrillo,ASM,1920000,15324106,15324106
ReforzarBrillo,ASM,1920000,17487220,17487220
ReforzarBrillo,ASM,1920000,18625710,18625710
ReforzarBrillo,ASM,1920000,17870842,17870842
ReforzarBrillo,ASM,1920000,15856716,15856716
ReforzarBrillo,ASM,1920000,13194142,13194142
ReforzarBrillo,ASM,1920000,18320492,18320492
ReforzarBrillo,ASM,1920000,13697002,13697002
ReforzarBrillo,ASM,1920000,15605660,15605660
ReforzarBrillo,ASM,1920000,15208914,15208914
ReforzarBrillo,ASM,1920000,15092226,15092226
ReforzarBrillo,ASM,1920000,14478152,14478152
ReforzarBrillo,ASM,1920000,14936506,14936506
ReforzarBrillo,ASM,1920000,15212178,15212178
ReforzarBrillo,ASM,1920000,13739502,13739502
ReforzarBrillo,ASM,1920000,14169704,14169704
ReforzarBrillo,ASM,1920000,14554176,14554176
ReforzarBrillo,ASM,1920000,13826882,13826882
ReforzarBrillo,ASM,1920000,15709666,15709666
ReforzarBrillo,ASM,1920000,14952622,14952622
ReforzarBrillo,ASM,1920000,16984156,16984156
ReforzarBrillo,ASM,1920000,15855696,15855696
ReforzarBrillo,ASM,1920000,16261656,16261656
ReforzarBrillo,ASM,1920000,16364608,16364608
ReforzarBrillo,ASM,1920000,20107328,20107328
ReforzarBrillo,ASM,1920000,15462452,15462452
ReforzarBrillo,ASM,1920000,15327506,15327506
ReforzarBrillo,ASM,1920000,14303256,14303256
ReforzarBrillo,ASM,1920000,14117956,14117956
ReforzarBrillo,ASM,1920000,13331978,13331978
ReforzarBrillo,ASM,1920000,16204672,16204672
ReforzarBrillo,ASM,1920000,14413552,14413552
ReforzarBrillo,ASM,1920000,14160660,14160660
ReforzarBrillo,ASM,1920000,13451556,13451556
ReforzarBrillo,ASM,1920000,14435414,14435414
ReforzarBrillo,ASM,1920000,15125036,15125036
ReforzarBrillo,ASM,1920000,14895366,14895366
ReforzarBrillo,ASM,1920000,13150214,13150214
ReforzarBrillo,ASM,1920000,13637468,13637468
ReforzarBrillo,ASM,1920000,14710542,14710542
ReforzarBrillo,ASM,1920000,16870222,16870222
ReforzarBrillo,ASM,1920000,14708536,14708536
ReforzarBrillo,ASM,1920000,16171760,16171760
ReforzarBrillo,ASM,1920000,13155926,13155926
ReforzarBrillo,ASM,1920000,13727398,13727398
ReforzarBrillo,ASM,1920000,14898800,14898800
ReforzarBrillo,ASM,1920000,15075260,15075260
ReforzarBrillo,ASM,1920000,13165514,13165514
ReforzarBrillo,ASM,1920000,15248524,15248524
ReforzarBrillo,ASM,1920000,13966418,13966418
ReforzarBrillo,ASM,1920000,13824672,13824672
ReforzarBrillo,ASM,1920000,13077216,13077216
ReforzarBrillo,ASM,1920000,17074868,17074868
ReforzarBrillo,ASM,1920000,13299270,13299270
ReforzarBrillo,ASM,1920000,16149422,16149422
ReforzarBrillo,ASM,1920000,14624624,14624624
ReforzarBrillo,ASM,1920000,13678982,13678982
ReforzarBrillo,ASM,1920000,12899838,12899838
ReforzarBrillo,ASM,1920000,13778976,13778976
ReforzarBrillo,ASM,1920000,15247640,15247640
ReforzarBrillo,ASM,1920000,16603220,16603220
ReforzarBrillo,ASM,1920000,13711724,13711724
ReforzarBrillo,ASM,1920000,16208140,16208140
ReforzarBrillo,ASM,1920000,16300790,16300790
ReforzarBrillo,ASM,1920000,16684752,16684752
ReforzarBrillo,ASM,1920000,14463056,14463056
ReforzarBrillo,ASM,1920000,16022194,16022194
ReforzarBrillo,ASM,1920000,14907640,14907640
ReforzarBrillo,ASM,1920000,14938546,14938546
ReforzarBrillo,ASM,1920000,16986740,16986740
ReforzarBrillo,ASM,1920000,13979066,13979066
ReforzarBrillo,ASM,1920000,15124424,15124424
ReforzarBrillo,ASM,1920000,17523430,17523430
ReforzarBrillo,ASM,1920000,14195442,14195442
ReforzarBrillo,ASM,1920000,16736670,16736670
